WKT,Name,OBJECTID,UKATEGORIE,UTYP1,UART,UMONAT,USTUNDE,UWOCHENTAG,STRZUSTAND,ULICHTVERH,ISTRAD,ISTPKW,ISTFUSS,ISTKRAD,ISTGKFZ,ISTSONSTIG
"POINT (7.216968807000058 51.485556453000072)",Unfall 95937 (2019) Kat:3, Licht: 2,95937,3,7,6,01,02,3,1,2,0,1,1,0,0,0
"POINT (7.194538331000047 51.446931628000073)",Unfall 96017 (2019) Kat:3, Licht: 0,96017,3,6,2,01,11,4,1,0,0,1,0,0,0,0
"POINT (7.131553068000073 51.464403388000051)",Unfall 96019 (2019) Kat:3, Licht: 1,96019,3,6,2,01,17,4,0,1,0,1,0,0,0,0
"POINT (7.145064437000031 51.471852678000062)",Unfall 96050 (2019) Kat:3, Licht: 0,96050,3,3,5,01,09,1,1,0,0,1,0,0,0,0
"POINT (7.221508718000052 51.487201506000076)",Unfall 96121 (2019) Kat:3, Licht: 2,96121,3,1,9,01,06,7,1,2,0,1,0,0,0,0
"POINT (7.226628376000065 51.446821782000029)",Unfall 96200 (2019) Kat:3, Licht: 2,96200,3,2,6,01,18,6,1,2,0,1,1,0,0,0
"POINT (7.134836276000044 51.484862464000059)",Unfall 96201 (2019) Kat:3, Licht: 2,96201,3,2,6,01,17,6,1,2,0,1,1,0,0,0
"POINT (7.335754537000071 51.459391084000060)",Unfall 96281 (2019) Kat:3, Licht: 2,96281,3,1,0,01,18,5,1,2,0,0,0,1,0,0
"POINT (7.190155443000037 51.506298717000050)",Unfall 96339 (2019) Kat:3, Licht: 0,96339,3,7,0,01,15,4,0,0,1,0,0,0,0,0
"POINT (7.220725474000062 51.460853683000039)",Unfall 96340 (2019) Kat:3, Licht: 0,96340,3,1,0,01,11,4,1,0,0,0,0,1,0,0
"POINT (7.276214483000047 51.491393515000027)",Unfall 96350 (2019) Kat:3, Licht: 2,96350,3,6,2,01,17,4,0,2,0,1,0,0,0,0
"POINT (7.198312152000028 51.496571422000045)",Unfall 96351 (2019) Kat:3, Licht: 0,96351,3,6,2,01,13,4,1,0,0,1,0,0,0,0
"POINT (7.260613826000054 51.447450760000038)",Unfall 96440 (2019) Kat:3, Licht: 1,96440,3,6,2,01,16,3,1,1,0,1,0,0,0,0
"POINT (7.226814486000023 51.446218936000037)",Unfall 96557 (2019) Kat:3, Licht: 2,96557,3,6,3,01,07,2,1,2,0,1,0,0,1,0
"POINT (7.274644450000039 51.499258669000028)",Unfall 96720 (2019) Kat:3, Licht: 2,96720,3,4,6,01,17,6,1,2,0,1,1,0,0,0
"POINT (7.145067623000045 51.471892881000031)",Unfall 96806 (2019) Kat:3, Licht: 2,96806,3,2,5,01,07,5,0,2,0,1,0,0,0,0
"POINT (7.179724455000041 51.454874146000066)",Unfall 96807 (2019) Kat:3, Licht: 2,96807,3,1,8,01,07,5,0,2,0,1,0,0,0,0
"POINT (7.223882778000075 51.458382777000054)",Unfall 96908 (2019) Kat:3, Licht: 0,96908,3,6,3,01,08,3,0,0,0,1,0,0,0,0
"POINT (7.210306037000066 51.480849383000077)",Unfall 97003 (2019) Kat:3, Licht: 0,97003,3,3,5,01,11,2,1,0,0,1,0,0,0,0
"POINT (7.163448004000031 51.478232752000054)",Unfall 97161 (2019) Kat:3, Licht: 0,97161,3,6,2,01,12,3,0,0,0,1,0,0,1,0
"POINT (7.138526587000058 51.483342718000074)",Unfall 97202 (2019) Kat:3, Licht: 2,97202,3,3,5,01,07,6,2,2,0,1,0,0,0,0
"POINT (7.325594781000063 51.458032767000077)",Unfall 97260 (2019) Kat:3, Licht: 2,97260,3,2,2,01,17,5,1,2,0,1,0,0,0,0
"POINT (7.226833634000059 51.445893594000040)",Unfall 97261 (2019) Kat:3, Licht: 0,97261,3,6,2,01,09,5,1,0,0,1,0,1,0,0
"POINT (7.211615180000024 51.514909065000040)",Unfall 97262 (2019) Kat:3, Licht: 2,97262,3,6,2,01,17,5,1,2,0,1,0,0,0,0
"POINT (7.278229055000054 51.485250490000055)",Unfall 97437 (2019) Kat:3, Licht: 0,97437,3,6,2,01,11,6,0,0,0,1,0,0,0,0
"POINT (7.255775836000055 51.493771277000064)",Unfall 97667 (2019) Kat:3, Licht: 2,97667,3,6,2,01,17,7,0,2,0,1,0,0,0,1
"POINT (7.237936220000051 51.457961398000066)",Unfall 97668 (2019) Kat:3, Licht: 0,97668,3,1,9,01,11,7,0,0,0,1,0,0,0,0
"POINT (7.185050515000057 51.491553558000078)",Unfall 97675 (2019) Kat:3, Licht: 0,97675,3,6,2,01,12,7,0,0,0,1,0,0,0,0
"POINT (7.144005720000052 51.481820707000054)",Unfall 97799 (2019) Kat:2, Licht: 2,97799,2,4,6,01,17,3,0,2,0,1,1,0,0,0
"POINT (7.247308166000039 51.454100478000043)",Unfall 97991 (2019) Kat:3, Licht: 1,97991,3,2,5,01,17,1,1,1,0,1,0,0,0,0
"POINT (7.134975567000026 51.486280989000079)",Unfall 98061 (2019) Kat:3, Licht: 0,98061,3,7,5,01,09,4,1,0,0,1,0,0,0,0
"POINT (7.266752059000055 51.472464309000031)",Unfall 98091 (2019) Kat:3, Licht: 2,98091,3,2,6,01,19,7,1,2,0,1,1,0,0,0
"POINT (7.197534182000027 51.458375262000061)",Unfall 98092 (2019) Kat:3, Licht: 0,98092,3,2,6,01,14,7,0,0,0,1,1,0,0,0
"POINT (7.260806113000058 51.505288370000073)",Unfall 98533 (2019) Kat:3, Licht: 0,98533,3,4,6,01,08,5,1,0,0,1,1,0,0,0
"POINT (7.291163848000053 51.497329928000056)",Unfall 98605 (2019) Kat:3, Licht: 0,98605,3,1,8,01,16,2,1,0,0,1,0,0,0,0
"POINT (7.266448655000033 51.472401062000074)",Unfall 98684 (2019) Kat:3, Licht: 2,98684,3,2,5,02,19,5,0,2,0,1,0,0,0,0
"POINT (7.188978501000065 51.496160357000065)",Unfall 98704 (2019) Kat:2, Licht: 0,98704,2,6,1,02,13,2,0,0,0,1,0,0,0,0
"POINT (7.184735889000024 51.492241453000076)",Unfall 98705 (2019) Kat:3, Licht: 0,98705,3,6,5,02,14,5,0,0,0,1,0,0,0,0
"POINT (7.188910157000066 51.498149086000069)",Unfall 98706 (2019) Kat:3, Licht: 0,98706,3,6,2,02,14,2,0,0,0,1,0,0,0,0
"POINT (7.217188206000060 51.485379334000072)",Unfall 98709 (2019) Kat:3, Licht: 0,98709,3,6,2,02,09,2,0,0,0,1,0,0,0,0
"POINT (7.300536906000048 51.496500706000063)",Unfall 98798 (2019) Kat:3, Licht: 2,98798,3,1,9,02,19,1,0,2,0,1,0,0,0,0
"POINT (7.143548135000060 51.427216623000049)",Unfall 98886 (2019) Kat:3, Licht: 2,98886,3,1,0,02,06,4,0,2,1,0,0,0,0,0
"POINT (7.254311795000035 51.472258838000073)",Unfall 98887 (2019) Kat:3, Licht: 0,98887,3,2,6,02,14,4,0,0,0,1,1,0,0,0
"POINT (7.210493972000052 51.512435430000039)",Unfall 98903 (2019) Kat:3, Licht: 2,98903,3,2,6,02,19,7,1,2,0,1,1,0,0,0
"POINT (7.224025190000020 51.476118931000030)",Unfall 99065 (2019) Kat:3, Licht: 0,99065,3,6,2,02,13,3,0,0,0,1,0,0,0,0
"POINT (7.166021595000075 51.486371621000046)",Unfall 99078 (2019) Kat:3, Licht: 0,99078,3,6,2,02,14,6,0,0,0,1,0,0,0,0
"POINT (7.142539244000034 51.481705818000080)",Unfall 99100 (2019) Kat:3, Licht: 0,99100,3,2,5,02,12,1,1,0,0,1,0,0,0,0
"POINT (7.239144193000072 51.490118355000050)",Unfall 99101 (2019) Kat:3, Licht: 2,99101,3,4,6,02,18,1,1,2,0,1,1,0,0,0
"POINT (7.145220522000045 51.460996687000033)",Unfall 99223 (2019) Kat:3, Licht: 2,99223,3,3,5,02,19,7,1,2,0,1,0,0,0,0
"POINT (7.195372586000076 51.492279690000032)",Unfall 99226 (2019) Kat:3, Licht: 2,99226,3,6,2,02,18,7,0,2,0,1,0,0,0,0
"POINT (7.185136729000021 51.491110935000052)",Unfall 99238 (2019) Kat:3, Licht: 0,99238,3,6,1,02,12,7,0,0,0,1,0,0,0,0
"POINT (7.129851701000064 51.472965434000059)",Unfall 99329 (2019) Kat:3, Licht: 0,99329,3,6,0,02,15,3,0,0,0,1,0,0,1,0
"POINT (7.278229055000054 51.485250490000055)",Unfall 99347 (2019) Kat:3, Licht: 2,99347,3,6,2,02,18,3,0,2,0,1,0,0,0,0
"POINT (7.335918099000025 51.459119068000064)",Unfall 99486 (2019) Kat:3, Licht: 0,99486,3,2,2,02,09,2,1,0,0,1,0,0,0,0
"POINT (7.225535523000076 51.455119732000071)",Unfall 99489 (2019) Kat:3, Licht: 0,99489,3,6,3,02,16,2,0,0,0,1,0,0,0,1
"POINT (7.246100863000038 51.492214690000026)",Unfall 99490 (2019) Kat:3, Licht: 0,99490,3,6,2,02,16,2,0,0,0,1,0,0,0,0
"POINT (7.277879812000037 51.452828198000077)",Unfall 99617 (2019) Kat:3, Licht: 0,99617,3,6,3,02,11,2,0,0,0,1,0,0,0,0
"POINT (7.314617219000070 51.470469872000081)",Unfall 99619 (2019) Kat:2, Licht: 0,99619,2,3,5,02,09,2,0,0,1,1,0,0,0,0
"POINT (7.319719485000064 51.473568918000069)",Unfall 99620 (2019) Kat:2, Licht: 2,99620,2,1,0,02,20,2,0,2,1,0,0,0,0,0
"POINT (7.141330836000066 51.453660715000069)",Unfall 99624 (2019) Kat:3, Licht: 0,99624,3,6,2,02,13,2,0,0,0,1,0,0,0,0
"POINT (7.191507977000072 51.461798665000060)",Unfall 99625 (2019) Kat:3, Licht: 0,99625,3,2,2,02,13,2,0,0,0,1,0,0,0,0
"POINT (7.213094983000076 51.441002106000042)",Unfall 99735 (2019) Kat:3, Licht: 0,99735,3,5,0,02,14,6,0,0,0,1,0,0,0,1
"POINT (7.129907864000074 51.472749879000048)",Unfall 99737 (2019) Kat:3, Licht: 0,99737,3,6,2,02,16,6,0,0,0,1,0,0,0,0
"POINT (7.139110299000038 51.489662230000079)",Unfall 99738 (2019) Kat:3, Licht: 0,99738,3,3,5,02,10,6,0,0,0,1,0,0,0,0
"POINT (7.323293975000070 51.475687600000072)",Unfall 99819 (2019) Kat:3, Licht: 0,99819,3,1,0,02,12,1,0,0,1,0,0,0,0,0
"POINT (7.192495618000066 51.452395828000078)",Unfall 99822 (2019) Kat:3, Licht: 0,99822,3,6,2,02,15,1,0,0,0,1,0,0,0,0
"POINT (7.191245833000039 51.476496587000042)",Unfall 99964 (2019) Kat:3, Licht: 0,99964,3,5,3,02,15,5,0,0,1,1,0,0,0,0
"POINT (7.202372785000023 51.490577849000033)",Unfall 99965 (2019) Kat:3, Licht: 0,99965,3,6,2,02,17,5,0,0,0,1,0,0,0,1
"POINT (7.213407443000051 51.491047510000044)",Unfall 99968 (2019) Kat:2, Licht: 0,99968,2,5,3,02,14,5,0,0,1,1,0,0,0,0
"POINT (7.283639237000045 51.473216364000052)",Unfall 99978 (2019) Kat:3, Licht: 0,99978,3,6,2,02,16,5,0,0,0,1,0,0,0,0
"POINT (7.279644150000024 51.522408689000031)",Unfall 100249 (2019) Kat:3, Licht: 2,100249,3,4,6,02,20,3,0,2,0,1,1,0,0,0
"POINT (7.165553300000056 51.486398083000040)",Unfall 100250 (2019) Kat:3, Licht: 2,100250,3,4,6,02,06,3,0,2,0,1,1,0,0,0
"POINT (7.212387482000054 51.505718182000066)",Unfall 100251 (2019) Kat:2, Licht: 0,100251,2,2,5,02,11,3,1,0,1,1,0,0,0,0
"POINT (7.230112669000050 51.449398912000049)",Unfall 100306 (2019) Kat:3, Licht: 0,100306,3,3,5,02,15,5,0,0,0,1,0,1,0,0
"POINT (7.247372875000053 51.471932959000071)",Unfall 100307 (2019) Kat:3, Licht: 0,100307,3,6,0,02,10,5,0,0,0,0,1,0,0,1
"POINT (7.262663967000037 51.463077882000050)",Unfall 100429 (2019) Kat:3, Licht: 0,100429,3,2,2,02,15,7,0,0,0,1,0,0,0,0
"POINT (7.233986465000044 51.488323186000059)",Unfall 100522 (2019) Kat:3, Licht: 2,100522,3,6,1,02,19,6,0,2,0,1,0,0,0,1
"POINT (7.184969730000034 51.491999597000074)",Unfall 100535 (2019) Kat:3, Licht: 0,100535,3,6,2,02,12,6,0,0,0,1,0,0,0,0
"POINT (7.192980331000058 51.451007095000080)",Unfall 100569 (2019) Kat:3, Licht: 0,100569,3,2,5,02,18,1,0,0,1,1,0,0,0,0
"POINT (7.193877502000021 51.448422500000049)",Unfall 100576 (2019) Kat:3, Licht: 1,100576,3,1,0,02,18,1,0,1,1,0,0,0,0,0
"POINT (7.216400927000052 51.473316325000042)",Unfall 100592 (2019) Kat:3, Licht: 0,100592,3,1,0,02,16,1,0,0,1,0,0,0,0,0
"POINT (7.239357837000057 51.430069037000067)",Unfall 100656 (2019) Kat:3, Licht: 0,100656,3,6,8,02,17,4,0,0,1,1,0,0,0,0
"POINT (7.234087069000054 51.488209774000040)",Unfall 100718 (2019) Kat:3, Licht: 0,100718,3,2,5,02,07,3,0,0,0,1,0,0,0,0
"POINT (7.240910550000024 51.495070598000041)",Unfall 100743 (2019) Kat:2, Licht: 2,100743,2,1,8,02,00,3,0,2,0,1,0,0,0,0
"POINT (7.129927254000052 51.472663695000051)",Unfall 100858 (2019) Kat:3, Licht: 0,100858,3,6,2,02,07,4,0,0,0,1,0,0,0,0
"POINT (7.262278963000028 51.495367571000031)",Unfall 100881 (2019) Kat:3, Licht: 0,100881,3,6,2,02,17,2,0,0,0,1,0,0,0,0
"POINT (7.263834143000054 51.471146132000058)",Unfall 100888 (2019) Kat:3, Licht: 0,100888,3,4,6,02,07,2,0,0,0,1,1,0,0,0
"POINT (6.220128594000073 51.382966908000071)",Unfall 100912 (2019) Kat:3, Licht: 2,100912,3,6,3,02,19,2,0,2,0,1,0,0,0,0
"POINT (7.235451306000073 51.494253774000072)",Unfall 101028 (2019) Kat:2, Licht: 2,101028,2,1,9,03,05,1,1,2,0,1,0,0,0,0
"POINT (7.253136930000039 51.472294454000064)",Unfall 101045 (2019) Kat:3, Licht: 0,101045,3,7,0,03,09,6,0,0,0,1,0,0,0,0
"POINT (7.232666604000031 51.494960360000050)",Unfall 101068 (2019) Kat:3, Licht: 1,101068,3,6,2,03,17,6,1,1,0,1,0,0,0,0
"POINT (7.137916091000022 51.474133459000029)",Unfall 101069 (2019) Kat:3, Licht: 2,101069,3,1,0,03,06,6,1,2,0,1,0,1,0,0
"POINT (7.147417254000061 51.495546429000058)",Unfall 101197 (2019) Kat:3, Licht: 2,101197,3,4,6,02,19,5,0,2,0,1,1,0,0,0
"POINT (7.249345158000040 51.462699743000030)",Unfall 101198 (2019) Kat:3, Licht: 0,101198,3,1,9,02,06,5,0,0,0,1,0,0,0,0
"POINT (7.212682557000051 51.481569722000074)",Unfall 101200 (2019) Kat:3, Licht: 2,101200,3,4,6,02,20,5,0,2,0,1,1,0,0,0
"POINT (7.143556091000050 51.477400679000027)",Unfall 101252 (2019) Kat:3, Licht: 0,101252,3,4,6,03,09,7,0,0,0,1,1,0,0,0
"POINT (7.260065263000058 51.515352108000059)",Unfall 101377 (2019) Kat:3, Licht: 0,101377,3,6,2,03,07,5,1,0,0,1,0,0,0,1
"POINT (7.194218965000061 51.443917085000066)",Unfall 101378 (2019) Kat:3, Licht: 2,101378,3,6,2,03,18,5,1,2,0,1,0,0,0,0
"POINT (7.212335702000075 51.471182420000048)",Unfall 101381 (2019) Kat:3, Licht: 0,101381,3,6,1,03,10,5,1,0,0,1,0,0,1,0
"POINT (7.155860310000037 51.501915927000027)",Unfall 101498 (2019) Kat:3, Licht: 0,101498,3,2,2,03,16,6,0,0,0,1,0,0,0,1
"POINT (7.269982798000058 51.514566778000074)",Unfall 101499 (2019) Kat:3, Licht: 0,101499,3,6,2,03,14,6,0,0,0,1,0,0,0,0
"POINT (7.213559287000066 51.441212508000035)",Unfall 101630 (2019) Kat:3, Licht: 0,101630,3,3,5,03,15,3,0,0,1,1,0,0,0,0
"POINT (7.211378548000027 51.514376420000076)",Unfall 101631 (2019) Kat:3, Licht: 0,101631,3,6,2,03,10,3,1,0,0,1,0,0,0,0
"POINT (7.231538457000056 51.432013568000059)",Unfall 101828 (2019) Kat:3, Licht: 0,101828,3,6,2,03,08,2,1,0,0,1,0,0,0,0
"POINT (7.256903906000048 51.503488744000038)",Unfall 101926 (2019) Kat:3, Licht: 0,101926,3,7,9,03,14,1,1,0,0,1,0,0,0,0
"POINT (7.254086942000072 51.472269603000029)",Unfall 101959 (2019) Kat:3, Licht: 0,101959,3,2,6,03,15,3,0,0,0,1,1,0,0,0
"POINT (7.226266436000060 51.472019620000026)",Unfall 101963 (2019) Kat:3, Licht: 0,101963,3,3,5,03,08,3,0,0,1,1,0,0,0,0
"POINT (7.218141214000070 51.443457125000066)",Unfall 102041 (2019) Kat:3, Licht: 0,102041,3,5,1,03,15,4,1,0,0,1,0,0,0,1
"POINT (7.246785187000057 51.516769356000054)",Unfall 102042 (2019) Kat:3, Licht: 2,102042,3,1,1,03,01,7,1,2,0,1,0,0,0,0
"POINT (7.228469587000063 51.447155629000065)",Unfall 102213 (2019) Kat:3, Licht: 0,102213,3,6,3,03,10,6,1,0,0,1,0,0,0,0
"POINT (7.313907833000030 51.472091945000045)",Unfall 102283 (2019) Kat:3, Licht: 0,102283,3,4,6,03,12,5,1,0,0,1,1,0,0,0
"POINT (7.237415169000030 51.458592219000082)",Unfall 102287 (2019) Kat:3, Licht: 0,102287,3,6,2,03,08,5,1,0,0,1,0,0,0,0
"POINT (7.314754213000072 51.496144658000048)",Unfall 102314 (2019) Kat:3, Licht: 0,102314,3,6,2,03,09,5,1,0,0,1,0,0,0,1
"POINT (7.181214460000035 51.439064691000056)",Unfall 102360 (2019) Kat:3, Licht: 0,102360,3,6,4,03,07,2,1,0,0,1,0,1,0,0
"POINT (7.162361797000074 51.477716825000073)",Unfall 102376 (2019) Kat:3, Licht: 0,102376,3,6,2,03,07,2,1,0,0,1,0,0,0,0
"POINT (7.314732397000057 51.496144802000060)",Unfall 102379 (2019) Kat:3, Licht: 2,102379,3,1,8,03,00,2,1,2,0,1,0,0,0,0
"POINT (7.262508225000033 51.463126774000045)",Unfall 102448 (2019) Kat:3, Licht: 2,102448,3,6,2,03,19,7,0,2,0,1,0,0,0,0
"POINT (7.192946889000041 51.451102509000066)",Unfall 102458 (2019) Kat:3, Licht: 0,102458,3,3,5,03,16,1,1,0,1,1,0,0,0,0
"POINT (7.250167872000077 51.493301475000067)",Unfall 102459 (2019) Kat:3, Licht: 0,102459,3,4,6,03,16,1,1,0,0,0,1,0,0,1
"POINT (7.264397437000071 51.508140550000064)",Unfall 102576 (2019) Kat:3, Licht: 0,102576,3,6,2,03,14,5,0,0,0,1,0,0,0,0
"POINT (7.212206679000076 51.497253117000071)",Unfall 102577 (2019) Kat:2, Licht: 0,102577,2,3,5,03,14,5,0,0,1,1,0,0,0,0
"POINT (7.234480221000069 51.475858199000072)",Unfall 102578 (2019) Kat:3, Licht: 0,102578,3,6,3,03,07,5,0,0,0,1,0,0,0,1
"POINT (7.226727954000069 51.497612453000045)",Unfall 102724 (2019) Kat:3, Licht: 0,102724,3,6,2,03,16,4,0,0,0,1,0,0,0,0
"POINT (7.153451280000070 51.478978072000075)",Unfall 102752 (2019) Kat:3, Licht: 0,102752,3,3,1,03,08,6,0,0,0,1,0,1,0,0
"POINT (7.226991377000047 51.446591431000058)",Unfall 102757 (2019) Kat:3, Licht: 0,102757,3,6,2,03,13,6,0,0,0,1,0,0,0,1
"POINT (7.189087324000070 51.502126344000033)",Unfall 103155 (2019) Kat:3, Licht: 0,103155,3,6,2,03,15,2,1,0,0,1,0,0,0,0
"POINT (7.206033194000042 51.489747206000061)",Unfall 103157 (2019) Kat:3, Licht: 1,103157,3,5,3,03,18,2,1,1,0,1,0,0,0,1
"POINT (7.250838416000022 51.494708864000074)",Unfall 103181 (2019) Kat:3, Licht: 0,103181,3,6,2,03,18,5,0,0,0,1,0,0,0,0
"POINT (7.240201344000070 51.495067187000075)",Unfall 103187 (2019) Kat:3, Licht: 0,103187,3,6,2,03,00,2,1,0,0,1,0,1,0,0
"POINT (7.206962984000029 51.489540287000068)",Unfall 103341 (2019) Kat:3, Licht: 0,103341,3,2,5,03,14,4,0,0,1,1,0,0,0,0
"POINT (7.193259853000029 51.479927492000058)",Unfall 103343 (2019) Kat:3, Licht: 0,103343,3,2,5,03,12,4,0,0,1,1,0,0,0,0
"POINT (7.218877796000072 51.478629662000060)",Unfall 103408 (2019) Kat:3, Licht: 2,103408,3,2,4,03,20,7,0,2,0,1,0,0,0,0
"POINT (7.262553733000061 51.463110249000067)",Unfall 103492 (2019) Kat:3, Licht: 0,103492,3,6,2,03,18,3,0,0,0,1,0,0,0,0
"POINT (7.262553733000061 51.463110249000067)",Unfall 103493 (2019) Kat:3, Licht: 0,103493,3,6,2,03,18,3,0,0,0,1,0,0,0,0
"POINT (7.211557015000039 51.514780518000066)",Unfall 103496 (2019) Kat:3, Licht: 0,103496,3,2,5,03,14,3,0,0,1,1,0,0,0,0
"POINT (7.173677087000044 51.480281425000044)",Unfall 103509 (2019) Kat:3, Licht: 0,103509,3,1,8,03,13,3,0,0,0,1,0,0,0,0
"POINT (7.178377462000071 51.481798582000067)",Unfall 103564 (2019) Kat:3, Licht: 0,103564,3,1,2,03,14,1,0,0,0,1,0,0,0,0
"POINT (7.278302608000047 51.484842940000078)",Unfall 103694 (2019) Kat:3, Licht: 0,103694,3,6,2,03,13,7,0,0,0,1,0,0,0,0
"POINT (7.210702390000051 51.512894802000062)",Unfall 103914 (2019) Kat:3, Licht: 0,103914,3,2,5,04,18,3,0,0,1,1,0,0,0,0
"POINT (7.236801340000056 51.494388748000063)",Unfall 103920 (2019) Kat:3, Licht: 0,103920,3,6,2,04,17,3,0,0,0,1,0,0,0,0
"POINT (7.215742615000067 51.472796832000029)",Unfall 104017 (2019) Kat:3, Licht: 2,104017,3,6,2,04,21,4,1,2,0,1,0,0,0,0
"POINT (7.316166505000069 51.472587792000070)",Unfall 104053 (2019) Kat:2, Licht: 0,104053,2,2,3,04,07,2,0,0,0,1,0,1,0,0
"POINT (7.138549352000041 51.483330609000063)",Unfall 104056 (2019) Kat:3, Licht: 0,104056,3,3,5,04,19,2,0,0,0,1,0,1,0,0
"POINT (7.259028377000050 51.502583809000043)",Unfall 104342 (2019) Kat:3, Licht: 0,104342,3,6,1,04,15,5,1,0,0,1,0,0,0,0
"POINT (7.212387378000074 51.505718506000051)",Unfall 104343 (2019) Kat:3, Licht: 0,104343,3,2,3,04,07,5,0,0,1,1,0,0,0,0
"POINT (7.250484013000062 51.493393947000072)",Unfall 104344 (2019) Kat:2, Licht: 2,104344,2,7,5,04,21,5,1,2,0,1,0,0,0,0
"POINT (6.222728050000058 51.382188117000055)",Unfall 104356 (2019) Kat:3, Licht: 0,104356,3,6,2,04,09,5,1,0,0,1,0,0,0,0
"POINT (7.127964278000036 51.479480426000066)",Unfall 104439 (2019) Kat:3, Licht: 0,104439,3,3,5,04,13,3,0,0,0,1,0,1,0,0
"POINT (7.259646283000052 51.503979931000060)",Unfall 104538 (2019) Kat:2, Licht: 0,104538,2,2,5,04,18,2,0,0,0,1,0,0,0,0
"POINT (7.273206287000051 51.520296124000026)",Unfall 104539 (2019) Kat:2, Licht: 0,104539,2,3,5,04,10,2,0,0,0,1,0,0,0,1
"POINT (7.204934914000035 51.489980851000041)",Unfall 104540 (2019) Kat:3, Licht: 0,104540,3,4,6,04,17,2,0,0,1,0,1,0,0,0
"POINT (7.223579563000044 51.479916616000025)",Unfall 104599 (2019) Kat:2, Licht: 0,104599,2,2,3,04,20,4,0,0,0,1,0,0,0,0
"POINT (7.278374327000051 51.477879864000045)",Unfall 104720 (2019) Kat:3, Licht: 0,104720,3,1,0,04,11,1,0,0,0,0,0,1,0,0
"POINT (7.223162892000062 51.484011501000055)",Unfall 104721 (2019) Kat:3, Licht: 0,104721,3,2,2,04,13,1,0,0,1,1,0,0,0,0
"POINT (7.288163760000032 51.460202298000070)",Unfall 104736 (2019) Kat:3, Licht: 0,104736,3,1,8,04,07,1,0,0,0,0,0,1,0,0
"POINT (7.224871819000043 51.499068314000056)",Unfall 104876 (2019) Kat:3, Licht: 0,104876,3,3,5,04,07,6,0,0,1,1,0,0,0,0
"POINT (7.165763902000037 51.486373819000050)",Unfall 105023 (2019) Kat:3, Licht: 0,105023,3,3,5,04,13,5,0,0,0,1,0,1,0,0
"POINT (7.215791174000060 51.478661054000042)",Unfall 105025 (2019) Kat:3, Licht: 0,105025,3,5,1,04,15,5,0,0,1,1,0,0,0,0
"POINT (7.290061826000056 51.453385860000026)",Unfall 105027 (2019) Kat:3, Licht: 0,105027,3,3,3,04,15,1,0,0,0,1,0,0,0,0
"POINT (7.254625271000066 51.463922832000037)",Unfall 105187 (2019) Kat:3, Licht: 0,105187,3,6,2,04,14,4,0,0,0,1,0,0,0,0
"POINT (7.258575142000041 51.499202839000077)",Unfall 105188 (2019) Kat:3, Licht: 0,105188,3,2,2,04,15,4,1,0,0,1,0,1,0,0
"POINT (7.230338915000061 51.496148437000045)",Unfall 105199 (2019) Kat:3, Licht: 0,105199,3,6,2,04,13,4,0,0,0,1,0,0,0,0
"POINT (7.318864985000062 51.457240194000065)",Unfall 105438 (2019) Kat:3, Licht: 0,105438,3,6,2,04,16,5,0,0,0,1,0,0,0,0
"POINT (7.247727702000020 51.492565187000082)",Unfall 105552 (2019) Kat:3, Licht: 0,105552,3,5,1,04,06,2,0,0,0,0,0,0,1,1
"POINT (7.217530940000074 51.485227741000074)",Unfall 105554 (2019) Kat:3, Licht: 0,105554,3,3,5,04,15,2,0,0,1,1,0,0,0,0
"POINT (7.215980230000071 51.478650526000081)",Unfall 105556 (2019) Kat:3, Licht: 0,105556,3,6,6,04,14,2,0,0,0,1,1,0,0,0
"POINT (7.179351805000067 51.464761732000056)",Unfall 105648 (2019) Kat:3, Licht: 0,105648,3,4,6,04,13,1,0,0,1,0,1,0,0,0
"POINT (7.161959833000026 51.423946323000052)",Unfall 105822 (2019) Kat:3, Licht: 0,105822,3,2,5,04,13,7,0,0,1,1,0,0,0,0
"POINT (7.142314849000059 51.459858557000075)",Unfall 105825 (2019) Kat:3, Licht: 0,105825,3,1,0,04,16,7,0,0,1,0,0,0,0,0
"POINT (7.160516661000031 51.479810867000026)",Unfall 105827 (2019) Kat:3, Licht: 0,105827,3,2,6,04,10,7,0,0,0,1,1,0,0,0
"POINT (7.230878831000041 51.476947607000056)",Unfall 105829 (2019) Kat:3, Licht: 0,105829,3,2,5,04,12,7,0,0,0,1,0,0,0,0
"POINT (7.177948072000049 51.434489697000060)",Unfall 105830 (2019) Kat:3, Licht: 0,105830,3,4,6,04,13,3,0,0,0,1,1,0,0,0
"POINT (7.215605328000038 51.477744400000063)",Unfall 105831 (2019) Kat:3, Licht: 0,105831,3,2,0,04,08,7,0,0,0,1,0,1,0,0
"POINT (7.182500215000061 51.437014772000055)",Unfall 105833 (2019) Kat:3, Licht: 0,105833,3,3,5,04,10,3,0,0,1,1,0,0,0,0