WKT,Name,OBJECTID,UKATEGORIE,UTYP1,UART,UMONAT,USTUNDE,UWOCHENTAG,STRZUSTAND,ULICHTVERH,ISTRAD,ISTPKW,ISTFUSS,ISTKRAD,ISTGKFZ,ISTSONSTIG
"POINT (7.189927075000071 51.495240564000028)",Unfall 115707 (2019) Kat:3, Licht: 0,115707,3,6,2,07,15,7,0,0,0,1,0,0,0,0
"POINT (7.234154780000040 51.488235127000053)",Unfall 115708 (2019) Kat:3, Licht: 0,115708,3,2,5,07,18,7,0,0,0,1,0,1,0,0
"POINT (7.164395761000037 51.458031383000048)",Unfall 115881 (2019) Kat:3, Licht: 0,115881,3,1,0,07,17,2,0,0,1,0,0,0,0,0
"POINT (7.281787123000072 51.479170658000044)",Unfall 115889 (2019) Kat:2, Licht: 0,115889,2,1,0,07,15,6,0,0,0,0,0,1,0,0
"POINT (7.210702076000075 51.512894130000063)",Unfall 115891 (2019) Kat:3, Licht: 0,115891,3,2,3,07,17,6,0,0,1,1,0,0,0,0
"POINT (7.229091502000074 51.465371870000070)",Unfall 115893 (2019) Kat:3, Licht: 0,115893,3,7,0,07,20,6,0,0,1,1,0,0,0,0
"POINT (7.261751438000033 51.494784378000077)",Unfall 115974 (2019) Kat:3, Licht: 0,115974,3,3,5,08,11,5,0,0,0,1,0,0,0,0
"POINT (7.137622359000034 51.503406662000032)",Unfall 116064 (2019) Kat:2, Licht: 0,116064,2,7,8,08,21,7,0,0,0,0,0,1,0,0
"POINT (7.190763225000069 51.480558949000056)",Unfall 116065 (2019) Kat:2, Licht: 2,116065,2,3,5,08,22,7,0,2,0,1,0,1,0,0
"POINT (7.219018599000037 51.484767755000064)",Unfall 116067 (2019) Kat:3, Licht: 0,116067,3,6,3,08,11,7,0,0,1,1,0,0,0,0
"POINT (7.261265135000031 51.494100394000043)",Unfall 116108 (2019) Kat:1, Licht: 0,116108,1,2,5,07,11,4,0,0,0,1,0,1,0,0
"POINT (7.158274269000060 51.440902448000031)",Unfall 116110 (2019) Kat:3, Licht: 0,116110,3,6,6,07,11,4,0,0,0,0,1,0,0,1
"POINT (7.157934564000072 51.479214644000081)",Unfall 116112 (2019) Kat:3, Licht: 0,116112,3,3,5,07,11,4,0,0,0,1,0,0,0,0
"POINT (7.200843171000031 51.490927216000046)",Unfall 116114 (2019) Kat:3, Licht: 0,116114,3,1,0,07,14,4,1,0,0,0,0,1,0,0
"POINT (7.256039698000052 51.472180871000035)",Unfall 116117 (2019) Kat:3, Licht: 0,116117,3,6,2,07,19,4,1,0,0,1,0,0,0,0
"POINT (7.257855565000057 51.506899081000029)",Unfall 116227 (2019) Kat:3, Licht: 0,116227,3,1,0,08,13,6,1,0,0,0,0,1,0,0
"POINT (7.256271227000070 51.495005492000075)",Unfall 116229 (2019) Kat:3, Licht: 0,116229,3,6,2,08,18,6,1,0,0,1,0,0,0,0
"POINT (7.169346704000077 51.447975811000049)",Unfall 116391 (2019) Kat:2, Licht: 0,116391,2,7,6,07,09,3,0,0,0,1,1,0,0,0
"POINT (7.224581431000047 51.484301316000028)",Unfall 116423 (2019) Kat:3, Licht: 0,116423,3,6,2,08,16,3,0,0,0,1,0,0,0,0
"POINT (7.259756398000036 51.504140010000071)",Unfall 116552 (2019) Kat:3, Licht: 0,116552,3,6,2,08,13,5,0,0,0,1,0,0,0,0
"POINT (7.230591308000044 51.434775268000067)",Unfall 116554 (2019) Kat:3, Licht: 0,116554,3,6,3,08,08,5,0,0,0,1,0,0,0,0
"POINT (7.172869869000067 51.479785938000077)",Unfall 116576 (2019) Kat:3, Licht: 0,116576,3,1,8,08,10,5,0,0,0,1,0,0,0,0
"POINT (7.323183473000029 51.479369835000057)",Unfall 116581 (2019) Kat:3, Licht: 0,116581,3,3,0,08,18,2,0,0,0,1,0,1,0,0
"POINT (7.177930226000058 51.434593780000057)",Unfall 116583 (2019) Kat:3, Licht: 0,116583,3,3,5,08,06,2,0,0,0,1,0,0,0,0
"POINT (7.191701309000052 51.476494825000032)",Unfall 116585 (2019) Kat:3, Licht: 0,116585,3,6,3,08,17,2,0,0,1,1,0,0,0,0
"POINT (7.200986007000040 51.462391532000026)",Unfall 116732 (2019) Kat:3, Licht: 0,116732,3,7,2,08,11,4,0,0,1,1,0,0,0,0
"POINT (7.189660995000054 51.495361041000081)",Unfall 116741 (2019) Kat:3, Licht: 0,116741,3,6,3,08,10,1,0,0,0,1,0,0,0,0
"POINT (7.193183353000052 51.480011970000078)",Unfall 116743 (2019) Kat:3, Licht: 2,116743,3,6,2,08,02,1,0,2,0,1,0,0,0,0
"POINT (7.226222463000056 51.478735115000063)",Unfall 116745 (2019) Kat:3, Licht: 0,116745,3,3,5,08,19,1,0,0,0,1,0,0,0,0
"POINT (7.214438592000022 51.441610958000069)",Unfall 116873 (2019) Kat:3, Licht: 0,116873,3,7,0,08,09,2,0,0,0,0,0,1,0,1
"POINT (7.244121926000048 51.472206149000044)",Unfall 116874 (2019) Kat:2, Licht: 0,116874,2,4,5,08,09,2,0,0,0,1,1,0,0,0
"POINT (7.247983039000076 51.492638552000074)",Unfall 116971 (2019) Kat:2, Licht: 0,116971,2,1,4,08,09,4,0,0,0,1,0,1,0,0
"POINT (7.205475539000076 51.466521770000043)",Unfall 116988 (2019) Kat:3, Licht: 0,116988,3,1,0,08,14,1,0,0,1,0,0,0,0,0
"POINT (7.129625015000045 51.482337599000061)",Unfall 117152 (2019) Kat:3, Licht: 0,117152,3,6,2,08,16,3,1,0,0,1,0,0,0,0
"POINT (7.212339036000060 51.505869038000071)",Unfall 117154 (2019) Kat:3, Licht: 0,117154,3,6,0,08,16,3,0,0,1,1,0,0,0,0
"POINT (7.224011926000060 51.476134734000027)",Unfall 117157 (2019) Kat:3, Licht: 0,117157,3,6,0,08,11,3,0,0,0,1,0,0,0,1
"POINT (7.202083343000027 51.478958672000033)",Unfall 117159 (2019) Kat:3, Licht: 0,117159,3,1,0,08,10,3,0,0,0,0,0,1,0,0
"POINT (7.320468051000034 51.463583185000061)",Unfall 117311 (2019) Kat:2, Licht: 1,117311,2,1,1,08,18,6,1,1,1,1,0,0,0,0
"POINT (7.289218756000025 51.500674200000049)",Unfall 117409 (2019) Kat:3, Licht: 2,117409,3,3,5,08,23,7,0,2,0,1,0,0,0,0
"POINT (7.266456888000050 51.472402698000053)",Unfall 117410 (2019) Kat:3, Licht: 0,117410,3,2,5,08,14,7,1,0,0,1,0,0,0,0
"POINT (7.192084371000021 51.476567348000060)",Unfall 117411 (2019) Kat:3, Licht: 2,117411,3,2,6,08,22,7,1,2,0,1,1,0,0,0
"POINT (7.215295182000034 51.514452553000069)",Unfall 117421 (2019) Kat:3, Licht: 0,117421,3,1,8,08,15,7,1,0,0,1,0,0,0,0
"POINT (7.280548478000071 51.477316740000049)",Unfall 117525 (2019) Kat:2, Licht: 0,117525,2,6,2,08,14,6,0,0,0,1,0,0,1,0
"POINT (7.231218597000066 51.447798614000078)",Unfall 117646 (2019) Kat:3, Licht: 0,117646,3,7,5,08,13,5,1,0,1,1,0,0,0,0
"POINT (7.212382774000048 51.505732843000033)",Unfall 117648 (2019) Kat:3, Licht: 0,117648,3,2,5,08,11,5,0,0,1,1,0,0,0,0
"POINT (7.189793860000066 51.507661984000038)",Unfall 117670 (2019) Kat:3, Licht: 2,117670,3,2,0,08,21,4,0,2,0,1,0,0,0,0
"POINT (7.268135263000033 51.469596520000039)",Unfall 117781 (2019) Kat:3, Licht: 1,117781,3,6,3,08,20,4,0,1,0,0,0,0,0,1
"POINT (7.144923720000065 51.460906932000057)",Unfall 117841 (2019) Kat:3, Licht: 0,117841,3,7,1,08,15,2,0,0,0,1,0,0,0,0
"POINT (7.212205424000047 51.497259291000034)",Unfall 117988 (2019) Kat:3, Licht: 0,117988,3,3,5,08,11,6,0,0,1,1,0,0,0,0
"POINT (7.193365577000066 51.477019590000054)",Unfall 117989 (2019) Kat:2, Licht: 0,117989,2,1,0,08,11,6,0,0,0,0,0,1,0,0
"POINT (7.237989795000033 51.457506988000034)",Unfall 118144 (2019) Kat:3, Licht: 0,118144,3,6,2,08,18,5,0,0,0,1,0,0,0,0
"POINT (7.249274568000033 51.494847329000038)",Unfall 118153 (2019) Kat:3, Licht: 0,118153,3,6,2,08,15,5,0,0,0,1,0,0,0,1
"POINT (7.262840908000044 51.463166184000045)",Unfall 118154 (2019) Kat:3, Licht: 0,118154,3,2,2,08,09,5,0,0,0,1,0,0,0,0
"POINT (7.138175936000039 51.489114952000079)",Unfall 118260 (2019) Kat:3, Licht: 0,118260,3,3,5,08,06,2,0,0,0,1,0,0,0,0
"POINT (7.189451147000057 51.475961685000073)",Unfall 118261 (2019) Kat:3, Licht: 0,118261,3,6,2,08,17,2,1,0,0,1,0,0,0,0
"POINT (7.211087715000076 51.513720890000059)",Unfall 118384 (2019) Kat:3, Licht: 0,118384,3,2,5,08,11,1,0,0,1,1,0,0,0,0
"POINT (7.313724314000069 51.496012984000060)",Unfall 118397 (2019) Kat:3, Licht: 0,118397,3,7,7,08,15,1,0,0,0,1,0,0,0,0
"POINT (7.192612171000064 51.491061488000071)",Unfall 118549 (2019) Kat:3, Licht: 2,118549,3,1,0,08,23,7,0,2,1,0,0,0,0,0
"POINT (7.211777644000051 51.499450707000051)",Unfall 118550 (2019) Kat:3, Licht: 2,118550,3,2,5,08,22,7,0,2,1,1,0,0,0,0
"POINT (7.211608850000062 51.518597607000061)",Unfall 118556 (2019) Kat:3, Licht: 0,118556,3,6,2,08,15,7,0,0,0,1,0,0,0,0
"POINT (7.222714053000061 51.460848512000041)",Unfall 118589 (2019) Kat:3, Licht: 0,118589,3,7,3,08,07,2,0,0,0,1,0,0,0,0
"POINT (7.213099253000053 51.492677453000056)",Unfall 118709 (2019) Kat:3, Licht: 0,118709,3,2,5,08,11,4,0,0,1,1,0,0,0,0
"POINT (7.246544272000051 51.471878493000077)",Unfall 118868 (2019) Kat:3, Licht: 0,118868,3,6,3,08,14,5,0,0,0,1,0,0,0,1
"POINT (7.161973472000057 51.477586754000072)",Unfall 118893 (2019) Kat:2, Licht: 0,118893,2,1,9,08,12,5,0,0,0,1,0,0,1,0
"POINT (7.325547321000045 51.482550699000058)",Unfall 118897 (2019) Kat:2, Licht: 0,118897,2,6,4,08,13,3,0,0,0,1,0,0,1,0
"POINT (7.274417084000049 51.465646993000064)",Unfall 118899 (2019) Kat:3, Licht: 0,118899,3,6,2,08,07,3,0,0,0,1,0,0,0,0
"POINT (7.129418587000032 51.485876381000026)",Unfall 118900 (2019) Kat:3, Licht: 0,118900,3,3,5,08,11,3,0,0,1,1,0,0,0,0
"POINT (7.212292124000044 51.502013714000043)",Unfall 119140 (2019) Kat:3, Licht: 0,119140,3,2,3,08,13,7,0,0,1,1,0,0,0,0
"POINT (7.233340531000067 51.463484295000058)",Unfall 119223 (2019) Kat:3, Licht: 0,119223,3,2,5,09,08,2,0,0,0,1,0,0,0,0
"POINT (7.172671606000051 51.456506292000029)",Unfall 119315 (2019) Kat:2, Licht: 0,119315,2,6,6,08,18,6,0,0,0,1,1,0,0,0
"POINT (7.118649001000051 51.472696195000026)",Unfall 119362 (2019) Kat:3, Licht: 0,119362,3,6,2,08,16,6,0,0,0,1,0,1,0,0
"POINT (7.186383803000069 51.494760938000070)",Unfall 119366 (2019) Kat:3, Licht: 0,119366,3,6,2,08,13,6,0,0,0,1,0,0,0,0
"POINT (7.191351149000070 51.472146161000069)",Unfall 119392 (2019) Kat:2, Licht: 0,119392,2,2,5,09,08,5,0,0,1,1,0,0,0,0
"POINT (7.313778951000074 51.496151108000049)",Unfall 119503 (2019) Kat:3, Licht: 0,119503,3,6,2,09,15,4,0,0,0,1,0,0,1,0
"POINT (7.187287007000066 51.495529649000048)",Unfall 119531 (2019) Kat:3, Licht: 0,119531,3,6,2,09,07,4,0,0,0,0,0,0,0,1
"POINT (7.313526128000035 51.471993675000078)",Unfall 119620 (2019) Kat:3, Licht: 0,119620,3,2,5,09,15,6,0,0,0,1,0,0,0,1
"POINT (7.189545490000057 51.503507428000034)",Unfall 119622 (2019) Kat:3, Licht: 0,119622,3,2,5,09,11,6,0,0,1,1,0,0,0,0
"POINT (7.192677105000030 51.476865321000048)",Unfall 119914 (2019) Kat:3, Licht: 1,119914,3,6,2,09,19,2,0,1,0,1,0,0,0,0
"POINT (7.261555714000053 51.494552170000077)",Unfall 119998 (2019) Kat:3, Licht: 0,119998,3,1,0,09,18,4,1,0,0,0,0,1,0,0
"POINT (7.248097262000044 51.494576735000066)",Unfall 119999 (2019) Kat:3, Licht: 0,119999,3,3,5,09,13,4,0,0,1,0,0,0,0,0
"POINT (7.216424792000055 51.426135431000034)",Unfall 120035 (2019) Kat:3, Licht: 2,120035,3,1,8,09,20,1,1,2,0,1,0,0,0,0
"POINT (7.255560000000060 51.446871740000063)",Unfall 120216 (2019) Kat:2, Licht: 2,120216,2,1,0,09,22,7,0,2,0,0,0,1,0,0
"POINT (7.259285393000027 51.463646153000070)",Unfall 120220 (2019) Kat:3, Licht: 0,120220,3,2,2,09,15,3,0,0,0,1,0,0,0,0
"POINT (7.149683912000057 51.462802837000027)",Unfall 120222 (2019) Kat:3, Licht: 0,120222,3,6,2,09,14,3,0,0,0,1,0,0,0,1
"POINT (7.133226822000040 51.485010406000072)",Unfall 120224 (2019) Kat:2, Licht: 0,120224,2,3,5,09,14,3,0,0,0,1,0,1,0,0
"POINT (7.221226489000060 51.478730492000068)",Unfall 120226 (2019) Kat:3, Licht: 0,120226,3,2,6,09,11,3,0,0,0,1,1,0,0,0
"POINT (7.214311413000075 51.424778427000035)",Unfall 120347 (2019) Kat:3, Licht: 0,120347,3,7,4,09,14,6,0,0,0,1,0,0,0,0
"POINT (7.212732125000059 51.513568200000066)",Unfall 120349 (2019) Kat:3, Licht: 0,120349,3,3,5,09,08,6,1,0,1,1,0,0,0,0
"POINT (7.263868172000059 51.501190430000065)",Unfall 120380 (2019) Kat:3, Licht: 0,120380,3,3,3,09,12,6,1,0,0,1,0,0,1,0
"POINT (7.244893800000057 51.445179206000034)",Unfall 120425 (2019) Kat:3, Licht: 0,120425,3,3,5,09,16,1,0,0,0,1,0,0,0,0
"POINT (7.257807879000040 51.470198297000081)",Unfall 120427 (2019) Kat:3, Licht: 2,120427,3,1,8,09,01,1,0,2,0,1,0,0,0,0
"POINT (7.238216926000064 51.494484282000030)",Unfall 120435 (2019) Kat:3, Licht: 2,120435,3,6,2,09,17,1,0,2,0,1,0,0,0,0
"POINT (7.250742162000051 51.455578509000077)",Unfall 120617 (2019) Kat:2, Licht: 0,120617,2,7,0,09,13,7,0,0,0,1,0,1,0,0
"POINT (7.218245391000039 51.443498335000072)",Unfall 120619 (2019) Kat:3, Licht: 0,120619,3,2,2,09,07,7,0,0,0,1,0,0,0,0
"POINT (7.211316844000066 51.514236642000071)",Unfall 120620 (2019) Kat:3, Licht: 0,120620,3,6,3,09,18,5,0,0,0,1,0,0,0,1
"POINT (7.209940289000031 51.488105619000066)",Unfall 120621 (2019) Kat:3, Licht: 0,120621,3,3,5,09,14,7,0,0,0,1,0,1,0,0
"POINT (7.199169113000039 51.478270872000053)",Unfall 120622 (2019) Kat:3, Licht: 0,120622,3,4,6,09,16,5,0,0,0,1,1,0,0,0
"POINT (7.238115203000064 51.494576554000048)",Unfall 120644 (2019) Kat:3, Licht: 1,120644,3,6,2,09,06,5,0,1,0,1,0,0,0,0
"POINT (7.199788129000069 51.496862806000081)",Unfall 120646 (2019) Kat:3, Licht: 1,120646,3,6,1,09,06,5,1,1,0,1,0,0,0,1
"POINT (7.272224759000039 51.516458264000050)",Unfall 120795 (2019) Kat:3, Licht: 1,120795,3,2,5,09,19,4,0,1,1,0,0,0,0,1
"POINT (7.249165038000058 51.510121043000026)",Unfall 120796 (2019) Kat:3, Licht: 0,120796,3,3,2,09,16,4,0,0,0,1,0,0,0,0
"POINT (7.194639399000039 51.446979825000028)",Unfall 120797 (2019) Kat:3, Licht: 0,120797,3,2,2,09,17,4,0,0,0,1,0,0,0,0
"POINT (7.188146394000057 51.475778151000043)",Unfall 120798 (2019) Kat:3, Licht: 0,120798,3,6,4,09,17,4,0,0,1,0,0,0,0,0
"POINT (7.149684589000060 51.426040574000069)",Unfall 121025 (2019) Kat:3, Licht: 1,121025,3,1,0,09,14,2,1,1,0,0,0,1,0,0
"POINT (7.189264564000041 51.502939329000071)",Unfall 121027 (2019) Kat:3, Licht: 0,121027,3,6,2,09,17,2,1,0,0,1,0,0,0,0
"POINT (7.162165399000060 51.477833984000029)",Unfall 121041 (2019) Kat:3, Licht: 0,121041,3,6,2,09,15,2,1,0,0,1,0,0,1,0
"POINT (7.233504264000032 51.494682816000079)",Unfall 121042 (2019) Kat:3, Licht: 0,121042,3,6,1,09,15,2,1,0,0,1,0,0,0,0
"POINT (7.147293928000067 51.448871802000042)",Unfall 121120 (2019) Kat:2, Licht: 0,121120,2,6,2,09,12,6,0,0,1,1,0,0,0,0
"POINT (7.225398894000023 51.511338557000045)",Unfall 121141 (2019) Kat:3, Licht: 0,121141,3,6,2,09,14,6,0,0,0,1,0,0,0,0
"POINT (7.171516088000033 51.471772094000073)",Unfall 121247 (2019) Kat:3, Licht: 0,121247,3,3,5,09,15,5,0,0,1,1,0,0,0,0
"POINT (7.213163151000060 51.492337994000081)",Unfall 121249 (2019) Kat:2, Licht: 0,121249,2,6,2,09,11,5,0,0,1,1,0,0,0,0
"POINT (7.217463540000040 51.470125745000075)",Unfall 121250 (2019) Kat:3, Licht: 0,121250,3,6,2,09,08,5,0,0,0,1,0,0,0,1
"POINT (7.249917717000074 51.506064718000061)",Unfall 121268 (2019) Kat:3, Licht: 0,121268,3,6,2,09,10,5,0,0,0,1,0,0,0,0
"POINT (7.304853935000040 51.496516169000074)",Unfall 121380 (2019) Kat:3, Licht: 0,121380,3,6,2,09,15,1,0,0,0,1,0,0,0,0
"POINT (7.226706115000070 51.446646113000043)",Unfall 121425 (2019) Kat:2, Licht: 2,121425,2,2,6,09,19,1,0,2,0,1,1,0,0,0
"POINT (7.130557835000047 51.470742298000062)",Unfall 121514 (2019) Kat:3, Licht: 0,121514,3,1,0,09,16,7,0,0,1,0,0,0,0,0
"POINT (7.206234754000036 51.465507636000041)",Unfall 121601 (2019) Kat:3, Licht: 2,121601,3,2,5,09,21,1,0,2,0,1,0,1,0,0
"POINT (7.304905950000034 51.496513854000057)",Unfall 121627 (2019) Kat:2, Licht: 0,121627,2,1,9,09,18,2,0,0,0,1,0,0,0,0
"POINT (7.142280994000032 51.452782180000042)",Unfall 121732 (2019) Kat:3, Licht: 0,121732,3,2,5,09,09,4,1,0,0,1,0,1,0,0
"POINT (7.219495183000049 51.478618465000068)",Unfall 121733 (2019) Kat:3, Licht: 0,121733,3,5,1,09,17,4,0,0,0,1,0,0,0,1
"POINT (7.148473980000063 51.496303117000082)",Unfall 121830 (2019) Kat:3, Licht: 0,121830,3,5,0,09,12,3,0,0,0,1,0,0,0,1
"POINT (7.286482471000056 51.496902902000045)",Unfall 121837 (2019) Kat:3, Licht: 1,121837,3,6,3,09,07,3,0,1,0,1,0,0,1,0
"POINT (7.216735920000076 51.426308008000035)",Unfall 121917 (2019) Kat:3, Licht: 2,121917,3,1,9,09,03,5,1,2,0,1,0,0,0,0
"POINT (7.218445881000037 51.467497008000066)",Unfall 121919 (2019) Kat:3, Licht: 0,121919,3,3,5,09,16,5,1,0,1,1,0,0,0,0
"POINT (7.171901552000065 51.481785701000035)",Unfall 122020 (2019) Kat:2, Licht: 0,122020,2,1,0,09,17,7,1,0,0,0,0,1,0,0
"POINT (7.263450802000023 51.495545601000060)",Unfall 122032 (2019) Kat:3, Licht: 0,122032,3,6,2,09,15,7,0,0,0,1,0,0,0,0
"POINT (7.215271213000051 51.476642536000043)",Unfall 122140 (2019) Kat:3, Licht: 0,122140,3,5,1,09,16,6,0,0,1,1,0,0,0,0
"POINT (7.225625184000023 51.452071367000030)",Unfall 122142 (2019) Kat:3, Licht: 2,122142,3,2,5,09,05,6,1,2,0,1,0,0,0,0
"POINT (7.242668422000065 51.491353638000078)",Unfall 122148 (2019) Kat:3, Licht: 0,122148,3,3,0,09,13,2,0,0,0,1,0,1,0,0
"POINT (7.220440353000072 51.484095705000072)",Unfall 122150 (2019) Kat:3, Licht: 1,122150,3,5,3,09,18,2,1,1,0,1,0,1,0,0
"POINT (7.223141269000053 51.479829319000032)",Unfall 122152 (2019) Kat:3, Licht: 0,122152,3,4,6,09,17,2,1,0,0,1,1,0,0,0
"POINT (7.326025001000062 51.457991672000048)",Unfall 122266 (2019) Kat:3, Licht: 2,122266,3,1,0,09,19,1,1,2,0,0,0,1,0,0
"POINT (7.262112566000042 51.495150789000036)",Unfall 122411 (2019) Kat:3, Licht: 0,122411,3,2,5,10,12,4,0,0,0,1,0,0,0,0
"POINT (7.223632603000056 51.480143221000048)",Unfall 122412 (2019) Kat:3, Licht: 0,122412,3,4,6,10,13,4,0,0,0,1,1,0,0,0
"POINT (7.232240357000023 51.463120138000079)",Unfall 122413 (2019) Kat:3, Licht: 2,122413,3,2,6,10,06,4,1,2,0,1,1,0,0,0
"POINT (7.195596188000025 51.496461872000054)",Unfall 122426 (2019) Kat:3, Licht: 0,122426,3,6,2,10,08,4,0,0,0,1,0,0,0,0
"POINT (7.231841432000067 51.495293536000077)",Unfall 122494 (2019) Kat:3, Licht: 2,122494,3,1,8,10,21,6,1,2,0,1,0,0,0,0
"POINT (7.214766822000058 51.487668778000057)",Unfall 122602 (2019) Kat:3, Licht: 2,122602,3,4,6,10,05,5,0,2,0,1,1,0,0,0
"POINT (7.224167372000068 51.480166451000059)",Unfall 122616 (2019) Kat:3, Licht: 2,122616,3,6,2,10,06,3,1,2,0,1,0,1,0,0
"POINT (7.236469103000047 51.508860413000036)",Unfall 122839 (2019) Kat:2, Licht: 2,122839,2,6,2,10,22,1,1,2,0,1,0,0,0,0
"POINT (7.239728384000046 51.433036676000029)",Unfall 122990 (2019) Kat:3, Licht: 2,122990,3,1,8,10,01,7,1,2,0,1,0,0,0,0
"POINT (7.223251740000023 51.479921277000074)",Unfall 122991 (2019) Kat:3, Licht: 0,122991,3,2,0,10,12,7,0,0,1,1,0,0,0,0
"POINT (7.145248211000023 51.494489126000076)",Unfall 123048 (2019) Kat:2, Licht: 0,123048,2,4,6,10,16,3,1,0,0,1,1,0,0,0
"POINT (7.207220432000042 51.480135757000028)",Unfall 123049 (2019) Kat:3, Licht: 0,123049,3,6,2,10,13,3,0,0,0,1,0,0,0,0
"POINT (7.138162662000070 51.483536290000075)",Unfall 123217 (2019) Kat:2, Licht: 0,123217,2,6,2,10,12,6,1,0,0,1,0,0,0,0
"POINT (7.224685451000028 51.481107472000076)",Unfall 123230 (2019) Kat:3, Licht: 0,123230,3,5,4,10,14,2,0,0,0,1,0,0,0,1
"POINT (7.257720528000050 51.463553820000072)",Unfall 123262 (2019) Kat:3, Licht: 0,123262,3,7,1,10,14,6,1,0,0,1,0,0,0,0
"POINT (7.239555601000063 51.494931995000059)",Unfall 123357 (2019) Kat:3, Licht: 0,123357,3,6,2,10,15,1,0,0,0,1,0,0,0,0
"POINT (7.189843656000051 51.496003218000055)",Unfall 123464 (2019) Kat:3, Licht: 0,123464,3,6,3,10,09,5,0,0,0,1,0,0,0,0
"POINT (7.215199544000029 51.454033275000029)",Unfall 123465 (2019) Kat:3, Licht: 2,123465,3,1,9,10,21,5,0,2,0,1,0,0,0,0
"POINT (7.277182397000047 51.520549889000051)",Unfall 123541 (2019) Kat:1, Licht: 0,123541,1,2,5,10,11,7,0,0,1,1,0,0,0,0
"POINT (7.189260767000064 51.496764180000071)",Unfall 123542 (2019) Kat:3, Licht: 2,123542,3,2,5,10,19,7,1,2,0,1,0,1,0,0
"POINT (7.218741599000055 51.499644839000041)",Unfall 123543 (2019) Kat:2, Licht: 0,123543,2,3,5,10,10,7,0,0,0,1,0,1,0,0
"POINT (7.279945900000030 51.478320065000048)",Unfall 123563 (2019) Kat:3, Licht: 0,123563,3,6,2,10,15,7,0,0,0,1,0,0,0,0
"POINT (7.278355811000040 51.484535590000064)",Unfall 123565 (2019) Kat:3, Licht: 0,123565,3,6,1,10,12,7,0,0,0,1,0,0,0,0
"POINT (7.323272673000076 51.475970840000059)",Unfall 123648 (2019) Kat:3, Licht: 0,123648,3,2,5,10,11,4,0,0,1,1,0,0,0,0
"POINT (7.129289076000021 51.481357363000029)",Unfall 123651 (2019) Kat:3, Licht: 0,123651,3,2,6,10,16,4,1,0,0,1,1,0,0,0
"POINT (7.262790596000059 51.462764968000045)",Unfall 123676 (2019) Kat:3, Licht: 0,123676,3,6,2,10,10,4,0,0,0,1,0,0,0,0
"POINT (7.147720495000044 51.448648296000044)",Unfall 123728 (2019) Kat:2, Licht: 0,123728,2,3,5,10,15,4,1,0,0,1,0,0,0,1
"POINT (7.143399099000021 51.451813472000026)",Unfall 123730 (2019) Kat:2, Licht: 0,123730,2,1,0,10,15,4,1,0,0,0,0,1,0,0
"POINT (7.189843399000040 51.493827903000067)",Unfall 123732 (2019) Kat:3, Licht: 0,123732,3,5,1,10,10,4,0,0,0,0,0,1,0,1
"POINT (7.126029775000063 51.488181251000071)",Unfall 123917 (2019) Kat:3, Licht: 2,123917,3,5,1,10,03,3,0,2,1,1,0,0,0,0
"POINT (7.238116387000048 51.494576778000066)",Unfall 123932 (2019) Kat:3, Licht: 2,123932,3,6,2,10,19,3,1,2,0,1,0,0,0,0
"POINT (7.189526952000051 51.495863761000066)",Unfall 123980 (2019) Kat:3, Licht: 2,123980,3,2,5,10,20,5,1,2,1,1,0,0,0,0
"POINT (7.281119099000023 51.476757730000031)",Unfall 124001 (2019) Kat:3, Licht: 0,124001,3,1,9,10,10,5,1,0,0,1,0,0,0,0
"POINT (7.137941792000049 51.458361659000047)",Unfall 124111 (2019) Kat:3, Licht: 0,124111,3,3,5,10,12,2,0,0,0,1,0,1,0,0
"POINT (7.225829967000038 51.474173465000035)",Unfall 124257 (2019) Kat:2, Licht: 1,124257,2,2,5,10,07,2,1,1,1,1,0,0,0,0
"POINT (7.176077336000049 51.481531599000050)",Unfall 124264 (2019) Kat:3, Licht: 0,124264,3,6,1,10,16,2,0,0,0,1,0,0,0,1
"POINT (7.135688496000057 51.458849779000047)",Unfall 124345 (2019) Kat:3, Licht: 0,124345,3,6,2,10,13,1,1,0,0,1,0,1,0,0
"POINT (7.260534127000028 51.505200084000080)",Unfall 124420 (2019) Kat:3, Licht: 0,124420,3,3,5,10,15,7,1,0,0,1,0,0,0,0
"POINT (7.278354974000024 51.484540429000049)",Unfall 124433 (2019) Kat:3, Licht: 0,124433,3,6,2,10,16,7,1,0,0,1,0,0,0,0
"POINT (7.189784682000038 51.507424059000073)",Unfall 124532 (2019) Kat:3, Licht: 0,124532,3,3,5,10,09,5,0,0,1,1,0,0,0,0
"POINT (7.215235056000040 51.475998779000065)",Unfall 124615 (2019) Kat:3, Licht: 0,124615,3,7,2,10,19,4,0,0,0,1,0,0,0,0