WKT,Name,OBJECTID,UKATEGORIE,UTYP1,UART,UMONAT,USTUNDE,UWOCHENTAG,STRZUSTAND,ULICHTVERH,ISTRAD,ISTPKW,ISTFUSS,ISTKRAD,ISTGKFZ,ISTSONSTIG
"POINT (6.918399156000021 52.130063351000047)",Unfall 124714 (2019) Kat:3, Licht: 0,124714,3,3,5,10,14,2,0,0,1,1,0,0,0,0
"POINT (7.288845887000036 51.458147755000027)",Unfall 124826 (2019) Kat:3, Licht: 2,124826,3,6,2,10,19,2,0,2,0,1,0,0,0,0
"POINT (7.262579383000059 51.507074678000038)",Unfall 124872 (2019) Kat:3, Licht: 2,124872,3,4,6,10,04,1,1,2,0,1,1,0,0,0
"POINT (7.165540009000040 51.486393556000053)",Unfall 124959 (2019) Kat:3, Licht: 0,124959,3,3,5,10,14,7,0,0,0,1,0,1,0,0
"POINT (7.225607364000041 51.451781142000073)",Unfall 125065 (2019) Kat:3, Licht: 0,125065,3,1,0,10,09,6,0,0,1,0,0,0,0,0
"POINT (7.162976007000054 51.469630909000045)",Unfall 125066 (2019) Kat:2, Licht: 0,125066,2,7,5,10,08,6,0,0,0,1,0,0,0,0
"POINT (7.180444160000036 51.481753550000064)",Unfall 125131 (2019) Kat:3, Licht: 0,125131,3,6,2,10,09,4,0,0,0,1,0,0,0,0
"POINT (7.256433510000022 51.504197265000073)",Unfall 125160 (2019) Kat:3, Licht: 2,125160,3,6,2,10,19,5,0,2,0,1,0,0,0,0
"POINT (7.210421069000063 51.480876315000046)",Unfall 125252 (2019) Kat:3, Licht: 0,125252,3,7,1,10,14,5,0,0,0,1,0,0,0,0
"POINT (7.224131617000069 51.458170263000056)",Unfall 125279 (2019) Kat:3, Licht: 2,125279,3,4,6,10,18,3,0,2,0,1,1,0,0,0
"POINT (7.237815789000024 51.474611048000043)",Unfall 125328 (2019) Kat:2, Licht: 0,125328,2,6,6,10,07,4,0,0,0,1,1,0,0,0
"POINT (7.264832585000022 51.500699389000033)",Unfall 125340 (2019) Kat:3, Licht: 0,125340,3,6,2,10,07,5,0,0,0,1,0,0,0,0
"POINT (7.159528724000040 51.444102404000034)",Unfall 125404 (2019) Kat:2, Licht: 0,125404,2,4,6,10,13,5,0,0,0,1,1,0,0,0
"POINT (7.262713348000034 51.463141339000060)",Unfall 125541 (2019) Kat:3, Licht: 0,125541,3,6,2,11,13,2,0,0,0,1,0,0,0,0
"POINT (7.244656758000076 51.491926442000079)",Unfall 125699 (2019) Kat:3, Licht: 2,125699,3,4,6,11,20,7,0,2,0,1,1,0,0,0
"POINT (7.221225825000033 51.478730254000027)",Unfall 125701 (2019) Kat:3, Licht: 2,125701,3,2,6,11,03,7,1,2,0,1,1,0,0,0
"POINT (7.162000380000052 51.469211173000076)",Unfall 125745 (2019) Kat:3, Licht: 0,125745,3,3,5,11,13,3,0,0,0,1,0,0,0,1
"POINT (7.226612610000075 51.470995629000072)",Unfall 125747 (2019) Kat:3, Licht: 0,125747,3,6,2,11,12,3,1,0,0,1,0,0,0,0
"POINT (7.235767645000067 51.500465147000057)",Unfall 125902 (2019) Kat:3, Licht: 0,125902,3,4,1,11,16,5,1,0,1,1,1,0,0,0
"POINT (7.194346556000028 51.477149749000034)",Unfall 125903 (2019) Kat:3, Licht: 2,125903,3,2,5,11,21,5,1,2,0,1,0,0,0,1
"POINT (7.231419019000043 51.431958548000068)",Unfall 126073 (2019) Kat:3, Licht: 1,126073,3,2,6,11,07,4,1,1,0,1,1,0,0,0
"POINT (7.189813978000075 51.507956166000042)",Unfall 126075 (2019) Kat:3, Licht: 0,126075,3,6,1,11,10,4,1,0,0,1,0,0,0,0
"POINT (7.223146529000076 51.479833328000041)",Unfall 126077 (2019) Kat:3, Licht: 0,126077,3,1,0,11,10,4,1,0,1,0,0,0,0,0
"POINT (7.232999965000033 51.432425868000053)",Unfall 126172 (2019) Kat:3, Licht: 0,126172,3,3,5,11,10,6,0,0,0,1,0,0,0,1
"POINT (7.190064791000054 51.495117580000056)",Unfall 126173 (2019) Kat:3, Licht: 1,126173,3,2,2,11,07,6,1,1,0,1,0,0,0,0
"POINT (7.202054638000050 51.461993701000040)",Unfall 126284 (2019) Kat:3, Licht: 2,126284,3,2,4,11,05,3,1,2,0,1,0,0,0,0
"POINT (7.189817098000049 51.507999835000078)",Unfall 126285 (2019) Kat:3, Licht: 2,126285,3,6,1,11,16,3,1,2,0,1,0,0,1,0
"POINT (7.313671111000076 51.496152176000066)",Unfall 126294 (2019) Kat:3, Licht: 0,126294,3,6,2,11,07,3,1,0,0,1,0,0,0,0
"POINT (7.299349285000062 51.496522062000054)",Unfall 126295 (2019) Kat:3, Licht: 0,126295,3,6,2,11,13,3,1,0,0,1,0,0,0,1
"POINT (7.192277373000025 51.453042030000063)",Unfall 126353 (2019) Kat:3, Licht: 0,126353,3,3,5,11,11,5,0,0,1,1,0,0,0,0
"POINT (7.289812153000071 51.456103849000044)",Unfall 126355 (2019) Kat:3, Licht: 2,126355,3,6,2,11,17,5,0,2,0,1,0,0,0,0
"POINT (7.231398406000039 51.447805160000030)",Unfall 126358 (2019) Kat:3, Licht: 2,126358,3,4,6,11,16,5,0,2,0,1,1,0,0,0
"POINT (7.335378499000058 51.495709834000081)",Unfall 126359 (2019) Kat:3, Licht: 0,126359,3,3,5,11,08,5,1,0,0,1,0,1,0,0
"POINT (7.129912383000033 51.472730429000080)",Unfall 126362 (2019) Kat:3, Licht: 1,126362,3,6,1,11,16,5,0,1,0,1,0,0,0,0
"POINT (7.227325956000072 51.478139402000068)",Unfall 126365 (2019) Kat:3, Licht: 2,126365,3,7,6,11,22,5,0,2,0,0,1,0,0,1
"POINT (7.218780375000051 51.478632485000048)",Unfall 126366 (2019) Kat:3, Licht: 0,126366,3,7,5,11,12,5,0,0,0,1,0,1,0,0
"POINT (7.228774559000044 51.447219447000066)",Unfall 126434 (2019) Kat:3, Licht: 0,126434,3,3,5,11,08,2,0,0,0,1,0,1,0,0
"POINT (7.136675093000065 51.457969135000042)",Unfall 126436 (2019) Kat:3, Licht: 2,126436,3,3,5,11,21,2,1,2,0,1,0,0,0,0
"POINT (7.198272060000022 51.491588750000062)",Unfall 126438 (2019) Kat:3, Licht: 0,126438,3,3,5,11,07,2,0,0,1,1,0,0,0,0
"POINT (7.192440449000060 51.493503316000044)",Unfall 126563 (2019) Kat:2, Licht: 2,126563,2,6,6,11,17,4,1,2,0,1,1,0,0,0
"POINT (7.216191441000035 51.486874258000057)",Unfall 126735 (2019) Kat:3, Licht: 2,126735,3,3,5,11,16,3,1,2,0,1,0,0,0,0
"POINT (7.231135780000045 51.476886803000070)",Unfall 126737 (2019) Kat:3, Licht: 0,126737,3,6,2,11,15,3,1,0,0,1,0,0,0,0
"POINT (7.195493330000033 51.492236417000072)",Unfall 126759 (2019) Kat:2, Licht: 0,126759,2,7,0,11,14,7,0,0,1,0,0,0,0,0
"POINT (7.233961311000030 51.488167002000068)",Unfall 126761 (2019) Kat:3, Licht: 0,126761,3,6,2,11,11,7,0,0,0,1,0,0,0,0
"POINT (7.240647649000039 51.431648350000046)",Unfall 126977 (2019) Kat:3, Licht: 0,126977,3,5,1,11,11,6,0,0,0,1,0,0,0,0
"POINT (7.324818318000041 51.483923744000037)",Unfall 126980 (2019) Kat:3, Licht: 2,126980,3,2,4,11,18,6,0,2,0,1,0,0,0,0
"POINT (7.222453563000045 51.483797803000073)",Unfall 126982 (2019) Kat:3, Licht: 0,126982,3,3,5,11,10,6,0,0,0,1,0,0,0,0
"POINT (7.217681094000056 51.498546291000082)",Unfall 127032 (2019) Kat:3, Licht: 2,127032,3,7,8,11,22,2,1,2,0,1,0,0,0,0
"POINT (7.219686882000076 51.464108186000033)",Unfall 127057 (2019) Kat:3, Licht: 0,127057,3,7,4,11,13,2,1,0,0,1,0,0,0,0
"POINT (7.129909687000065 51.483311752000077)",Unfall 127058 (2019) Kat:3, Licht: 2,127058,3,2,6,11,17,2,1,2,0,1,1,0,0,0
"POINT (7.241366967000033 51.465681314000051)",Unfall 127060 (2019) Kat:3, Licht: 2,127060,3,2,6,11,18,2,1,2,0,1,1,0,0,0
"POINT (7.255778546000045 51.484449705000031)",Unfall 127063 (2019) Kat:3, Licht: 1,127063,3,6,2,11,16,2,1,1,0,1,0,0,0,0
"POINT (7.232158353000045 51.493282398000076)",Unfall 127158 (2019) Kat:3, Licht: 2,127158,3,6,1,11,23,1,1,2,0,1,0,0,0,0
"POINT (7.147699970000076 51.448657490000073)",Unfall 127379 (2019) Kat:3, Licht: 0,127379,3,3,5,11,13,7,0,0,0,1,0,0,0,0
"POINT (7.190424396000026 51.496258453000053)",Unfall 127392 (2019) Kat:3, Licht: 2,127392,3,6,3,11,18,7,0,2,0,1,0,0,0,0
"POINT (7.145363020000048 51.468602950000047)",Unfall 127546 (2019) Kat:3, Licht: 0,127546,3,1,0,11,08,4,1,0,0,0,0,1,0,0
"POINT (7.248052247000032 51.494638478000070)",Unfall 127547 (2019) Kat:2, Licht: 2,127547,2,4,6,11,17,4,0,2,0,1,1,0,0,0
"POINT (7.261701863000042 51.494723346000058)",Unfall 127666 (2019) Kat:3, Licht: 2,127666,3,6,2,11,20,6,1,2,0,1,0,0,0,0
"POINT (7.212208198000042 51.497245642000053)",Unfall 127669 (2019) Kat:3, Licht: 0,127669,3,6,2,11,14,6,0,0,0,1,0,0,0,0
"POINT (7.209318582000037 51.456427651000070)",Unfall 127689 (2019) Kat:3, Licht: 2,127689,3,1,9,11,05,6,1,2,0,1,0,0,0,0
"POINT (7.272253846000069 51.474859167000034)",Unfall 127784 (2019) Kat:3, Licht: 0,127784,3,4,6,11,13,4,0,0,0,1,1,0,0,0
"POINT (7.275858222000068 51.519799090000049)",Unfall 127785 (2019) Kat:3, Licht: 2,127785,3,2,6,11,17,4,1,2,0,1,1,0,0,0
"POINT (7.189332780000029 51.495585133000077)",Unfall 127786 (2019) Kat:3, Licht: 0,127786,3,3,5,11,13,4,0,0,0,1,0,0,0,0
"POINT (7.233534340000063 51.476207095000063)",Unfall 127787 (2019) Kat:3, Licht: 2,127787,3,2,6,11,22,4,1,2,0,1,1,0,0,0
"POINT (7.235889738000026 51.475336986000059)",Unfall 127788 (2019) Kat:2, Licht: 2,127788,2,7,0,11,19,4,1,2,0,1,0,1,0,0
"POINT (7.224330683000062 51.438696767000067)",Unfall 127883 (2019) Kat:2, Licht: 2,127883,2,1,9,11,06,3,1,2,0,1,0,0,0,0
"POINT (7.141864150000060 51.474347090000037)",Unfall 127999 (2019) Kat:3, Licht: 2,127999,3,6,2,11,17,2,0,2,0,1,0,0,0,0
"POINT (7.221244473000070 51.426827417000027)",Unfall 128022 (2019) Kat:3, Licht: 0,128022,3,6,2,11,07,6,1,0,0,1,0,0,0,1
"POINT (7.238634721000040 51.474303395000049)",Unfall 128023 (2019) Kat:3, Licht: 2,128023,3,6,3,11,19,6,0,2,0,1,0,0,0,0
"POINT (7.210712720000061 51.512916950000033)",Unfall 128175 (2019) Kat:3, Licht: 1,128175,3,2,3,11,07,5,1,1,1,1,0,0,0,0
"POINT (7.191849952000041 51.472302842000033)",Unfall 128176 (2019) Kat:3, Licht: 0,128176,3,2,5,11,08,5,1,0,1,0,0,0,1,0
"POINT (7.229314127000066 51.510514784000065)",Unfall 128189 (2019) Kat:3, Licht: 0,128189,3,6,1,11,09,5,1,0,0,1,0,0,0,0
"POINT (7.243651335000038 51.472390793000045)",Unfall 128405 (2019) Kat:3, Licht: 0,128405,3,5,0,12,14,2,1,0,1,1,0,0,0,0
"POINT (7.282407101000047 51.479668012000047)",Unfall 128407 (2019) Kat:2, Licht: 2,128407,2,1,0,12,16,2,1,2,0,0,0,1,0,0
"POINT (7.213948493000032 51.488182987000073)",Unfall 128536 (2019) Kat:3, Licht: 2,128536,3,5,0,11,00,7,0,2,1,1,0,0,0,0
"POINT (7.220487449000075 51.498424661000058)",Unfall 128579 (2019) Kat:3, Licht: 0,128579,3,6,3,12,15,3,0,0,0,1,0,0,0,0
"POINT (7.276100689000032 51.496832347000066)",Unfall 128613 (2019) Kat:3, Licht: 0,128613,3,6,0,12,08,3,1,0,0,1,0,0,1,0
"POINT (7.225633868000045 51.452200926000046)",Unfall 128798 (2019) Kat:3, Licht: 2,128798,3,2,6,12,19,4,0,2,0,1,1,0,0,0
"POINT (7.129780161000042 51.483721090000074)",Unfall 128800 (2019) Kat:3, Licht: 2,128800,3,6,1,12,16,4,0,2,0,1,0,0,0,0
"POINT (7.260080853000034 51.504874903000029)",Unfall 128802 (2019) Kat:3, Licht: 0,128802,3,6,2,12,13,4,0,0,0,1,0,0,0,0
"POINT (7.305712999000036 51.481189706000066)",Unfall 128825 (2019) Kat:3, Licht: 0,128825,3,6,6,12,11,6,1,0,1,0,1,0,0,0
"POINT (7.201427621000050 51.461239359000047)",Unfall 128840 (2019) Kat:3, Licht: 2,128840,3,1,8,12,00,6,0,2,0,1,0,0,0,0
"POINT (7.272152462000065 51.474801478000074)",Unfall 129022 (2019) Kat:3, Licht: 2,129022,3,4,6,12,07,2,1,2,0,1,1,0,0,0
"POINT (7.289218756000025 51.500674200000049)",Unfall 129023 (2019) Kat:3, Licht: 2,129023,3,3,5,12,05,2,1,2,0,1,0,0,0,0
"POINT (7.136842775000048 51.457892938000043)",Unfall 129024 (2019) Kat:3, Licht: 2,129024,3,2,6,12,18,2,1,2,0,1,1,0,0,0
"POINT (7.224415241000031 51.499008894000042)",Unfall 129025 (2019) Kat:3, Licht: 2,129025,3,4,0,12,07,2,1,2,0,1,1,0,0,0
"POINT (7.156014286000072 51.476185828000041)",Unfall 129035 (2019) Kat:3, Licht: 1,129035,3,6,2,12,07,2,1,1,0,1,0,0,0,0
"POINT (7.278501108000057 51.483696211000051)",Unfall 129036 (2019) Kat:3, Licht: 2,129036,3,6,2,12,07,2,1,2,0,1,0,0,0,0
"POINT (7.192280408000045 51.454134403000069)",Unfall 129144 (2019) Kat:2, Licht: 2,129144,2,1,8,12,05,7,1,2,0,1,0,0,0,0
"POINT (7.128022947000034 51.479518927000072)",Unfall 129145 (2019) Kat:3, Licht: 2,129145,3,5,1,12,23,7,0,2,0,1,0,0,0,0
"POINT (7.189784502000066 51.507437972000048)",Unfall 129146 (2019) Kat:3, Licht: 0,129146,3,6,3,12,14,7,1,0,0,1,0,0,0,0
"POINT (7.278589848000024 51.483172732000071)",Unfall 129162 (2019) Kat:2, Licht: 0,129162,2,6,1,12,13,7,1,0,0,1,0,0,0,0
"POINT (7.218183501000056 51.426637472000039)",Unfall 129187 (2019) Kat:3, Licht: 0,129187,3,1,9,12,08,3,2,0,0,1,0,0,0,0
"POINT (7.162450516000035 51.485713940000039)",Unfall 129189 (2019) Kat:3, Licht: 0,129189,3,7,5,12,09,3,1,0,0,1,0,0,1,0
"POINT (7.148967529000061 51.462332906000029)",Unfall 129367 (2019) Kat:3, Licht: 2,129367,3,7,0,12,17,5,0,2,0,1,0,0,0,1
"POINT (7.212387382000031 51.505718494000064)",Unfall 129368 (2019) Kat:3, Licht: 0,129368,3,2,5,12,13,5,0,0,1,1,0,0,0,0
"POINT (7.211752675000071 51.518361734000052)",Unfall 129378 (2019) Kat:3, Licht: 2,129378,3,6,2,12,17,5,0,2,0,1,0,0,0,0
"POINT (7.245869255000059 51.452360438000028)",Unfall 129518 (2019) Kat:3, Licht: 0,129518,3,4,2,12,08,4,1,0,0,1,1,0,0,0
"POINT (7.138044402000048 51.458393776000037)",Unfall 129519 (2019) Kat:3, Licht: 2,129519,3,3,5,12,07,4,1,2,0,1,0,1,0,0
"POINT (7.197594359000050 51.458423477000053)",Unfall 129521 (2019) Kat:3, Licht: 2,129521,3,4,6,12,07,4,1,2,0,1,1,0,0,0
"POINT (7.158818140000051 51.476659551000068)",Unfall 129538 (2019) Kat:3, Licht: 1,129538,3,6,1,12,08,4,1,1,0,1,0,0,0,0
"POINT (7.128633907000051 51.474293898000042)",Unfall 129540 (2019) Kat:3, Licht: 2,129540,3,6,3,12,07,4,1,2,0,1,0,0,1,0
"POINT (7.228643691000059 51.477497839000080)",Unfall 129563 (2019) Kat:3, Licht: 2,129563,3,6,2,12,18,6,1,2,0,1,0,0,0,0
"POINT (7.191412328000070 51.491988844000048)",Unfall 129566 (2019) Kat:2, Licht: 0,129566,2,3,5,12,11,6,1,0,0,1,0,0,0,0
"POINT (7.207918238000048 51.480297077000046)",Unfall 129568 (2019) Kat:3, Licht: 2,129568,3,2,6,12,20,6,1,2,0,1,1,0,0,0
"POINT (7.183325231000026 51.480841479000048)",Unfall 129569 (2019) Kat:3, Licht: 2,129569,3,3,5,12,16,6,1,2,0,1,0,0,0,1
"POINT (7.164949190000073 51.478427140000065)",Unfall 129595 (2019) Kat:3, Licht: 0,129595,3,6,3,12,11,6,1,0,0,1,0,0,0,0
"POINT (7.159259829000064 51.467724164000060)",Unfall 129773 (2019) Kat:3, Licht: 2,129773,3,3,0,12,21,5,0,2,1,0,0,0,0,0
"POINT (7.275824199000056 51.519764652000049)",Unfall 130006 (2019) Kat:3, Licht: 0,130006,3,1,0,12,12,7,1,0,0,0,0,1,0,0
"POINT (7.192618387000039 51.442807037000080)",Unfall 130010 (2019) Kat:3, Licht: 2,130010,3,4,6,12,23,7,1,2,0,1,1,0,0,0
"POINT (7.176238565000062 51.484144678000064)",Unfall 130011 (2019) Kat:3, Licht: 1,130011,3,2,4,12,16,7,1,1,0,1,0,1,0,0
"POINT (7.145636896000042 51.461128189000078)",Unfall 130020 (2019) Kat:2, Licht: 1,130020,2,7,5,12,07,3,0,1,0,1,0,0,0,0
"POINT (7.138204693000034 51.489132929000050)",Unfall 130021 (2019) Kat:3, Licht: 1,130021,3,3,5,12,07,3,1,1,0,1,0,1,0,0
"POINT (7.247701483000071 51.492557711000075)",Unfall 130022 (2019) Kat:3, Licht: 0,130022,3,5,1,12,08,3,0,0,0,1,0,1,0,0
"POINT (7.203069648000053 51.462792924000041)",Unfall 130023 (2019) Kat:3, Licht: 2,130023,3,3,5,12,16,3,0,2,0,1,0,1,0,0
"POINT (7.160427272000050 51.477104610000026)",Unfall 130036 (2019) Kat:3, Licht: 1,130036,3,6,2,12,07,3,0,1,0,1,0,0,0,1
"POINT (7.275631968000027 51.492333290000033)",Unfall 130038 (2019) Kat:3, Licht: 2,130038,3,6,2,12,18,3,1,2,0,1,0,0,0,1
"POINT (7.185392918000048 51.493733259000066)",Unfall 130040 (2019) Kat:2, Licht: 1,130040,2,6,2,12,15,3,0,1,0,1,0,0,0,0
"POINT (7.215677152000069 51.472764871000038)",Unfall 130203 (2019) Kat:3, Licht: 0,130203,3,2,3,12,14,2,0,0,1,1,0,0,0,0
"POINT (7.272061848000021 51.497078306000049)",Unfall 130222 (2019) Kat:3, Licht: 2,130222,3,1,8,12,07,2,1,2,0,1,0,0,0,0
"POINT (7.195118089000061 51.462518167000042)",Unfall 130446 (2019) Kat:3, Licht: 2,130446,3,3,5,12,19,5,0,2,1,1,0,0,0,0
"POINT (7.204451284000072 51.456937342000060)",Unfall 130465 (2019) Kat:3, Licht: 0,130465,3,1,0,12,11,7,0,0,1,0,0,0,0,0
"POINT (7.183325231000026 51.480841479000048)",Unfall 130466 (2019) Kat:3, Licht: 0,130466,3,6,2,12,14,7,0,0,0,1,0,0,0,0
"POINT (7.234240651000050 51.475946568000040)",Unfall 130684 (2019) Kat:3, Licht: 0,130684,3,4,6,12,14,4,0,0,0,1,1,0,0,0
"POINT (7.282539243000031 51.500201624000056)",Unfall 130699 (2019) Kat:3, Licht: 0,130699,3,6,2,12,14,6,1,0,0,1,0,0,0,0
"POINT (7.238606031000074 51.449291997000046)",Unfall 130844 (2019) Kat:3, Licht: 2,130844,3,7,5,12,19,6,0,2,0,1,0,0,0,0
"POINT (7.133356693000053 51.461278642000082)",Unfall 130846 (2019) Kat:3, Licht: 2,130846,3,2,5,12,17,6,0,2,0,1,0,0,0,1
"POINT (7.235838412000021 51.488891502000058)",Unfall 130847 (2019) Kat:3, Licht: 2,130847,3,7,4,12,18,6,0,2,0,1,0,0,0,0
"POINT (7.258410084000047 51.515379414000051)",Unfall 130912 (2019) Kat:3, Licht: 2,130912,3,6,1,12,17,5,1,2,0,1,0,0,0,0
"POINT (7.250906572000076 51.455624252000064)",Unfall 130918 (2019) Kat:3, Licht: 0,130918,3,6,2,12,11,3,0,0,0,1,0,0,0,0
"POINT (7.230752892000055 51.510213595000039)",Unfall 131012 (2019) Kat:3, Licht: 0,131012,3,6,2,12,14,4,0,0,0,1,0,0,0,0
"POINT (7.129910222000035 51.472739730000058)",Unfall 131066 (2019) Kat:3, Licht: 0,131066,3,6,2,12,15,2,0,0,0,1,0,1,0,0
"POINT (7.213185767000027 51.492217849000042)",Unfall 131067 (2019) Kat:2, Licht: 0,131067,2,4,6,12,15,2,0,0,1,0,1,0,0,0
"POINT (7.221784014000036 51.483352423000042)",Unfall 131071 (2019) Kat:3, Licht: 0,131071,3,2,5,12,15,2,0,0,1,1,0,0,0,0
"POINT (7.127137085000072 51.475581140000031)",Unfall 131088 (2019) Kat:3, Licht: 0,131088,3,6,2,12,12,3,1,0,0,1,0,0,0,0
"POINT (7.271344267000075 51.515457122000043)",Unfall 131224 (2019) Kat:2, Licht: 2,131224,2,4,6,12,20,2,1,2,0,0,1,0,0,1
"POINT (7.166177945000072 51.445695560000047)",Unfall 131225 (2019) Kat:3, Licht: 0,131225,3,3,5,12,14,2,1,0,1,1,0,0,0,0
"POINT (7.260476079000057 51.505238141000063)",Unfall 131227 (2019) Kat:3, Licht: 2,131227,3,2,5,12,16,7,0,2,0,1,0,0,0,1
"POINT (7.215567746000033 51.483331739000050)",Unfall 232844 (2019) Kat:3, Licht: 2,232844,3,4,6,01,16,6,1,2,0,1,1,0,0,0
"POINT (7.302726925000059 51.476336843000070)",Unfall 232881 (2019) Kat:2, Licht: 2,232881,2,4,6,01,17,5,0,2,0,1,1,0,0,0
"POINT (7.216505959000074 51.485577558000045)",Unfall 232882 (2019) Kat:3, Licht: 2,232882,3,2,5,01,07,5,1,2,1,1,0,0,0,0
"POINT (7.248317861000032 51.453377340000031)",Unfall 232907 (2019) Kat:3, Licht: 0,232907,3,7,6,01,12,4,1,0,0,1,1,0,0,0
"POINT (7.219606225000064 51.490423737000071)",Unfall 233045 (2019) Kat:3, Licht: 0,233045,3,7,0,01,14,4,0,0,1,0,0,0,0,0
"POINT (7.303629308000041 51.475692639000044)",Unfall 233098 (2019) Kat:3, Licht: 1,233098,3,2,2,01,17,5,0,1,0,1,0,0,0,0
"POINT (7.212195508000036 51.494824987000072)",Unfall 233248 (2019) Kat:3, Licht: 1,233248,3,4,6,01,07,5,0,1,0,1,1,0,0,0
"POINT (7.308990869000070 51.484951796000075)",Unfall 233288 (2019) Kat:3, Licht: 2,233288,3,3,5,01,17,2,1,2,0,1,0,0,0,0
"POINT (7.133741265000026 51.469379860000060)",Unfall 233394 (2019) Kat:2, Licht: 0,233394,2,3,0,01,12,2,1,0,0,1,0,1,0,0
"POINT (7.142625196000040 51.471271010000066)",Unfall 233462 (2019) Kat:3, Licht: 0,233462,3,2,6,01,12,7,1,0,0,1,1,0,0,0
"POINT (7.144760242000075 51.481168823000075)",Unfall 233533 (2019) Kat:3, Licht: 2,233533,3,3,5,01,17,6,1,2,0,1,0,0,0,0
"POINT (7.138420134000057 51.480998767000074)",Unfall 233534 (2019) Kat:3, Licht: 0,233534,3,4,6,01,12,6,1,0,0,0,1,0,0,1
"POINT (7.206002777000037 51.478989654000031)",Unfall 233535 (2019) Kat:3, Licht: 2,233535,3,5,1,01,18,6,1,2,0,1,0,0,0,0
"POINT (7.266058786000031 51.496269184000028)",Unfall 233556 (2019) Kat:3, Licht: 2,233556,3,1,8,01,23,2,0,2,0,1,0,0,0,0
"POINT (7.197643703000040 51.445314349000057)",Unfall 233673 (2019) Kat:2, Licht: 0,233673,2,1,0,01,11,6,2,0,1,0,0,0,0,0
"POINT (7.112373975000025 51.482754801000056)",Unfall 233674 (2019) Kat:3, Licht: 0,233674,3,6,2,01,08,6,2,0,0,1,0,0,0,0
"POINT (7.221529799000052 51.473635795000064)",Unfall 233675 (2019) Kat:3, Licht: 0,233675,3,7,5,01,10,6,1,0,0,1,0,0,0,0
"POINT (7.293650900000046 51.461557357000061)",Unfall 233676 (2019) Kat:3, Licht: 2,233676,3,1,9,01,16,6,0,2,0,1,0,0,0,0
"POINT (7.199961256000051 51.517752938000058)",Unfall 233735 (2019) Kat:3, Licht: 0,233735,3,3,5,01,09,5,1,0,0,1,0,0,0,0
"POINT (7.296530677000021 51.461574622000057)",Unfall 233779 (2019) Kat:3, Licht: 2,233779,3,6,2,01,17,4,0,2,0,1,0,0,0,0
"POINT (7.136264252000046 51.482381560000078)",Unfall 233858 (2019) Kat:3, Licht: 0,233858,3,7,0,01,08,6,1,0,0,1,0,0,0,1
"POINT (7.235160900000039 51.454845001000081)",Unfall 233945 (2019) Kat:3, Licht: 0,233945,3,5,1,01,09,4,1,0,0,1,0,0,0,0
"POINT (7.296784853000077 51.469919616000027)",Unfall 233985 (2019) Kat:2, Licht: 0,233985,2,3,5,01,12,3,0,0,0,1,0,0,0,0
"POINT (7.178469433000032 51.481184234000068)",Unfall 233987 (2019) Kat:3, Licht: 2,233987,3,1,8,01,21,3,2,2,0,1,0,0,0,0
"POINT (7.220289639000043 51.479752769000072)",Unfall 234180 (2019) Kat:2, Licht: 1,234180,2,2,5,01,17,3,0,1,1,0,0,0,0,0
"POINT (7.140860241000041 51.473934114000031)",Unfall 234300 (2019) Kat:3, Licht: 2,234300,3,6,2,01,18,7,1,2,0,1,0,0,0,0
"POINT (7.134627923000039 51.482594707000032)",Unfall 234374 (2019) Kat:3, Licht: 0,234374,3,6,2,02,15,2,0,0,0,1,0,0,0,0
"POINT (7.160395117000064 51.425626511000075)",Unfall 234449 (2019) Kat:3, Licht: 1,234449,3,2,6,02,07,7,1,1,0,1,1,0,0,0
"POINT (7.205452327000046 51.501043547000052)",Unfall 234450 (2019) Kat:3, Licht: 0,234450,3,6,2,02,15,7,1,0,0,1,0,0,0,0
"POINT (7.230309937000072 51.474181732000034)",Unfall 234516 (2019) Kat:3, Licht: 0,234516,3,2,5,02,13,6,1,0,0,1,0,1,0,0
"POINT (7.271056243000032 51.468651997000052)",Unfall 234595 (2019) Kat:3, Licht: 0,234595,3,2,2,02,10,2,1,0,0,1,0,0,0,0
"POINT (7.224211638000043 51.487088168000071)",Unfall 234629 (2019) Kat:3, Licht: 0,234629,3,7,6,02,09,3,1,0,0,1,0,0,0,1
"POINT (7.303511455000034 51.475681939000026)",Unfall 234649 (2019) Kat:3, Licht: 2,234649,3,4,6,02,20,7,0,2,0,1,1,0,0,0
"POINT (7.267342103000033 51.456198217000065)",Unfall 234797 (2019) Kat:3, Licht: 2,234797,3,7,0,02,20,3,0,2,0,0,0,0,0,1
"POINT (7.217793057000051 51.473228396000081)",Unfall 234887 (2019) Kat:3, Licht: 0,234887,3,6,2,02,13,6,0,0,0,1,0,0,0,0