WKT,Name,OBJECTID,UKATEGORIE,UTYP1,UART,UMONAT,USTUNDE,UWOCHENTAG,STRZUSTAND,ULICHTVERH,ISTRAD,ISTPKW,ISTFUSS,ISTKRAD,ISTGKFZ,ISTSONSTIG
"POINT (7.310792083000024 51.460033907000081)",Unfall 234888 (2019) Kat:3, Licht: 0,234888,3,6,2,02,15,6,0,0,0,1,0,0,0,0
"POINT (7.140489201000037 51.484041672000046)",Unfall 235032 (2019) Kat:3, Licht: 0,235032,3,2,0,02,07,4,0,0,0,0,0,1,0,1
"POINT (7.154198809000036 51.463805187000048)",Unfall 235092 (2019) Kat:3, Licht: 0,235092,3,3,5,02,14,4,0,0,0,1,0,0,0,0
"POINT (7.141926042000023 51.472244965000073)",Unfall 235093 (2019) Kat:3, Licht: 1,235093,3,7,0,02,07,4,0,1,1,1,0,0,0,0
"POINT (7.298196705000066 51.461645369000053)",Unfall 235231 (2019) Kat:2, Licht: 2,235231,2,6,2,02,18,2,0,2,0,1,0,0,0,0
"POINT (7.295252232000053 51.473478864000072)",Unfall 235324 (2019) Kat:3, Licht: 0,235324,3,6,2,02,11,7,0,0,0,1,0,0,0,0
"POINT (7.277953234000052 51.438586748000034)",Unfall 235338 (2019) Kat:3, Licht: 1,235338,3,7,1,02,19,2,0,1,0,1,0,0,0,0
"POINT (7.271469653000054 51.468503232000046)",Unfall 235429 (2019) Kat:3, Licht: 0,235429,3,7,4,02,16,7,0,0,1,1,0,0,0,0
"POINT (7.149106551000045 51.473467155000037)",Unfall 235430 (2019) Kat:3, Licht: 2,235430,3,2,5,02,20,7,0,2,0,1,0,1,0,0
"POINT (7.195473941000046 51.506213564000063)",Unfall 235431 (2019) Kat:2, Licht: 0,235431,2,3,5,02,17,7,0,0,0,1,0,0,0,1
"POINT (7.275712479000049 51.508821535000038)",Unfall 235544 (2019) Kat:3, Licht: 0,235544,3,6,1,02,13,5,0,0,0,1,0,0,0,0
"POINT (7.267781806000073 51.509917379000058)",Unfall 235712 (2019) Kat:3, Licht: 0,235712,3,3,5,02,13,4,0,0,0,1,0,1,0,0
"POINT (7.284260241000027 51.492748947000052)",Unfall 235878 (2019) Kat:3, Licht: 2,235878,3,2,2,03,19,5,0,2,0,1,0,0,0,0
"POINT (7.250493104000043 51.512179209000067)",Unfall 235879 (2019) Kat:2, Licht: 1,235879,2,3,5,03,17,5,1,1,1,1,0,0,0,0
"POINT (7.322002588000032 51.471996039000032)",Unfall 235930 (2019) Kat:3, Licht: 0,235930,3,7,6,03,09,4,0,0,0,1,1,0,0,0
"POINT (7.271597003000068 51.455028557000048)",Unfall 235931 (2019) Kat:3, Licht: 0,235931,3,5,0,03,16,4,1,0,1,1,0,0,0,0
"POINT (7.247278312000049 51.446679384000049)",Unfall 235965 (2019) Kat:2, Licht: 0,235965,2,2,6,03,15,3,0,0,0,1,1,0,0,0
"POINT (7.205827229000022 51.498790231000044)",Unfall 235966 (2019) Kat:2, Licht: 0,235966,2,7,0,03,14,3,0,0,1,0,0,0,0,0
"POINT (7.232100448000040 51.452761970000040)",Unfall 236050 (2019) Kat:3, Licht: 2,236050,3,5,1,03,19,7,1,2,0,1,0,0,0,0
"POINT (7.188795218000053 51.449406350000061)",Unfall 236051 (2019) Kat:3, Licht: 0,236051,3,6,3,03,11,7,0,0,1,1,0,0,0,0
"POINT (7.191525216000059 51.461583872000062)",Unfall 236052 (2019) Kat:3, Licht: 0,236052,3,4,6,03,16,7,0,0,0,1,1,0,0,0
"POINT (7.194548360000056 51.487536555000077)",Unfall 236133 (2019) Kat:3, Licht: 2,236133,3,1,9,03,00,4,1,2,0,1,0,0,0,0
"POINT (7.258001705000027 51.507216840000069)",Unfall 236198 (2019) Kat:3, Licht: 2,236198,3,1,4,03,18,3,0,2,0,1,0,0,0,0
"POINT (7.215938417000075 51.481823694000070)",Unfall 236255 (2019) Kat:3, Licht: 0,236255,3,3,0,03,12,2,1,0,0,1,0,0,0,1
"POINT (7.277619475000051 51.494890663000035)",Unfall 236303 (2019) Kat:3, Licht: 2,236303,3,2,3,03,19,7,1,2,0,1,0,0,0,1
"POINT (7.250078673000076 51.514094988000068)",Unfall 236510 (2019) Kat:3, Licht: 0,236510,3,7,2,03,14,6,0,0,0,1,0,0,0,0
"POINT (7.316662662000056 51.458840845000054)",Unfall 236511 (2019) Kat:3, Licht: 1,236511,3,6,1,03,18,6,1,1,0,1,0,0,0,0
"POINT (7.311289730000055 51.459772230000056)",Unfall 236653 (2019) Kat:3, Licht: 0,236653,3,6,2,03,15,6,0,0,0,1,0,0,0,0
"POINT (7.263360135000028 51.439693618000035)",Unfall 236727 (2019) Kat:3, Licht: 0,236727,3,5,3,03,14,5,0,0,0,1,0,1,0,0
"POINT (7.217157262000058 51.495838693000053)",Unfall 236728 (2019) Kat:3, Licht: 0,236728,3,3,5,03,14,5,0,0,1,1,0,0,0,0
"POINT (7.232625923000057 51.489958736000062)",Unfall 236856 (2019) Kat:3, Licht: 0,236856,3,6,2,03,07,3,0,0,0,1,0,0,0,0
"POINT (7.215944612000044 51.480411940000067)",Unfall 236902 (2019) Kat:3, Licht: 0,236902,3,4,6,03,13,4,0,0,0,1,1,0,0,0
"POINT (7.275970596000036 51.457541932000026)",Unfall 237013 (2019) Kat:3, Licht: 0,237013,3,3,5,03,09,2,1,0,1,1,0,0,0,0
"POINT (7.111220133000074 51.483621497000058)",Unfall 237014 (2019) Kat:2, Licht: 0,237014,2,5,1,03,11,2,1,0,0,1,0,1,0,0
"POINT (7.215243267000062 51.508721985000079)",Unfall 237015 (2019) Kat:3, Licht: 0,237015,3,3,0,03,06,2,1,0,0,1,0,1,0,0
"POINT (7.222130859000060 51.480343852000033)",Unfall 237016 (2019) Kat:3, Licht: 0,237016,3,4,0,03,17,2,1,0,0,0,1,0,0,1
"POINT (7.170331946000033 51.428860191000069)",Unfall 237133 (2019) Kat:3, Licht: 0,237133,3,3,5,04,06,2,0,0,1,1,0,0,0,0
"POINT (7.209571274000041 51.477990819000070)",Unfall 237134 (2019) Kat:3, Licht: 0,237134,3,2,6,04,19,2,0,0,0,1,1,0,0,0
"POINT (7.304453727000066 51.485564404000058)",Unfall 237149 (2019) Kat:3, Licht: 0,237149,3,6,2,04,08,2,0,0,0,1,0,1,0,0
"POINT (7.184368052000025 51.488081927000053)",Unfall 237164 (2019) Kat:2, Licht: 2,237164,2,1,9,03,21,1,0,2,0,1,0,0,0,0
"POINT (7.139005412000074 51.473793502000035)",Unfall 237229 (2019) Kat:2, Licht: 0,237229,2,2,5,03,11,7,0,0,0,1,0,0,0,0
"POINT (7.158150226000032 51.440140083000074)",Unfall 237316 (2019) Kat:3, Licht: 0,237316,3,7,1,03,12,6,0,0,1,0,0,0,1,0
"POINT (7.216035816000044 51.481936344000076)",Unfall 237317 (2019) Kat:3, Licht: 0,237317,3,1,0,03,15,6,0,0,1,0,0,0,0,0
"POINT (7.290286921000075 51.461584145000074)",Unfall 237318 (2019) Kat:3, Licht: 0,237318,3,6,2,03,14,6,0,0,0,1,0,0,0,0
"POINT (7.255643465000048 51.443185201000063)",Unfall 237689 (2019) Kat:3, Licht: 0,237689,3,2,6,04,17,3,0,0,0,1,1,0,0,0
"POINT (7.137809149000020 51.473664952000036)",Unfall 237805 (2019) Kat:3, Licht: 0,237805,3,3,5,04,15,1,0,0,0,1,0,0,0,0
"POINT (7.184342258000072 51.488071519000073)",Unfall 237850 (2019) Kat:2, Licht: 2,237850,2,1,9,04,04,7,0,2,0,1,0,0,0,0
"POINT (7.124033550000036 51.485455556000034)",Unfall 237948 (2019) Kat:2, Licht: 2,237948,2,6,3,04,00,7,0,2,1,0,0,0,0,0
"POINT (7.318635590000042 51.458460603000049)",Unfall 237997 (2019) Kat:3, Licht: 0,237997,3,6,2,04,16,6,0,0,0,1,0,0,0,0
"POINT (7.250271260000034 51.439491632000056)",Unfall 238057 (2019) Kat:3, Licht: 0,238057,3,5,1,04,17,5,0,0,0,1,0,0,0,0
"POINT (7.297073690000048 51.466855056000043)",Unfall 238205 (2019) Kat:3, Licht: 0,238205,3,1,0,04,18,5,0,0,1,0,0,0,0,0
"POINT (7.312584216000062 51.482808322000039)",Unfall 238317 (2019) Kat:3, Licht: 0,238317,3,7,0,04,19,3,0,0,1,1,0,0,0,0
"POINT (7.203445411000075 51.489731964000043)",Unfall 238437 (2019) Kat:3, Licht: 0,238437,3,5,1,04,12,1,0,0,0,1,0,0,0,0
"POINT (7.307578842000055 51.460948414000029)",Unfall 238492 (2019) Kat:3, Licht: 0,238492,3,4,6,04,09,3,0,0,0,1,1,0,0,0
"POINT (7.151328338000042 51.471992432000036)",Unfall 238493 (2019) Kat:3, Licht: 0,238493,3,3,5,04,07,3,0,0,0,1,0,0,0,0
"POINT (7.212268158000029 51.425573813000028)",Unfall 238530 (2019) Kat:3, Licht: 0,238530,3,6,6,04,18,2,0,0,0,1,1,0,0,0
"POINT (7.204647579000039 51.477134392000039)",Unfall 238531 (2019) Kat:3, Licht: 0,238531,3,3,5,04,15,2,0,0,0,1,0,0,0,0
"POINT (7.173899342000027 51.433459283000047)",Unfall 238625 (2019) Kat:3, Licht: 0,238625,3,2,3,04,16,7,0,0,1,1,0,0,0,0
"POINT (7.269455744000027 51.509710367000082)",Unfall 238803 (2019) Kat:3, Licht: 0,238803,3,3,5,04,15,6,0,0,1,1,0,0,0,0
"POINT (7.296915178000063 51.469947932000082)",Unfall 238853 (2019) Kat:3, Licht: 2,238853,3,3,5,04,22,5,0,2,1,1,0,0,0,0
"POINT (7.146814958000050 51.427067004000037)",Unfall 238854 (2019) Kat:3, Licht: 0,238854,3,6,3,04,18,5,0,0,1,0,0,0,1,0
"POINT (7.205464631000041 51.497854409000070)",Unfall 238855 (2019) Kat:3, Licht: 0,238855,3,7,0,04,15,5,0,0,1,0,0,0,0,0
"POINT (7.269092355000055 51.494962926000028)",Unfall 238939 (2019) Kat:3, Licht: 0,238939,3,6,4,04,15,4,0,0,0,1,0,0,0,0
"POINT (7.315209595000056 51.481050517000028)",Unfall 239099 (2019) Kat:3, Licht: 0,239099,3,3,5,04,15,3,0,0,0,1,0,0,0,1
"POINT (7.254994156000066 51.502433172000053)",Unfall 239204 (2019) Kat:3, Licht: 0,239204,3,2,5,04,08,1,0,0,0,1,0,1,0,0
"POINT (7.224528122000038 51.451945364000039)",Unfall 239205 (2019) Kat:3, Licht: 2,239205,3,6,6,04,03,1,0,2,0,1,1,0,0,0
"POINT (7.204383138000026 51.495362140000054)",Unfall 239214 (2019) Kat:3, Licht: 0,239214,3,3,5,05,07,3,0,0,1,0,0,0,1,0
"POINT (7.174090804000059 51.498807172000056)",Unfall 239282 (2019) Kat:3, Licht: 0,239282,3,4,6,05,13,2,0,0,0,1,1,0,0,0
"POINT (7.215660290000074 51.484910867000053)",Unfall 239348 (2019) Kat:2, Licht: 0,239348,2,7,6,05,14,7,0,0,0,0,1,0,0,1
"POINT (7.276988422000045 51.495071172000053)",Unfall 239550 (2019) Kat:3, Licht: 0,239550,3,5,0,05,17,6,0,0,0,1,0,0,0,1
"POINT (7.141060725000045 51.479958598000053)",Unfall 239689 (2019) Kat:3, Licht: 0,239689,3,6,6,05,10,4,0,0,0,1,1,0,0,0
"POINT (7.140372666000076 51.474591213000053)",Unfall 239749 (2019) Kat:3, Licht: 0,239749,3,6,3,05,12,4,0,0,0,1,0,1,0,0
"POINT (7.219510694000064 51.515015212000037)",Unfall 239852 (2019) Kat:3, Licht: 0,239852,3,3,5,05,17,3,0,0,1,0,0,0,0,0
"POINT (7.224632011000040 51.466849869000043)",Unfall 239931 (2019) Kat:3, Licht: 0,239931,3,4,6,05,07,2,0,0,1,0,1,0,0,0
"POINT (7.335864736000076 51.477806067000074)",Unfall 240028 (2019) Kat:3, Licht: 0,240028,3,5,5,05,18,7,1,0,0,1,0,0,0,0
"POINT (7.271313839000072 51.468559341000059)",Unfall 240196 (2019) Kat:2, Licht: 0,240196,2,2,5,05,07,5,0,0,1,1,0,0,0,0
"POINT (7.318427386000053 51.457272644000057)",Unfall 240197 (2019) Kat:3, Licht: 0,240197,3,6,2,05,07,5,0,0,0,1,0,0,0,0
"POINT (7.268643922000024 51.448311922000073)",Unfall 240296 (2019) Kat:3, Licht: 0,240296,3,7,5,05,15,4,0,0,0,1,0,0,0,0
"POINT (7.283151704000034 51.478498808000040)",Unfall 240373 (2019) Kat:3, Licht: 0,240373,3,1,8,05,17,3,1,0,0,1,0,0,0,0
"POINT (7.256967219000046 51.500667214000032)",Unfall 240375 (2019) Kat:3, Licht: 0,240375,3,1,0,05,19,3,1,0,0,0,0,1,0,0
"POINT (7.174609872000076 51.445891699000072)",Unfall 240497 (2019) Kat:3, Licht: 0,240497,3,1,0,05,12,1,0,0,1,0,0,0,0,0
"POINT (7.225906980000048 51.477959666000061)",Unfall 240563 (2019) Kat:3, Licht: 2,240563,3,4,6,05,03,7,0,2,0,1,1,0,0,0
"POINT (7.249696655000037 51.485790027000064)",Unfall 240676 (2019) Kat:3, Licht: 0,240676,3,3,5,05,08,6,0,0,1,1,0,0,0,0
"POINT (7.219350500000076 51.419854576000034)",Unfall 240755 (2019) Kat:2, Licht: 0,240755,2,6,4,05,13,5,0,0,1,0,0,0,0,0
"POINT (7.214903745000072 51.510720202000073)",Unfall 240941 (2019) Kat:3, Licht: 0,240941,3,6,2,05,18,3,1,0,0,1,0,0,0,0
"POINT (7.173897385000032 51.498054034000063)",Unfall 241001 (2019) Kat:3, Licht: 0,241001,3,3,5,05,06,2,1,0,1,1,0,0,0,0
"POINT (7.262494854000067 51.512924151000050)",Unfall 241042 (2019) Kat:3, Licht: 0,241042,3,7,0,06,09,2,1,0,0,0,0,1,0,0
"POINT (7.164905921000070 51.428602251000029)",Unfall 241238 (2019) Kat:3, Licht: 0,241238,3,2,5,05,13,6,0,0,1,1,0,0,0,0
"POINT (7.295256844000051 51.461509976000059)",Unfall 241239 (2019) Kat:3, Licht: 0,241239,3,6,2,05,10,6,0,0,0,1,0,0,0,1
"POINT (7.208643669000026 51.508739327000058)",Unfall 241288 (2019) Kat:3, Licht: 0,241288,3,3,5,06,11,5,1,0,0,1,0,0,0,0
"POINT (7.220636931000058 51.471002288000079)",Unfall 241379 (2019) Kat:3, Licht: 0,241379,3,4,6,06,14,4,0,0,0,1,1,0,0,0
"POINT (7.307783043000029 51.486258251000038)",Unfall 241461 (2019) Kat:3, Licht: 0,241461,3,3,5,06,17,3,0,0,0,1,0,0,0,0
"POINT (7.201250344000073 51.516137202000039)",Unfall 241617 (2019) Kat:3, Licht: 0,241617,3,2,4,06,13,7,0,0,0,1,0,0,0,0
"POINT (7.154246432000036 51.463795531000073)",Unfall 241731 (2019) Kat:3, Licht: 0,241731,3,2,5,06,07,6,0,0,0,1,0,0,0,1
"POINT (7.227670861000036 51.464740433000031)",Unfall 241732 (2019) Kat:3, Licht: 0,241732,3,5,1,06,13,6,0,0,1,1,0,0,0,0
"POINT (7.260652544000038 51.498562127000071)",Unfall 241827 (2019) Kat:3, Licht: 0,241827,3,3,5,06,17,5,1,0,0,1,0,1,0,0
"POINT (7.256408462000024 51.500024505000056)",Unfall 241918 (2019) Kat:3, Licht: 0,241918,3,2,1,06,14,4,1,0,0,1,0,0,0,0
"POINT (7.251017084000068 51.486195664000036)",Unfall 241995 (2019) Kat:3, Licht: 0,241995,3,3,5,06,14,3,0,0,0,0,0,1,1,0
"POINT (7.315274915000032 51.474984736000067)",Unfall 242041 (2019) Kat:3, Licht: 0,242041,3,1,0,06,16,2,0,0,1,0,0,0,0,0
"POINT (7.308802692000029 51.472869272000082)",Unfall 242084 (2019) Kat:3, Licht: 0,242084,3,6,0,06,15,1,0,0,1,1,0,0,0,0
"POINT (7.191690622000067 51.480945104000057)",Unfall 242167 (2019) Kat:3, Licht: 0,242167,3,4,6,06,17,7,0,0,0,1,1,0,0,0
"POINT (7.127172944000051 51.472625739000080)",Unfall 242269 (2019) Kat:3, Licht: 0,242269,3,6,2,06,13,6,0,0,0,1,0,0,0,0
"POINT (7.209212987000058 51.488074407000056)",Unfall 242270 (2019) Kat:3, Licht: 0,242270,3,5,0,06,12,6,0,0,1,1,0,0,0,0
"POINT (7.232756474000041 51.437640064000050)",Unfall 242426 (2019) Kat:2, Licht: 0,242426,2,6,2,06,18,3,0,0,1,1,0,0,0,0
"POINT (7.146839028000045 51.500564778000069)",Unfall 242427 (2019) Kat:3, Licht: 1,242427,3,7,9,06,21,3,1,1,0,0,0,0,0,1
"POINT (7.213295526000024 51.472397679000039)",Unfall 242428 (2019) Kat:3, Licht: 0,242428,3,1,1,06,18,3,0,0,1,1,0,0,0,0
"POINT (7.161450132000027 51.426613300000042)",Unfall 242562 (2019) Kat:2, Licht: 0,242562,2,7,6,06,14,2,0,0,0,1,1,0,0,0
"POINT (7.254690872000026 51.444308027000034)",Unfall 242582 (2019) Kat:3, Licht: 0,242582,3,3,5,06,13,7,0,0,1,1,0,0,0,0
"POINT (7.175909545000025 51.457302820000052)",Unfall 242585 (2019) Kat:3, Licht: 2,242585,3,1,0,06,02,7,0,2,0,0,0,1,0,0
"POINT (7.332907189000025 51.466569224000068)",Unfall 242686 (2019) Kat:3, Licht: 0,242686,3,1,0,06,10,6,0,0,1,0,0,0,0,0
"POINT (7.306818917000044 51.486526039000069)",Unfall 242744 (2019) Kat:3, Licht: 0,242744,3,4,6,06,20,5,0,0,0,1,1,0,0,0
"POINT (7.137737768000022 51.473656281000046)",Unfall 242892 (2019) Kat:3, Licht: 2,242892,3,7,0,06,01,3,0,2,0,0,0,1,0,0
"POINT (7.238202863000026 51.469300098000076)",Unfall 242893 (2019) Kat:3, Licht: 0,242893,3,5,1,06,13,3,0,0,0,1,0,0,0,0
"POINT (7.314300593000041 51.466420119000077)",Unfall 243004 (2019) Kat:3, Licht: 0,243004,3,3,5,06,17,2,0,0,1,1,0,0,0,0
"POINT (7.269714585000031 51.449152041000048)",Unfall 243063 (2019) Kat:3, Licht: 0,243063,3,5,1,06,12,1,0,0,0,1,0,0,0,0
"POINT (7.181526678000068 51.458437650000064)",Unfall 243175 (2019) Kat:3, Licht: 0,243175,3,5,1,06,13,6,0,0,1,1,0,0,0,0
"POINT (7.127162036000073 51.471714641000062)",Unfall 243264 (2019) Kat:2, Licht: 0,243264,2,5,1,06,07,5,0,0,0,1,0,0,0,0
"POINT (7.225456190000045 51.494432669000048)",Unfall 243265 (2019) Kat:2, Licht: 0,243265,2,7,6,06,14,5,0,0,0,1,1,0,0,0
"POINT (7.232209253000065 51.450770875000046)",Unfall 243266 (2019) Kat:3, Licht: 0,243266,3,1,0,06,13,5,0,0,1,0,0,0,0,0
"POINT (7.238104683000074 51.424807513000076)",Unfall 243347 (2019) Kat:3, Licht: 0,243347,3,5,1,06,14,4,1,0,0,1,0,0,1,0
"POINT (7.213051426000050 51.465467988000057)",Unfall 243412 (2019) Kat:3, Licht: 0,243412,3,5,1,07,17,2,0,0,1,1,0,0,0,0
"POINT (7.139955584000063 51.480103908000046)",Unfall 243461 (2019) Kat:3, Licht: 0,243461,3,5,1,06,19,1,0,0,0,1,0,0,0,0
"POINT (7.315546034000022 51.459070468000050)",Unfall 243554 (2019) Kat:3, Licht: 0,243554,3,6,5,06,12,7,0,0,0,1,0,0,0,0
"POINT (7.221094701000027 51.484899334000033)",Unfall 243710 (2019) Kat:3, Licht: 0,243710,3,1,0,07,13,4,0,0,1,0,0,0,0,0
"POINT (7.219583066000041 51.482586248000075)",Unfall 243711 (2019) Kat:3, Licht: 0,243711,3,2,4,07,19,4,0,0,1,1,0,0,0,0
"POINT (7.223365159000025 51.470039251000060)",Unfall 243798 (2019) Kat:3, Licht: 0,243798,3,2,5,07,09,5,0,0,0,1,0,1,0,0
"POINT (7.304930685000045 51.473886015000062)",Unfall 244008 (2019) Kat:3, Licht: 0,244008,3,5,1,07,09,6,0,0,1,1,0,0,0,0
"POINT (7.243556564000073 51.479978365000079)",Unfall 244238 (2019) Kat:3, Licht: 0,244238,3,6,2,07,07,3,0,0,0,1,0,0,0,0
"POINT (7.255632973000047 51.447485708000045)",Unfall 244318 (2019) Kat:3, Licht: 0,244318,3,7,6,07,15,2,0,0,1,0,1,0,0,0
"POINT (7.164943820000076 51.487353159000065)",Unfall 244503 (2019) Kat:3, Licht: 0,244503,3,2,5,07,15,6,0,0,1,1,0,0,0,0
"POINT (7.201269564000029 51.516115681000031)",Unfall 244504 (2019) Kat:3, Licht: 0,244504,3,2,5,07,17,6,0,0,0,1,0,0,0,1
"POINT (7.213890423000066 51.485809981000045)",Unfall 244603 (2019) Kat:3, Licht: 0,244603,3,5,1,07,16,2,0,0,1,1,0,0,0,0
"POINT (7.256146241000067 51.499262563000059)",Unfall 244607 (2019) Kat:3, Licht: 0,244607,3,3,5,07,15,1,0,0,1,1,0,0,0,0
"POINT (7.251439798000035 51.440026109000030)",Unfall 244706 (2019) Kat:3, Licht: 0,244706,3,4,6,07,20,5,0,0,0,1,1,0,0,0
"POINT (7.160363837000034 51.502504702000067)",Unfall 244831 (2019) Kat:3, Licht: 0,244831,3,1,8,07,20,3,0,0,0,0,0,1,0,0
"POINT (7.258936025000025 51.453921144000049)",Unfall 244886 (2019) Kat:3, Licht: 0,244886,3,1,0,07,15,2,0,0,1,0,0,0,0,0
"POINT (7.221265933000041 51.481880236000052)",Unfall 244906 (2019) Kat:3, Licht: 0,244906,3,7,6,07,15,3,0,0,0,1,1,0,0,0
"POINT (7.189920847000053 51.491477267000050)",Unfall 244997 (2019) Kat:3, Licht: 0,244997,3,1,8,07,15,2,0,0,0,1,0,0,0,0
"POINT (7.212910918000034 51.465244981000069)",Unfall 244998 (2019) Kat:3, Licht: 0,244998,3,2,5,07,06,2,0,0,0,1,0,1,0,0
"POINT (7.272789241000055 51.512132565000059)",Unfall 245036 (2019) Kat:3, Licht: 0,245036,3,5,1,07,06,1,0,0,0,1,0,0,1,0
"POINT (7.245140366000044 51.475824782000075)",Unfall 245037 (2019) Kat:3, Licht: 0,245037,3,1,0,07,16,1,0,0,1,0,0,0,0,0
"POINT (7.140892982000025 51.474038999000072)",Unfall 245154 (2019) Kat:3, Licht: 1,245154,3,3,5,07,20,7,0,1,0,1,0,0,0,0
"POINT (7.348672576000070 51.458462133000069)",Unfall 245155 (2019) Kat:2, Licht: 0,245155,2,6,0,07,15,7,1,0,0,1,0,0,0,0
"POINT (7.182746194000060 51.498670089000029)",Unfall 245222 (2019) Kat:3, Licht: 0,245222,3,5,1,07,09,6,0,0,1,1,0,0,0,0
"POINT (7.254688700000031 51.444310064000035)",Unfall 245304 (2019) Kat:3, Licht: 0,245304,3,3,5,07,17,5,0,0,1,1,0,0,0,0
"POINT (7.238929470000073 51.486140133000049)",Unfall 245424 (2019) Kat:3, Licht: 0,245424,3,3,5,08,13,5,0,0,1,1,0,0,0,0
"POINT (7.272267088000035 51.463856390000046)",Unfall 245695 (2019) Kat:2, Licht: 0,245695,2,1,0,08,13,2,0,0,1,0,0,0,0,0
"POINT (7.190773891000049 51.492546874000027)",Unfall 245786 (2019) Kat:3, Licht: 0,245786,3,6,2,08,14,7,0,0,0,1,0,0,0,0
"POINT (7.158093992000033 51.494907580000074)",Unfall 245859 (2019) Kat:2, Licht: 0,245859,2,1,0,08,16,6,1,0,0,0,0,1,0,0
"POINT (7.257509294000045 51.508792503000052)",Unfall 246025 (2019) Kat:3, Licht: 0,246025,3,5,1,08,16,5,0,0,1,1,0,0,0,0
"POINT (7.198378193000053 51.463308883000082)",Unfall 246026 (2019) Kat:2, Licht: 2,246026,2,2,5,08,05,5,0,2,0,1,0,1,0,0
"POINT (7.220048140000074 51.481283243000064)",Unfall 246084 (2019) Kat:3, Licht: 1,246084,3,3,5,08,06,4,0,1,1,0,0,0,0,0
"POINT (7.276505284000052 51.508682896000039)",Unfall 246238 (2019) Kat:3, Licht: 0,246238,3,6,1,08,08,3,1,0,0,1,0,0,0,0
"POINT (7.209161624000046 51.473569439000073)",Unfall 246398 (2019) Kat:3, Licht: 0,246398,3,3,5,08,13,7,0,0,1,1,0,0,0,0
"POINT (7.139865753000038 51.475239162000037)",Unfall 246421 (2019) Kat:3, Licht: 0,246421,3,2,0,08,14,4,0,0,0,1,0,0,0,1
"POINT (7.291321809000067 51.472477933000050)",Unfall 246459 (2019) Kat:3, Licht: 0,246459,3,1,9,08,16,1,1,0,0,1,0,0,0,0
"POINT (7.186600783000074 51.492751713000075)",Unfall 246511 (2019) Kat:3, Licht: 2,246511,3,6,4,08,23,7,0,2,0,1,0,0,0,0
"POINT (7.221981125000070 51.470314957000028)",Unfall 246559 (2019) Kat:3, Licht: 0,246559,3,2,5,08,06,6,0,0,1,1,0,0,0,0
"POINT (7.296762201000036 51.469218978000072)",Unfall 246638 (2019) Kat:3, Licht: 0,246638,3,5,1,08,12,2,0,0,1,0,0,0,0,1
"POINT (7.190505703000042 51.496869259000050)",Unfall 246710 (2019) Kat:3, Licht: 0,246710,3,6,2,08,12,6,0,0,0,1,0,0,0,0
"POINT (7.212986991000037 51.486320991000071)",Unfall 246802 (2019) Kat:3, Licht: 0,246802,3,5,1,08,16,5,0,0,1,1,0,0,0,0
"POINT (7.215584349000039 51.483220144000029)",Unfall 246869 (2019) Kat:2, Licht: 0,246869,2,4,6,08,12,4,0,0,0,0,1,0,0,1
"POINT (7.215581343000054 51.483231950000061)",Unfall 247043 (2019) Kat:3, Licht: 0,247043,3,4,0,08,18,2,0,0,0,0,1,0,0,1
"POINT (7.162572316000023 51.427366452000058)",Unfall 247264 (2019) Kat:3, Licht: 0,247264,3,7,6,08,09,6,0,0,0,1,1,0,0,0
"POINT (7.196151273000055 51.491430743000080)",Unfall 247356 (2019) Kat:3, Licht: 0,247356,3,1,0,08,08,5,1,0,0,0,0,1,0,0
"POINT (7.228031215000044 51.470787674000064)",Unfall 247357 (2019) Kat:3, Licht: 0,247357,3,7,0,08,13,5,0,0,0,1,0,0,0,1
"POINT (7.190192724000042 51.454449141000055)",Unfall 247576 (2019) Kat:3, Licht: 0,247576,3,3,0,09,09,2,0,0,1,1,0,0,0,0
"POINT (7.138347568000029 51.478462807000028)",Unfall 247577 (2019) Kat:3, Licht: 0,247577,3,6,2,09,16,2,0,0,0,1,0,0,0,0
"POINT (7.192530133000048 51.486969361000035)",Unfall 247578 (2019) Kat:3, Licht: 0,247578,3,5,1,09,15,2,1,0,0,1,0,1,0,0
"POINT (7.283130710000023 51.496574741000074)",Unfall 247623 (2019) Kat:3, Licht: 0,247623,3,2,3,09,15,1,0,0,0,1,0,0,0,0
"POINT (7.227319383000065 51.435141770000030)",Unfall 247730 (2019) Kat:2, Licht: 0,247730,2,3,0,08,18,7,0,0,1,1,0,0,0,0
"POINT (7.219009377000020 51.481976886000041)",Unfall 247731 (2019) Kat:3, Licht: 0,247731,3,3,5,08,12,7,0,0,1,0,0,0,0,1
"POINT (7.214465053000026 51.485794339000051)",Unfall 247870 (2019) Kat:3, Licht: 0,247870,3,5,0,09,18,5,1,0,0,1,0,0,0,1