WKT,Name,OBJECTID,UKATEGORIE,UTYP1,UART,UMONAT,USTUNDE,UWOCHENTAG,STRZUSTAND,ULICHTVERH,ISTRAD,ISTPKW,ISTFUSS,ISTKRAD,ISTGKFZ,ISTSONSTIG
"POINT (7.278569186000027 51.508351925000056)",Unfall 247956 (2019) Kat:3, Licht: 0,247956,3,6,2,09,07,4,0,0,0,1,0,0,0,0
"POINT (7.137821024000061 51.473666394000077)",Unfall 247957 (2019) Kat:3, Licht: 1,247957,3,3,5,09,20,4,1,1,0,1,0,0,0,0
"POINT (7.147840044000077 51.478477751000071)",Unfall 247958 (2019) Kat:3, Licht: 0,247958,3,3,5,09,06,4,0,0,0,1,0,0,0,0
"POINT (7.316051393000066 51.458966548000035)",Unfall 247959 (2019) Kat:2, Licht: 0,247959,2,6,5,09,15,4,0,0,0,1,0,0,0,0
"POINT (7.289263830000039 51.474327820000042)",Unfall 248076 (2019) Kat:3, Licht: 1,248076,3,6,2,09,06,3,0,1,0,1,0,0,0,0
"POINT (7.146170675000064 51.480078020000064)",Unfall 248077 (2019) Kat:3, Licht: 0,248077,3,3,5,09,18,3,0,0,0,1,0,0,0,0
"POINT (7.317293252000070 51.479499626000063)",Unfall 248139 (2019) Kat:3, Licht: 2,248139,3,1,8,09,03,2,1,2,0,1,0,0,0,0
"POINT (7.168795626000076 51.466035314000067)",Unfall 248140 (2019) Kat:3, Licht: 1,248140,3,3,5,09,19,2,0,1,1,1,0,0,0,0
"POINT (7.216997283000069 51.484225430000038)",Unfall 248141 (2019) Kat:3, Licht: 0,248141,3,5,1,09,15,2,0,0,1,1,0,0,0,0
"POINT (7.198175882000044 51.512368571000081)",Unfall 248317 (2019) Kat:3, Licht: 0,248317,3,7,1,09,14,6,1,0,0,1,0,1,0,0
"POINT (7.133014634000062 51.480837178000058)",Unfall 248500 (2019) Kat:3, Licht: 0,248500,3,6,6,09,11,4,0,0,0,1,1,0,0,0
"POINT (7.139300739000021 51.458800249000035)",Unfall 248578 (2019) Kat:3, Licht: 0,248578,3,2,2,09,13,3,0,0,0,1,0,0,0,0
"POINT (7.227734595000072 51.434909095000080)",Unfall 248651 (2019) Kat:3, Licht: 0,248651,3,1,0,09,07,2,0,0,1,0,0,0,0,0
"POINT (7.195499698000049 51.505321695000077)",Unfall 248652 (2019) Kat:3, Licht: 2,248652,3,3,5,09,20,2,1,2,0,1,0,0,0,0
"POINT (7.236171881000075 51.482330852000075)",Unfall 248654 (2019) Kat:3, Licht: 0,248654,3,2,5,09,14,2,1,0,0,1,0,0,0,0
"POINT (7.203368934000025 51.455623970000033)",Unfall 248752 (2019) Kat:3, Licht: 0,248752,3,3,5,09,15,4,0,0,0,1,0,0,0,0
"POINT (7.173699578000026 51.455432122000047)",Unfall 248809 (2019) Kat:3, Licht: 0,248809,3,2,5,09,14,7,0,0,1,1,0,0,0,0
"POINT (7.323159884000063 51.472656536000045)",Unfall 248872 (2019) Kat:3, Licht: 0,248872,3,7,6,09,16,6,0,0,1,0,1,0,0,0
"POINT (7.153470490000075 51.463491029000068)",Unfall 248968 (2019) Kat:3, Licht: 0,248968,3,2,5,09,14,7,0,0,1,0,0,0,0,0
"POINT (7.142259887000023 51.471163882000042)",Unfall 248972 (2019) Kat:3, Licht: 0,248972,3,3,5,09,17,5,0,0,1,1,0,0,0,0
"POINT (7.250528171000042 51.471797570000035)",Unfall 249087 (2019) Kat:3, Licht: 0,249087,3,2,6,09,10,3,0,0,0,1,1,0,0,0
"POINT (7.191472373000067 51.461777268000048)",Unfall 249169 (2019) Kat:3, Licht: 0,249169,3,3,5,09,08,2,1,0,0,1,0,0,0,0
"POINT (7.199839515000065 51.446078351000040)",Unfall 249373 (2019) Kat:3, Licht: 2,249373,3,1,8,09,00,7,1,2,0,1,0,0,0,0
"POINT (7.212132929000063 51.486804797000048)",Unfall 249375 (2019) Kat:2, Licht: 0,249375,2,7,0,09,08,6,1,0,1,0,0,0,0,0
"POINT (7.256353447000038 51.499960785000042)",Unfall 249471 (2019) Kat:3, Licht: 0,249471,3,2,2,09,15,5,1,0,0,1,0,0,1,0
"POINT (7.194335819000060 51.477147309000031)",Unfall 249472 (2019) Kat:3, Licht: 2,249472,3,6,2,09,20,5,0,2,0,1,0,0,0,0
"POINT (7.161114849000057 51.426282856000057)",Unfall 249795 (2019) Kat:3, Licht: 0,249795,3,2,4,09,11,1,1,0,0,1,0,0,0,0
"POINT (7.159447694000050 51.502644067000062)",Unfall 249796 (2019) Kat:3, Licht: 2,249796,3,1,8,09,06,1,0,2,0,0,0,1,0,0
"POINT (7.289528779000023 51.473957446000043)",Unfall 249855 (2019) Kat:3, Licht: 0,249855,3,1,0,10,17,3,0,0,1,0,0,0,0,0
"POINT (7.139927368000031 51.499643760000026)",Unfall 249858 (2019) Kat:3, Licht: 0,249858,3,4,6,10,15,3,1,0,0,1,1,0,0,0
"POINT (7.272524221000026 51.468123405000028)",Unfall 249873 (2019) Kat:2, Licht: 1,249873,2,1,0,10,18,2,1,1,1,0,0,0,0,0
"POINT (7.298452234000024 51.471441211000069)",Unfall 249874 (2019) Kat:3, Licht: 0,249874,3,7,6,10,15,2,0,0,0,1,1,0,0,0
"POINT (7.222602657000039 51.473751549000042)",Unfall 249875 (2019) Kat:3, Licht: 0,249875,3,6,2,10,12,2,0,0,0,1,0,0,0,0
"POINT (7.310587269000052 51.460076143000038)",Unfall 250037 (2019) Kat:3, Licht: 0,250037,3,6,2,10,14,6,1,0,0,1,0,0,0,1
"POINT (7.261542557000041 51.499496931000067)",Unfall 250039 (2019) Kat:3, Licht: 0,250039,3,2,5,10,12,6,1,0,0,0,0,1,0,1
"POINT (7.302136895000047 51.483894972000030)",Unfall 250148 (2019) Kat:3, Licht: 0,250148,3,3,5,10,14,6,1,0,1,1,0,0,0,0
"POINT (7.300692593000065 51.476175360000070)",Unfall 250149 (2019) Kat:2, Licht: 0,250149,2,2,6,10,17,6,0,0,0,1,1,0,0,0
"POINT (7.183383766000077 51.488055849000034)",Unfall 250614 (2019) Kat:3, Licht: 1,250614,3,7,1,10,17,1,1,1,0,1,0,0,0,0
"POINT (7.269788371000061 51.494406675000050)",Unfall 250628 (2019) Kat:3, Licht: 1,250628,3,6,2,10,17,2,0,1,0,1,0,0,0,0
"POINT (7.308001570000045 51.460435034000056)",Unfall 250889 (2019) Kat:3, Licht: 0,250889,3,6,3,10,12,6,0,0,0,1,0,0,1,0
"POINT (7.134710991000077 51.482583655000042)",Unfall 250944 (2019) Kat:3, Licht: 0,250944,3,4,6,10,14,5,0,0,0,1,1,0,0,0
"POINT (7.226323418000050 51.473025873000040)",Unfall 250945 (2019) Kat:3, Licht: 0,250945,3,5,1,10,15,5,0,0,1,1,0,0,0,0
"POINT (7.215565213000048 51.483366249000028)",Unfall 251051 (2019) Kat:3, Licht: 0,251051,3,4,6,10,13,3,0,0,1,0,1,0,0,0
"POINT (7.218516318000070 51.482027100000039)",Unfall 251052 (2019) Kat:3, Licht: 0,251052,3,7,3,10,13,3,0,0,1,1,0,0,0,0
"POINT (7.165367670000023 51.420766738000054)",Unfall 251109 (2019) Kat:3, Licht: 0,251109,3,5,1,10,08,4,0,0,0,1,0,0,0,1
"POINT (7.277923372000032 51.438399215000061)",Unfall 251350 (2019) Kat:3, Licht: 0,251350,3,1,0,10,16,7,0,0,0,0,0,1,0,0
"POINT (7.166075494000040 51.485191942000029)",Unfall 251373 (2019) Kat:3, Licht: 0,251373,3,3,5,11,09,2,1,0,0,1,0,0,0,0
"POINT (7.304531879000024 51.461569818000044)",Unfall 251451 (2019) Kat:3, Licht: 2,251451,3,2,4,11,18,7,0,2,0,1,0,0,0,0
"POINT (7.240512243000069 51.463577999000051)",Unfall 251452 (2019) Kat:3, Licht: 0,251452,3,3,5,11,15,7,1,0,0,1,0,1,0,0
"POINT (7.218196154000054 51.450563453000029)",Unfall 251482 (2019) Kat:3, Licht: 2,251482,3,6,1,11,01,6,0,2,0,1,0,0,0,0
"POINT (7.241599304000033 51.456405121000046)",Unfall 251575 (2019) Kat:3, Licht: 0,251575,3,1,0,10,16,5,0,0,1,0,0,0,0,0
"POINT (7.140362058000051 51.474605758000052)",Unfall 251834 (2019) Kat:3, Licht: 0,251834,3,6,2,11,12,3,1,0,0,1,0,0,0,0
"POINT (7.214322616000061 51.440044624000052)",Unfall 251931 (2019) Kat:3, Licht: 0,251931,3,3,5,11,13,2,0,0,0,1,0,1,0,0
"POINT (7.236748755000065 51.485263494000037)",Unfall 251932 (2019) Kat:3, Licht: 2,251932,3,2,4,11,06,2,0,2,0,1,0,0,0,0
"POINT (7.250532538000073 51.470317278000039)",Unfall 252123 (2019) Kat:3, Licht: 0,252123,3,3,5,11,16,6,0,0,0,1,0,0,0,0
"POINT (7.260488624000061 51.498485606000031)",Unfall 252164 (2019) Kat:3, Licht: 0,252164,3,3,5,11,07,6,0,0,0,1,0,0,1,0
"POINT (7.221215672000028 51.485367548000056)",Unfall 252165 (2019) Kat:3, Licht: 1,252165,3,3,5,11,07,6,0,1,1,1,0,0,0,0
"POINT (7.286516431000052 51.509364109000046)",Unfall 252226 (2019) Kat:3, Licht: 2,252226,3,6,4,11,18,5,0,2,0,1,0,0,0,0
"POINT (7.319632239000043 51.471168951000038)",Unfall 252228 (2019) Kat:3, Licht: 0,252228,3,3,5,11,08,5,0,0,0,1,0,1,0,0
"POINT (7.227926687000036 51.493772864000050)",Unfall 252327 (2019) Kat:3, Licht: 1,252327,3,3,0,11,15,4,1,1,0,1,0,1,0,0
"POINT (7.273762800000043 51.451288541000054)",Unfall 252578 (2019) Kat:3, Licht: 2,252578,3,6,2,11,18,2,1,2,0,1,0,0,0,0
"POINT (7.234981162000054 51.478749916000027)",Unfall 252579 (2019) Kat:3, Licht: 0,252579,3,6,2,11,14,2,1,0,0,1,0,0,0,0
"POINT (7.294426185000020 51.461347231000047)",Unfall 252707 (2019) Kat:2, Licht: 0,252707,2,3,2,11,12,7,0,0,0,1,0,0,0,0
"POINT (7.217678872000022 51.478047666000066)",Unfall 252774 (2019) Kat:3, Licht: 2,252774,3,3,1,11,19,6,0,2,1,1,0,0,0,0
"POINT (7.222572226000068 51.425319525000077)",Unfall 252844 (2019) Kat:2, Licht: 0,252844,2,7,0,11,15,5,1,0,1,0,0,0,0,0
"POINT (7.212196178000056 51.512612306000051)",Unfall 252930 (2019) Kat:3, Licht: 2,252930,3,1,0,11,07,4,1,2,1,0,0,0,0,0
"POINT (7.165450453000062 51.429085202000067)",Unfall 253028 (2019) Kat:3, Licht: 0,253028,3,7,5,11,11,4,0,0,0,1,0,0,0,1
"POINT (7.224047971000061 51.487102481000079)",Unfall 253169 (2019) Kat:3, Licht: 2,253169,3,3,5,11,21,2,0,2,0,1,0,0,0,0
"POINT (7.164202306000050 51.427430524000044)",Unfall 253368 (2019) Kat:3, Licht: 0,253368,3,7,6,11,13,6,1,0,0,1,1,0,0,0
"POINT (7.217005247000031 51.477393437000046)",Unfall 253461 (2019) Kat:3, Licht: 0,253461,3,7,5,12,14,5,0,0,1,1,0,0,0,0
"POINT (7.275631850000025 51.516272217000051)",Unfall 253589 (2019) Kat:3, Licht: 0,253589,3,3,5,12,14,4,0,0,0,1,0,0,0,0
"POINT (7.236168271000054 51.482319903000075)",Unfall 253590 (2019) Kat:3, Licht: 0,253590,3,2,5,12,11,4,0,0,0,1,0,0,0,0
"POINT (7.276915752000036 51.466516917000035)",Unfall 253651 (2019) Kat:2, Licht: 2,253651,2,7,5,12,17,3,1,2,0,1,0,1,0,0
"POINT (7.154511786000057 51.495893140000078)",Unfall 253652 (2019) Kat:3, Licht: 2,253652,3,3,5,12,07,3,1,2,1,1,0,0,0,0
"POINT (7.274132079000026 51.473884318000046)",Unfall 253731 (2019) Kat:3, Licht: 2,253731,3,2,6,12,20,2,1,2,0,1,1,0,0,0
"POINT (7.214121072000069 51.450863469000069)",Unfall 253732 (2019) Kat:3, Licht: 0,253732,3,6,3,12,08,2,1,0,1,1,0,0,0,0
"POINT (7.181394525000030 51.452730372000076)",Unfall 253755 (2019) Kat:3, Licht: 2,253755,3,1,0,12,03,1,0,2,1,0,0,0,0,0
"POINT (7.305923533000055 51.488089803000037)",Unfall 253804 (2019) Kat:3, Licht: 0,253804,3,7,6,12,10,7,1,0,0,1,1,0,0,0
"POINT (7.215707103000057 51.483976649000056)",Unfall 253805 (2019) Kat:2, Licht: 2,253805,2,1,0,12,18,7,1,2,1,0,0,0,0,0
"POINT (7.279707325000061 51.518990425000027)",Unfall 253904 (2019) Kat:3, Licht: 0,253904,3,7,6,12,14,6,1,0,0,1,1,0,0,0
"POINT (7.140423159000022 51.473982555000077)",Unfall 254047 (2019) Kat:3, Licht: 2,254047,3,4,6,12,06,4,1,2,0,1,1,0,0,0
"POINT (7.208012248000046 51.474167956000031)",Unfall 254186 (2019) Kat:3, Licht: 0,254186,3,6,2,12,14,5,0,0,0,1,0,0,0,0
"POINT (7.280178478000039 51.454502960000070)",Unfall 254192 (2019) Kat:3, Licht: 0,254192,3,3,5,12,15,3,0,0,1,1,0,0,0,0
"POINT (7.289039960000025 51.474640763000082)",Unfall 254193 (2019) Kat:3, Licht: 0,254193,3,3,5,12,11,3,0,0,0,1,0,1,0,0
"POINT (7.210155027000042 51.453546890000041)",Unfall 254194 (2019) Kat:3, Licht: 0,254194,3,1,0,12,08,3,2,0,1,0,0,0,0,0
"POINT (7.212461595000036 51.477459253000063)",Unfall 254195 (2019) Kat:3, Licht: 0,254195,3,2,5,12,08,3,1,0,1,1,0,0,0,0
"POINT (7.206090239000048 51.497164264000048)",Unfall 254455 (2019) Kat:3, Licht: 0,254455,3,6,2,12,15,6,1,0,0,1,0,0,0,0
"POINT (7.297835080000027 51.461631262000026)",Unfall 254611 (2019) Kat:3, Licht: 0,254611,3,6,1,12,11,5,0,0,0,1,0,0,0,0
"POINT (7.247969187000024 51.428375114000062)",Unfall 254803 (2019) Kat:3, Licht: 0,254803,3,5,0,12,11,6,0,0,0,1,0,0,0,1
"POINT (7.234545932000060 51.483725501000038)",Unfall 254835 (2019) Kat:3, Licht: 2,254835,3,3,5,12,16,4,0,2,1,1,0,0,0,0
"POINT (7.136898076000023 51.482103300000063)",Unfall 254869 (2019) Kat:3, Licht: 0,254869,3,7,5,12,12,3,1,0,0,1,0,0,0,1
"POINT (7.325983970000038 51.473749367000039)",Unfall 255159 (2019) Kat:3, Licht: 2,255159,3,3,5,12,18,3,0,2,0,1,0,0,0,0
"POINT (7.158342476000030 51.437509460000058)",Unfall 255218 (2019) Kat:3, Licht: 1,255218,3,4,6,12,16,1,0,1,0,1,1,0,0,0
"POINT (7.162877175000062 51.477886032000072)",Unfall 73523 (2020) Kat:2, Licht: 2,73523,2,1,9,01,23,6,1,2,0,1,0,0,0,0
"POINT (7.185872265000057 51.494232601000078)",Unfall 73524 (2020) Kat:3, Licht: 2,73524,3,6,2,01,16,6,1,2,0,1,0,0,0,0
"POINT (7.134723432000044 51.485120354000060)",Unfall 73580 (2020) Kat:3, Licht: 0,73580,3,3,5,01,11,5,0,0,0,1,0,0,0,0
"POINT (7.294077854000022 51.445499789000053)",Unfall 73633 (2020) Kat:3, Licht: 2,73633,3,6,2,01,04,4,1,2,0,1,0,0,0,0
"POINT (7.284474387000046 51.472481384000048)",Unfall 73634 (2020) Kat:3, Licht: 2,73634,3,6,2,01,03,4,1,2,0,1,0,0,0,1
"POINT (7.222678230000042 51.511938341000075)",Unfall 73796 (2020) Kat:3, Licht: 1,73796,3,6,1,01,16,3,0,1,0,1,0,0,0,0
"POINT (7.145327412000029 51.468673849000027)",Unfall 73895 (2020) Kat:2, Licht: 2,73895,2,2,6,01,06,3,1,2,0,1,1,0,0,0
"POINT (7.226949367000032 51.511009856000044)",Unfall 74084 (2020) Kat:3, Licht: 2,74084,3,6,2,01,18,5,0,2,0,1,0,0,0,0
"POINT (7.271248104000051 51.496692530000075)",Unfall 74090 (2020) Kat:3, Licht: 2,74090,3,6,2,01,19,5,0,2,0,1,0,0,0,0
"POINT (7.225418315000070 51.452309723000042)",Unfall 74096 (2020) Kat:3, Licht: 2,74096,3,6,1,01,21,6,0,2,0,1,0,0,0,1
"POINT (7.272878639000055 51.516972046000035)",Unfall 74225 (2020) Kat:3, Licht: 1,74225,3,6,2,01,07,6,1,1,0,1,0,0,0,0
"POINT (7.161158619000048 51.479951677000031)",Unfall 74330 (2020) Kat:2, Licht: 0,74330,2,4,6,01,12,5,1,0,0,1,1,0,0,0
"POINT (7.243175601000075 51.491516757000056)",Unfall 74345 (2020) Kat:2, Licht: 2,74345,2,4,6,01,18,4,1,2,0,1,1,0,0,0
"POINT (7.232562303000066 51.463169357000027)",Unfall 74347 (2020) Kat:3, Licht: 0,74347,3,6,2,01,11,4,1,0,0,1,0,0,0,1
"POINT (7.226068693000059 51.473622695000074)",Unfall 74476 (2020) Kat:3, Licht: 0,74476,3,2,5,01,14,2,0,0,1,1,0,0,0,0
"POINT (7.321188878000044 51.465196385000070)",Unfall 74617 (2020) Kat:3, Licht: 0,74617,3,7,9,01,14,2,0,0,0,1,0,0,0,0
"POINT (7.286787680000032 51.469181458000037)",Unfall 74653 (2020) Kat:3, Licht: 2,74653,3,6,2,01,17,3,0,2,0,1,0,0,0,0
"POINT (7.289349326000036 51.455862838000030)",Unfall 74695 (2020) Kat:3, Licht: 0,74695,3,6,2,01,08,2,1,0,0,1,0,0,0,0
"POINT (7.192434929000058 51.452572768000039)",Unfall 74710 (2020) Kat:3, Licht: 0,74710,3,2,6,01,15,4,0,0,0,1,1,0,0,0
"POINT (7.271339306000073 51.515452264000032)",Unfall 74789 (2020) Kat:3, Licht: 0,74789,3,4,6,01,15,5,0,0,0,0,1,1,0,0
"POINT (7.188127200000054 51.495625071000063)",Unfall 74828 (2020) Kat:3, Licht: 2,74828,3,6,2,01,23,5,0,2,0,1,0,0,1,0
"POINT (7.212215058000027 51.497211880000066)",Unfall 74841 (2020) Kat:3, Licht: 2,74841,3,4,6,01,07,2,1,2,0,1,1,0,0,0
"POINT (7.160357133000048 51.445613671000046)",Unfall 74990 (2020) Kat:3, Licht: 1,74990,3,2,2,01,16,2,0,1,0,1,0,0,0,0
"POINT (7.161375332000034 51.477396190000036)",Unfall 75071 (2020) Kat:3, Licht: 2,75071,3,6,2,01,18,6,0,2,0,1,0,0,0,0
"POINT (7.206974303000038 51.489537274000043)",Unfall 75113 (2020) Kat:3, Licht: 2,75113,3,1,0,01,20,4,1,2,0,1,0,0,0,0
"POINT (7.185039529000051 51.492891921000080)",Unfall 75206 (2020) Kat:3, Licht: 0,75206,3,6,2,01,13,4,1,0,0,1,0,0,0,1
"POINT (7.211925513000040 51.498169134000079)",Unfall 75230 (2020) Kat:3, Licht: 2,75230,3,3,3,01,22,5,0,2,0,1,0,0,0,0
"POINT (7.227063451000049 51.468700722000051)",Unfall 75276 (2020) Kat:3, Licht: 0,75276,3,7,0,01,09,4,1,0,1,1,0,0,0,0
"POINT (7.184938976000069 51.492193792000080)",Unfall 75296 (2020) Kat:3, Licht: 0,75296,3,6,2,01,13,4,1,0,0,1,0,0,0,0
"POINT (7.211383490000060 51.498007964000067)",Unfall 75308 (2020) Kat:3, Licht: 2,75308,3,6,2,01,18,6,0,2,0,1,0,0,0,0
"POINT (7.176091544000030 51.456621272000064)",Unfall 75423 (2020) Kat:3, Licht: 1,75423,3,7,4,01,17,3,0,1,0,1,0,0,0,0
"POINT (7.233742250000034 51.488077051000062)",Unfall 75432 (2020) Kat:3, Licht: 0,75432,3,6,2,01,11,3,0,0,0,1,0,0,0,0
"POINT (7.140722272000062 51.474322477000044)",Unfall 75524 (2020) Kat:3, Licht: 2,75524,3,1,9,01,20,4,0,2,0,1,0,0,0,0
"POINT (7.218277898000054 51.454103715000031)",Unfall 75551 (2020) Kat:3, Licht: 2,75551,3,6,2,01,18,3,0,2,0,1,0,0,0,1
"POINT (7.214411813000027 51.487633881000079)",Unfall 75583 (2020) Kat:3, Licht: 0,75583,3,6,2,01,13,2,1,0,0,1,0,0,0,0
"POINT (7.235460685000021 51.494372833000057)",Unfall 75602 (2020) Kat:3, Licht: 2,75602,3,6,2,01,17,4,1,2,0,1,0,0,0,0
"POINT (7.143405066000071 51.427354083000068)",Unfall 75629 (2020) Kat:3, Licht: 0,75629,3,3,0,01,08,7,0,0,1,0,0,0,0,1
"POINT (7.244585382000025 51.454523516000052)",Unfall 75656 (2020) Kat:3, Licht: 2,75656,3,3,3,01,18,1,1,2,1,1,0,0,0,0
"POINT (7.278554768000049 51.478079078000064)",Unfall 75672 (2020) Kat:3, Licht: 0,75672,3,6,2,01,14,4,0,0,0,1,0,0,0,0
"POINT (7.189771725000071 51.495530017000078)",Unfall 75679 (2020) Kat:3, Licht: 0,75679,3,4,6,01,13,7,0,0,0,1,1,0,0,0
"POINT (7.189328566000029 51.496026161000032)",Unfall 75684 (2020) Kat:2, Licht: 0,75684,2,6,2,01,15,2,1,0,0,1,0,0,0,0
"POINT (7.218617232000042 51.467506681000032)",Unfall 75685 (2020) Kat:3, Licht: 2,75685,3,1,0,01,06,3,1,2,0,0,0,1,0,0
"POINT (7.217633539000076 51.454124447000027)",Unfall 75719 (2020) Kat:3, Licht: 2,75719,3,6,2,01,18,3,1,2,0,1,0,0,0,0
"POINT (7.259427984000070 51.504049237000061)",Unfall 75836 (2020) Kat:3, Licht: 2,75836,3,2,6,01,17,4,1,2,0,1,0,0,0,1
"POINT (7.225441344000046 51.474239098000055)",Unfall 75847 (2020) Kat:3, Licht: 0,75847,3,2,3,01,10,3,1,0,1,1,0,0,0,0
"POINT (7.261751438000033 51.494784378000077)",Unfall 75909 (2020) Kat:3, Licht: 0,75909,3,3,5,02,08,2,1,0,0,1,0,0,0,0
"POINT (7.160138210000071 51.443090923000057)",Unfall 75971 (2020) Kat:3, Licht: 2,75971,3,6,4,01,18,5,1,2,0,1,0,0,0,1
"POINT (7.143259455000020 51.427193367000029)",Unfall 75983 (2020) Kat:3, Licht: 2,75983,3,3,5,01,19,5,1,2,0,1,0,0,0,0
"POINT (7.259029892000058 51.502412682000056)",Unfall 75987 (2020) Kat:3, Licht: 2,75987,3,3,5,01,21,5,1,2,0,1,0,0,0,0
"POINT (7.224569724000048 51.454889469000079)",Unfall 75989 (2020) Kat:2, Licht: 0,75989,2,1,9,01,16,5,0,0,0,0,0,1,0,0
"POINT (7.223392326000067 51.476869268000030)",Unfall 75993 (2020) Kat:3, Licht: 0,75993,3,3,5,01,08,5,0,0,0,1,0,0,0,0
"POINT (7.212520213000062 51.440692775000059)",Unfall 76035 (2020) Kat:2, Licht: 0,76035,2,4,6,02,11,3,1,0,0,1,1,0,0,0
"POINT (7.277838439000050 51.487259284000061)",Unfall 76087 (2020) Kat:3, Licht: 2,76087,3,6,2,01,18,5,1,2,0,1,0,0,0,1
"POINT (7.186022170000058 51.494480688000067)",Unfall 76099 (2020) Kat:3, Licht: 0,76099,3,6,1,01,14,5,0,0,0,1,0,0,0,1
"POINT (7.211371042000053 51.508678348000046)",Unfall 76100 (2020) Kat:3, Licht: 2,76100,3,2,3,01,17,6,0,2,1,1,0,0,0,0
"POINT (7.216436798000075 51.473221730000034)",Unfall 76102 (2020) Kat:3, Licht: 0,76102,3,1,0,01,09,6,0,0,1,0,0,0,0,0
"POINT (7.216421943000057 51.472889688000066)",Unfall 76185 (2020) Kat:3, Licht: 0,76185,3,6,2,02,13,7,1,0,0,1,0,0,0,0
"POINT (7.168140424000058 51.447312725000074)",Unfall 76195 (2020) Kat:3, Licht: 2,76195,3,3,5,02,23,2,1,2,0,1,0,0,0,0
"POINT (7.220292594000057 51.426727381000035)",Unfall 76230 (2020) Kat:3, Licht: 1,76230,3,2,2,02,17,3,1,1,0,1,0,0,0,1
"POINT (7.255989957000054 51.467508376000069)",Unfall 76318 (2020) Kat:3, Licht: 2,76318,3,6,2,02,19,3,1,2,0,1,0,0,0,0
"POINT (7.161723546000076 51.445553966000034)",Unfall 76371 (2020) Kat:3, Licht: 0,76371,3,6,2,02,12,7,0,0,0,1,0,0,0,0
"POINT (7.199881639000068 51.496752254000057)",Unfall 76395 (2020) Kat:3, Licht: 0,76395,3,6,2,02,14,7,0,0,0,1,0,0,0,0
"POINT (7.142112637000025 51.474355034000041)",Unfall 76502 (2020) Kat:3, Licht: 0,76502,3,6,3,02,09,7,0,0,0,1,0,0,0,1
"POINT (7.236328967000077 51.459903152000038)",Unfall 76523 (2020) Kat:3, Licht: 0,76523,3,3,5,02,09,6,0,0,0,1,0,0,0,0
"POINT (7.289417618000073 51.496852708000063)",Unfall 76541 (2020) Kat:3, Licht: 2,76541,3,6,2,02,07,6,0,2,0,1,0,0,0,1
"POINT (7.160172643000067 51.468471019000049)",Unfall 76672 (2020) Kat:3, Licht: 0,76672,3,7,5,02,11,4,0,0,0,1,0,0,0,1
"POINT (7.245112163000044 51.492020526000033)",Unfall 76675 (2020) Kat:3, Licht: 2,76675,3,1,0,02,05,4,1,2,0,0,0,1,0,0
"POINT (7.249604132000059 51.493136458000038)",Unfall 76676 (2020) Kat:3, Licht: 1,76676,3,2,6,02,07,2,1,1,0,1,1,0,0,0
"POINT (7.235840152000037 51.494356561000075)",Unfall 76731 (2020) Kat:3, Licht: 0,76731,3,6,2,02,14,7,0,0,0,1,0,0,0,0
"POINT (7.271789255000044 51.467246310000064)",Unfall 76935 (2020) Kat:3, Licht: 2,76935,3,6,2,02,20,6,0,2,0,1,0,0,0,0
"POINT (7.154322847000060 51.436741468000037)",Unfall 76937 (2020) Kat:3, Licht: 0,76937,3,6,2,02,15,5,0,0,0,1,0,0,0,0
"POINT (7.143900991000066 51.451378624000029)",Unfall 76939 (2020) Kat:3, Licht: 0,76939,3,6,2,02,16,5,1,0,0,1,0,0,0,0
"POINT (7.287861578000047 51.496737860000053)",Unfall 77012 (2020) Kat:3, Licht: 0,77012,3,6,2,02,12,6,1,0,0,1,0,0,0,0
"POINT (7.130801835000057 51.470683934000078)",Unfall 77052 (2020) Kat:3, Licht: 2,77052,3,6,1,02,18,4,0,2,0,1,0,0,0,0
"POINT (7.203338048000035 51.479239267000082)",Unfall 77053 (2020) Kat:3, Licht: 0,77053,3,6,2,02,16,4,1,0,0,1,0,0,0,0
"POINT (7.211435149000067 51.487026213000036)",Unfall 77055 (2020) Kat:3, Licht: 0,77055,3,6,2,02,11,4,0,0,0,1,0,0,0,0
"POINT (7.213620057000071 51.515947575000041)",Unfall 77067 (2020) Kat:3, Licht: 0,77067,3,6,2,02,08,4,1,0,0,1,0,0,0,0
"POINT (7.288128372000074 51.461228262000077)",Unfall 77070 (2020) Kat:3, Licht: 0,77070,3,1,9,02,13,4,0,0,0,1,0,0,0,0
"POINT (7.288306154000054 51.461590095000076)",Unfall 77071 (2020) Kat:2, Licht: 0,77071,2,7,8,02,12,4,0,0,0,1,0,0,0,0
"POINT (7.213171624000040 51.492292980000059)",Unfall 77094 (2020) Kat:3, Licht: 0,77094,3,6,2,02,15,6,0,0,0,1,0,0,0,0
"POINT (7.279527826000049 51.496882465000056)",Unfall 77168 (2020) Kat:3, Licht: 0,77168,3,6,2,02,14,7,0,0,0,1,0,0,0,0
"POINT (7.213080910000031 51.492774900000029)",Unfall 77174 (2020) Kat:2, Licht: 2,77174,2,2,2,02,20,1,1,2,0,1,0,1,0,0