WKT,Name,OBJECTID,UKATEGORIE,UTYP1,UART,UMONAT,USTUNDE,UWOCHENTAG,STRZUSTAND,ULICHTVERH,ISTRAD,ISTPKW,ISTFUSS,ISTKRAD,ISTGKFZ,ISTSONSTIG
"POINT (7.188706186000047 51.495784227000058)",Unfall 77197 (2020) Kat:3, Licht: 0,77197,3,6,2,02,14,7,0,0,0,1,0,0,0,0
"POINT (7.196467032000044 51.465729069000076)",Unfall 77340 (2020) Kat:3, Licht: 2,77340,3,1,9,02,05,7,0,2,0,1,0,0,0,0
"POINT (7.250397853000038 51.520023088000073)",Unfall 77541 (2020) Kat:3, Licht: 2,77541,3,7,7,02,05,4,1,2,1,1,0,0,0,0
"POINT (7.212894069000072 51.481560548000061)",Unfall 77548 (2020) Kat:3, Licht: 0,77548,3,6,2,02,07,4,1,0,0,1,0,0,0,0
"POINT (7.191477074000034 51.472604377000039)",Unfall 77551 (2020) Kat:3, Licht: 2,77551,3,4,6,02,06,4,1,2,0,1,1,0,0,0
"POINT (7.211339789000022 51.508769069000039)",Unfall 77560 (2020) Kat:3, Licht: 0,77560,3,2,0,02,16,4,0,0,0,1,0,0,0,1
"POINT (7.194750084000020 51.486365660000047)",Unfall 77625 (2020) Kat:3, Licht: 0,77625,3,6,2,02,13,5,0,0,0,1,0,0,0,0
"POINT (7.287461221000058 51.500641699000028)",Unfall 77663 (2020) Kat:3, Licht: 0,77663,3,7,1,02,12,6,0,0,0,1,0,0,0,0
"POINT (7.215264565000041 51.478718865000076)",Unfall 77783 (2020) Kat:3, Licht: 2,77783,3,1,0,02,22,6,0,2,0,0,0,0,0,1
"POINT (7.214012792000062 51.515898536000066)",Unfall 77908 (2020) Kat:3, Licht: 0,77908,3,6,2,02,09,2,0,0,0,1,0,0,0,0
"POINT (7.243550594000055 51.466243737000070)",Unfall 77921 (2020) Kat:3, Licht: 0,77921,3,6,6,02,13,2,1,0,0,1,1,0,0,0
"POINT (7.215344840000057 51.478844511000034)",Unfall 77924 (2020) Kat:3, Licht: 2,77924,3,2,6,02,19,2,1,2,0,1,1,0,0,0
"POINT (7.232256185000040 51.463110113000027)",Unfall 77926 (2020) Kat:2, Licht: 2,77926,2,2,6,02,18,2,1,2,0,1,1,0,0,0
"POINT (7.188907493000045 51.498090522000041)",Unfall 78068 (2020) Kat:3, Licht: 0,78068,3,4,6,02,15,4,1,0,0,1,1,0,0,0
"POINT (7.167973071000063 51.422561958000074)",Unfall 78074 (2020) Kat:3, Licht: 2,78074,3,2,5,02,21,3,1,2,0,1,0,0,0,0
"POINT (7.224607866000042 51.480932571000039)",Unfall 78093 (2020) Kat:3, Licht: 0,78093,3,3,1,02,14,5,1,0,0,1,0,0,0,1
"POINT (7.185136750000027 51.491110830000082)",Unfall 78381 (2020) Kat:3, Licht: 0,78381,3,6,1,02,13,7,0,0,0,1,0,0,0,0
"POINT (7.160217581000040 51.444392194000045)",Unfall 78385 (2020) Kat:3, Licht: 0,78385,3,3,5,02,13,6,0,0,1,1,0,0,0,0
"POINT (7.129916805000050 51.472711394000044)",Unfall 78388 (2020) Kat:3, Licht: 0,78388,3,6,2,02,10,6,0,0,0,1,0,0,1,0
"POINT (7.215557449000073 51.475158705000069)",Unfall 78391 (2020) Kat:3, Licht: 2,78391,3,4,6,02,20,6,1,2,0,1,1,0,0,0
"POINT (7.113696189000052 51.471583904000056)",Unfall 78451 (2020) Kat:3, Licht: 2,78451,3,1,9,03,00,1,1,2,0,1,0,0,0,0
"POINT (7.235625768000034 51.458893357000079)",Unfall 78624 (2020) Kat:3, Licht: 0,78624,3,6,2,03,15,5,1,0,0,1,0,0,0,0
"POINT (7.165539769000077 51.486201726000047)",Unfall 78700 (2020) Kat:3, Licht: 0,78700,3,3,5,03,15,1,1,0,0,1,0,1,0,0
"POINT (7.216082648000054 51.487043626000059)",Unfall 78711 (2020) Kat:3, Licht: 2,78711,3,1,8,03,21,7,0,2,0,1,0,0,0,0
"POINT (7.244207164000045 51.472178182000050)",Unfall 78826 (2020) Kat:3, Licht: 0,78826,3,2,5,03,09,5,1,0,1,1,0,0,0,0
"POINT (7.313677601000052 51.472033366000062)",Unfall 78859 (2020) Kat:2, Licht: 2,78859,2,3,5,03,06,3,1,2,0,1,0,0,0,0
"POINT (7.147729014000049 51.448644479000052)",Unfall 78908 (2020) Kat:3, Licht: 0,78908,3,2,5,03,11,6,1,0,0,1,0,0,0,1
"POINT (7.236188008000056 51.509066039000061)",Unfall 78929 (2020) Kat:3, Licht: 2,78929,3,6,2,03,18,5,1,2,0,1,0,0,0,1
"POINT (7.193804589000024 51.489398232000042)",Unfall 78972 (2020) Kat:3, Licht: 2,78972,3,7,0,03,22,5,1,2,0,1,0,1,0,0
"POINT (7.204151440000032 51.479422200000045)",Unfall 79046 (2020) Kat:3, Licht: 0,79046,3,6,2,03,15,5,0,0,0,1,0,0,0,0
"POINT (7.129066200000068 51.486113544000034)",Unfall 79073 (2020) Kat:3, Licht: 2,79073,3,6,2,03,22,6,0,2,0,1,0,1,0,0
"POINT (7.164545423000050 51.445364307000034)",Unfall 79142 (2020) Kat:3, Licht: 0,79142,3,2,6,03,08,5,1,0,0,1,1,0,0,0
"POINT (7.138145187000021 51.456674267000039)",Unfall 79163 (2020) Kat:3, Licht: 0,79163,3,6,2,03,15,6,1,0,0,1,0,0,0,1
"POINT (7.221514939000031 51.460571653000045)",Unfall 79234 (2020) Kat:3, Licht: 0,79234,3,2,5,03,17,5,1,0,1,1,0,0,0,0
"POINT (7.211181129000067 51.513928405000058)",Unfall 79251 (2020) Kat:3, Licht: 0,79251,3,2,6,03,11,3,1,0,0,1,1,0,0,0
"POINT (7.234209350000072 51.488408537000055)",Unfall 79253 (2020) Kat:3, Licht: 0,79253,3,2,5,03,15,3,1,0,0,1,0,0,0,0
"POINT (7.217021606000060 51.485493424000026)",Unfall 79256 (2020) Kat:3, Licht: 2,79256,3,7,5,03,19,3,1,2,0,1,0,0,0,0
"POINT (7.241039384000032 51.449090878000050)",Unfall 79260 (2020) Kat:3, Licht: 0,79260,3,7,5,03,12,6,1,0,0,1,0,0,0,0
"POINT (7.213984262000054 51.488029218000065)",Unfall 79269 (2020) Kat:3, Licht: 0,79269,3,6,2,03,15,2,0,0,0,1,0,0,0,0
"POINT (7.236208608000027 51.460062158000028)",Unfall 79276 (2020) Kat:3, Licht: 0,79276,3,3,5,03,07,2,1,0,0,1,0,0,0,0
"POINT (7.300576232000026 51.496499994000033)",Unfall 79277 (2020) Kat:3, Licht: 0,79277,3,6,2,03,15,3,1,0,0,1,0,0,0,0
"POINT (7.216802431000076 51.498522772000058)",Unfall 79282 (2020) Kat:3, Licht: 0,79282,3,6,1,03,14,6,0,0,0,1,0,0,1,0
"POINT (7.297735134000050 51.466891035000060)",Unfall 79330 (2020) Kat:3, Licht: 0,79330,3,3,5,03,16,5,0,0,0,1,0,0,0,0
"POINT (7.141722604000051 51.479938742000058)",Unfall 79349 (2020) Kat:3, Licht: 0,79349,3,6,1,03,16,6,1,0,0,1,0,0,0,0
"POINT (7.260177015000068 51.504692800000043)",Unfall 79417 (2020) Kat:3, Licht: 0,79417,3,6,3,03,14,5,0,0,0,1,0,0,0,0
"POINT (7.236729168000068 51.464015720000077)",Unfall 79466 (2020) Kat:3, Licht: 2,79466,3,7,0,03,20,7,0,2,1,0,0,0,0,0
"POINT (7.205210827000030 51.489927459000057)",Unfall 79635 (2020) Kat:3, Licht: 0,79635,3,2,3,03,15,4,0,0,1,1,0,0,0,0
"POINT (7.303537409000057 51.468664962000048)",Unfall 79695 (2020) Kat:3, Licht: 0,79695,3,2,5,03,09,2,0,0,0,1,0,0,0,0
"POINT (7.162885571000061 51.445511675000034)",Unfall 79757 (2020) Kat:2, Licht: 0,79757,2,1,0,03,17,3,0,0,1,0,0,0,0,0
"POINT (7.129405936000069 51.485875144000033)",Unfall 79808 (2020) Kat:3, Licht: 0,79808,3,2,5,03,07,4,0,0,0,1,0,0,0,0
"POINT (7.144243582000058 51.494065597000031)",Unfall 79898 (2020) Kat:3, Licht: 0,79898,3,7,4,03,12,1,0,0,0,1,0,1,0,0
"POINT (7.226203373000033 51.484418265000045)",Unfall 80006 (2020) Kat:2, Licht: 0,80006,2,2,5,03,11,5,0,0,0,1,0,0,0,0
"POINT (7.271742639000024 51.496455256000047)",Unfall 80010 (2020) Kat:3, Licht: 0,80010,3,6,2,03,12,5,0,0,0,1,0,0,0,0
"POINT (7.266465085000050 51.472518804000060)",Unfall 80037 (2020) Kat:2, Licht: 2,80037,2,3,5,03,05,2,0,2,0,1,0,0,0,0
"POINT (7.154520379000076 51.460924457000033)",Unfall 80124 (2020) Kat:3, Licht: 0,80124,3,6,3,03,06,2,0,0,1,1,0,0,0,0
"POINT (7.281400909000070 51.497003309000036)",Unfall 80149 (2020) Kat:3, Licht: 0,80149,3,6,3,03,06,2,0,0,0,1,0,0,1,0
"POINT (7.314564990000065 51.470399271000076)",Unfall 80180 (2020) Kat:3, Licht: 0,80180,3,3,5,03,14,6,0,0,1,0,0,0,0,0
"POINT (7.276294795000069 51.496927695000068)",Unfall 80191 (2020) Kat:3, Licht: 0,80191,3,1,9,04,19,4,0,0,0,1,0,0,0,0
"POINT (7.136590284000022 51.457938222000053)",Unfall 80194 (2020) Kat:3, Licht: 2,80194,3,3,5,03,21,4,0,2,0,1,0,0,0,0
"POINT (7.256372957000053 51.493586651000044)",Unfall 80218 (2020) Kat:3, Licht: 1,80218,3,3,5,03,05,6,0,1,0,1,0,0,0,0
"POINT (7.182172867000077 51.484717461000059)",Unfall 80220 (2020) Kat:3, Licht: 0,80220,3,1,8,03,13,7,0,0,0,0,0,1,0,0
"POINT (7.280554638000069 51.480216146000032)",Unfall 80305 (2020) Kat:3, Licht: 0,80305,3,1,0,03,13,6,0,0,0,0,0,1,0,0
"POINT (7.292950713000039 51.487429979000069)",Unfall 80348 (2020) Kat:3, Licht: 2,80348,3,5,1,03,05,2,1,2,0,1,0,0,0,0
"POINT (7.194642691000070 51.445671620000041)",Unfall 80353 (2020) Kat:2, Licht: 0,80353,2,7,4,03,06,3,0,0,0,1,0,0,0,0
"POINT (7.267804088000048 51.522167675000048)",Unfall 80501 (2020) Kat:2, Licht: 0,80501,2,7,5,04,12,7,0,0,0,0,0,1,0,1
"POINT (7.238330778000034 51.457575602000077)",Unfall 80504 (2020) Kat:3, Licht: 0,80504,3,2,5,04,13,7,0,0,0,1,0,1,0,0
"POINT (7.196111047000045 51.467493337000064)",Unfall 80526 (2020) Kat:2, Licht: 0,80526,2,6,2,04,07,7,0,0,0,1,0,0,0,1
"POINT (7.164913363000039 51.445285238000054)",Unfall 80528 (2020) Kat:2, Licht: 0,80528,2,2,5,04,08,2,0,0,1,1,0,0,0,0
"POINT (7.217401119000044 51.470729484000060)",Unfall 80638 (2020) Kat:3, Licht: 0,80638,3,7,5,04,09,2,0,0,0,1,0,1,0,0
"POINT (7.221205558000065 51.461538452000070)",Unfall 80687 (2020) Kat:3, Licht: 0,80687,3,1,0,04,15,2,0,0,1,0,0,0,0,0
"POINT (7.124907228000041 51.480923959000052)",Unfall 80815 (2020) Kat:3, Licht: 0,80815,3,5,1,04,06,6,0,0,0,1,0,0,0,0
"POINT (7.128904001000024 51.474128773000075)",Unfall 80821 (2020) Kat:3, Licht: 0,80821,3,6,2,04,12,4,0,0,0,1,0,0,0,0
"POINT (7.233457702000067 51.476235363000058)",Unfall 80895 (2020) Kat:3, Licht: 0,80895,3,3,5,04,15,3,0,0,1,0,0,0,0,1
"POINT (7.190731070000027 51.494522559000075)",Unfall 80910 (2020) Kat:3, Licht: 0,80910,3,3,0,04,14,5,0,0,1,1,0,0,0,0
"POINT (7.248229943000069 51.509913102000041)",Unfall 80934 (2020) Kat:3, Licht: 0,80934,3,6,2,04,11,6,0,0,0,1,0,0,0,0
"POINT (7.225402930000030 51.452044927000031)",Unfall 80988 (2020) Kat:3, Licht: 0,80988,3,2,2,04,10,6,0,0,0,1,0,0,1,0
"POINT (7.128771584000049 51.480025267000030)",Unfall 80999 (2020) Kat:2, Licht: 0,80999,2,4,6,04,10,3,0,0,0,1,1,0,0,0
"POINT (7.272638958000073 51.495327805000045)",Unfall 81033 (2020) Kat:3, Licht: 0,81033,3,1,9,04,14,1,0,0,0,1,0,0,0,0
"POINT (7.259429036000029 51.505827987000032)",Unfall 81065 (2020) Kat:3, Licht: 0,81065,3,6,2,04,14,4,0,0,0,1,0,0,0,0
"POINT (7.286345377000032 51.496765146000030)",Unfall 81171 (2020) Kat:3, Licht: 0,81171,3,6,9,04,13,4,0,0,0,1,0,0,1,0
"POINT (7.137168245000055 51.458124061000035)",Unfall 81207 (2020) Kat:3, Licht: 0,81207,3,6,1,04,18,7,0,0,1,1,0,0,0,0
"POINT (7.259115482000027 51.499565339000071)",Unfall 81247 (2020) Kat:3, Licht: 0,81247,3,3,5,04,14,4,0,0,1,1,0,0,0,0
"POINT (7.192623352000055 51.491055421000056)",Unfall 81362 (2020) Kat:3, Licht: 0,81362,3,1,9,04,19,7,1,0,0,1,0,0,0,0
"POINT (7.186695565000036 51.439475311000081)",Unfall 81482 (2020) Kat:2, Licht: 0,81482,2,6,2,04,16,2,0,0,0,1,0,0,0,0
"POINT (7.194670974000076 51.481373404000067)",Unfall 81558 (2020) Kat:3, Licht: 0,81558,3,2,2,04,16,5,0,0,0,1,0,0,0,0
"POINT (7.219620390000046 51.478503850000038)",Unfall 81616 (2020) Kat:3, Licht: 0,81616,3,2,2,04,16,5,0,0,0,1,0,0,0,0
"POINT (7.243744239000023 51.491698178000036)",Unfall 81633 (2020) Kat:3, Licht: 0,81633,3,3,5,04,12,6,0,0,0,1,0,1,0,0
"POINT (7.143497017000072 51.445479623000040)",Unfall 81776 (2020) Kat:3, Licht: 0,81776,3,4,6,04,07,6,0,0,1,0,1,0,0,0
"POINT (7.154676760000029 51.460183162000078)",Unfall 81830 (2020) Kat:2, Licht: 0,81830,2,4,6,04,15,4,0,0,0,1,1,0,0,0
"POINT (7.209125268000037 51.488575552000043)",Unfall 81831 (2020) Kat:3, Licht: 0,81831,3,2,3,04,15,4,0,0,1,1,0,0,0,0
"POINT (7.244444296000040 51.491876340000033)",Unfall 81833 (2020) Kat:3, Licht: 0,81833,3,1,0,04,10,4,0,0,1,0,0,0,0,0
"POINT (7.214142706000075 51.441476882000075)",Unfall 81961 (2020) Kat:3, Licht: 0,81961,3,2,5,04,18,5,0,0,1,1,0,0,0,0
"POINT (7.306197679000036 51.474891732000060)",Unfall 81972 (2020) Kat:3, Licht: 0,81972,3,4,6,04,19,1,0,0,0,1,1,0,0,0
"POINT (7.155490641000029 51.423718778000080)",Unfall 81977 (2020) Kat:2, Licht: 0,81977,2,1,0,04,20,3,1,0,1,0,0,0,0,0
"POINT (7.321132328000033 51.465054172000066)",Unfall 81993 (2020) Kat:2, Licht: 0,81993,2,7,4,04,16,2,0,0,0,1,0,0,0,1
"POINT (7.121154478000051 51.480153212000062)",Unfall 82072 (2020) Kat:3, Licht: 0,82072,3,3,5,04,14,2,0,0,1,1,0,0,0,0
"POINT (7.212541813000030 51.495578341000055)",Unfall 82210 (2020) Kat:3, Licht: 0,82210,3,5,1,04,17,1,0,0,1,1,0,0,0,0
"POINT (7.243913101000032 51.491742663000082)",Unfall 82215 (2020) Kat:3, Licht: 0,82215,3,1,0,04,08,3,0,0,1,0,0,0,0,0
"POINT (7.266759254000021 51.472465824000039)",Unfall 82234 (2020) Kat:2, Licht: 0,82234,2,2,6,04,10,2,0,0,0,1,1,0,0,0
"POINT (7.254885011000056 51.494818547000079)",Unfall 82287 (2020) Kat:3, Licht: 2,82287,3,1,9,04,02,1,0,2,0,1,0,0,0,0
"POINT (7.261751438000033 51.494784378000077)",Unfall 82416 (2020) Kat:3, Licht: 0,82416,3,3,5,05,13,3,0,0,0,1,0,0,0,0
"POINT (7.287415098000054 51.525505324000051)",Unfall 82442 (2020) Kat:3, Licht: 0,82442,3,3,5,05,16,1,0,0,0,1,0,0,0,1
"POINT (7.253873142000032 51.494463689000042)",Unfall 82590 (2020) Kat:3, Licht: 0,82590,3,6,3,05,17,7,0,0,0,1,0,0,0,0
"POINT (7.233579206000059 51.447772949000068)",Unfall 82633 (2020) Kat:3, Licht: 0,82633,3,3,5,04,16,5,0,0,1,1,0,0,0,0
"POINT (7.162994609000066 51.480346353000073)",Unfall 82677 (2020) Kat:3, Licht: 0,82677,3,2,5,05,06,3,0,0,0,0,0,1,0,1
"POINT (7.131354431000034 51.464322044000028)",Unfall 82840 (2020) Kat:3, Licht: 0,82840,3,6,2,05,16,2,0,0,0,1,0,0,0,1
"POINT (7.196608210000022 51.501843389000044)",Unfall 82891 (2020) Kat:3, Licht: 1,82891,3,3,8,05,05,4,0,1,1,1,0,0,0,0
"POINT (7.141820750000022 51.479892898000060)",Unfall 83031 (2020) Kat:3, Licht: 0,83031,3,3,5,05,17,6,0,0,0,1,0,0,0,0
"POINT (7.275209297000060 51.519099426000082)",Unfall 83040 (2020) Kat:3, Licht: 0,83040,3,1,0,05,07,2,1,0,1,0,0,0,0,0
"POINT (7.191677906000052 51.491698440000050)",Unfall 83092 (2020) Kat:3, Licht: 0,83092,3,5,1,05,08,4,0,0,0,1,0,0,0,0
"POINT (7.301781296000058 51.490535427000054)",Unfall 83149 (2020) Kat:3, Licht: 0,83149,3,6,1,05,12,5,0,0,0,1,0,0,0,0
"POINT (7.213354788000061 51.491316728000072)",Unfall 83154 (2020) Kat:3, Licht: 0,83154,3,6,2,05,13,5,0,0,0,1,0,0,0,0
"POINT (7.194257739000022 51.477089776000071)",Unfall 83159 (2020) Kat:3, Licht: 0,83159,3,1,0,05,07,5,0,0,1,0,0,0,0,0
"POINT (7.244002069000032 51.491766117000054)",Unfall 83164 (2020) Kat:2, Licht: 0,83164,2,1,0,05,15,1,1,0,0,0,0,1,0,0
"POINT (7.321461959000033 51.465783001000034)",Unfall 83177 (2020) Kat:3, Licht: 0,83177,3,1,0,05,08,7,0,0,1,0,0,0,0,0
"POINT (7.263380571000027 51.496303909000062)",Unfall 83262 (2020) Kat:3, Licht: 0,83262,3,2,4,05,14,4,0,0,0,1,0,1,0,0
"POINT (7.211083353000049 51.513711538000052)",Unfall 83301 (2020) Kat:3, Licht: 0,83301,3,2,5,05,14,7,0,0,1,1,0,0,0,0
"POINT (7.249411190000046 51.493079941000076)",Unfall 83306 (2020) Kat:3, Licht: 0,83306,3,2,2,05,11,7,0,0,0,1,0,0,0,0
"POINT (7.344597086000022 51.464013300000033)",Unfall 83342 (2020) Kat:1, Licht: 0,83342,1,1,0,05,11,1,0,0,1,0,0,0,0,0
"POINT (7.297624277000068 51.467031843000029)",Unfall 83395 (2020) Kat:3, Licht: 0,83395,3,2,0,05,13,2,0,0,1,1,0,0,0,0
"POINT (7.216426974000058 51.472876591000045)",Unfall 83499 (2020) Kat:3, Licht: 0,83499,3,7,0,05,16,2,0,0,1,0,0,0,0,0
"POINT (7.260852568000075 51.515311780000047)",Unfall 83549 (2020) Kat:3, Licht: 0,83549,3,2,1,05,14,5,0,0,0,1,0,0,0,0
"POINT (7.296501516000035 51.496571122000034)",Unfall 83582 (2020) Kat:2, Licht: 0,83582,2,1,0,05,17,5,0,0,0,1,0,1,0,0
"POINT (7.277848416000040 51.487215526000057)",Unfall 83594 (2020) Kat:3, Licht: 0,83594,3,6,1,05,15,5,0,0,0,1,0,1,0,0
"POINT (7.129661565000049 51.481980025000041)",Unfall 83621 (2020) Kat:3, Licht: 0,83621,3,4,6,05,11,6,0,0,0,1,1,0,0,0
"POINT (7.212684966000040 51.494852810000054)",Unfall 83624 (2020) Kat:3, Licht: 0,83624,3,3,1,05,18,6,0,0,1,1,0,0,0,0
"POINT (7.159526577000065 51.444118935000063)",Unfall 83668 (2020) Kat:3, Licht: 0,83668,3,1,8,05,15,1,0,0,0,0,0,1,0,0
"POINT (7.212385080000047 51.502483825000070)",Unfall 83721 (2020) Kat:3, Licht: 0,83721,3,3,5,05,17,2,0,0,1,1,0,0,0,0
"POINT (7.221130180000046 51.461211803000026)",Unfall 83804 (2020) Kat:3, Licht: 0,83804,3,3,5,05,13,3,0,0,1,1,0,0,0,0
"POINT (7.248666732000061 51.510010243000067)",Unfall 83861 (2020) Kat:3, Licht: 0,83861,3,3,5,05,16,5,0,0,1,1,0,0,0,0
"POINT (7.224176509000074 51.480176007000068)",Unfall 83929 (2020) Kat:3, Licht: 0,83929,3,6,2,05,15,5,0,0,0,1,0,0,0,0
"POINT (7.303901541000073 51.468764843000031)",Unfall 83936 (2020) Kat:3, Licht: 0,83936,3,1,0,05,17,6,1,0,0,0,0,1,0,0
"POINT (7.193816190000064 51.448601885000073)",Unfall 83970 (2020) Kat:3, Licht: 0,83970,3,1,0,05,11,5,0,0,1,0,0,0,0,0
"POINT (7.298617219000050 51.503080562000036)",Unfall 84038 (2020) Kat:3, Licht: 0,84038,3,1,0,05,15,5,0,0,1,0,0,0,0,0
"POINT (7.189053608000052 51.501908541000034)",Unfall 84082 (2020) Kat:2, Licht: 0,84082,2,6,8,05,19,4,0,0,0,1,0,0,0,0
"POINT (7.154286278000029 51.484465193000062)",Unfall 84124 (2020) Kat:3, Licht: 0,84124,3,5,1,05,14,3,0,0,1,1,0,0,0,0
"POINT (7.254679787000043 51.463667123000050)",Unfall 84281 (2020) Kat:3, Licht: 0,84281,3,6,2,05,14,2,0,0,0,1,0,0,0,0
"POINT (7.176089873000024 51.456604839000079)",Unfall 84407 (2020) Kat:3, Licht: 0,84407,3,1,8,05,09,5,0,0,0,1,1,0,0,0
"POINT (7.189710410000032 51.504424850000078)",Unfall 84486 (2020) Kat:2, Licht: 0,84486,2,6,6,05,18,5,0,0,1,0,1,0,0,0
"POINT (7.212179168000034 51.501502528000060)",Unfall 84527 (2020) Kat:3, Licht: 0,84527,3,2,5,05,12,6,0,0,1,0,0,0,0,1
"POINT (7.138075909000065 51.489050108000072)",Unfall 84591 (2020) Kat:3, Licht: 0,84591,3,2,2,05,11,5,0,0,0,1,0,1,0,0
"POINT (7.212590668000075 51.440744054000049)",Unfall 84648 (2020) Kat:3, Licht: 0,84648,3,5,1,05,09,6,0,0,0,1,0,0,0,1
"POINT (7.216513558000031 51.473035424000045)",Unfall 84664 (2020) Kat:3, Licht: 0,84664,3,5,1,05,10,5,0,0,0,0,0,0,0,1
"POINT (7.212031483000033 51.422876262000045)",Unfall 84799 (2020) Kat:3, Licht: 0,84799,3,1,0,06,09,2,0,0,1,0,0,0,0,0
"POINT (7.232978083000035 51.432613029000038)",Unfall 84945 (2020) Kat:3, Licht: 0,84945,3,3,5,06,13,2,0,0,0,1,0,1,0,0
"POINT (7.250256124000032 51.463054900000031)",Unfall 84980 (2020) Kat:3, Licht: 0,84980,3,7,3,05,06,7,0,0,0,1,0,0,0,0
"POINT (7.211163411000030 51.513888161000068)",Unfall 84983 (2020) Kat:3, Licht: 0,84983,3,2,5,05,16,7,0,0,1,1,0,0,0,0
"POINT (7.229714742000056 51.464972425000042)",Unfall 85011 (2020) Kat:2, Licht: 1,85011,2,1,0,06,21,2,0,1,1,0,0,0,0,0
"POINT (7.225606183000025 51.451761900000065)",Unfall 85045 (2020) Kat:3, Licht: 0,85045,3,6,2,06,16,6,1,0,0,1,0,0,0,0
"POINT (7.216218932000061 51.486831459000030)",Unfall 85051 (2020) Kat:3, Licht: 0,85051,3,6,0,06,18,4,0,0,0,0,0,1,0,0
"POINT (7.302236912000069 51.490670564000027)",Unfall 85114 (2020) Kat:3, Licht: 0,85114,3,3,5,06,15,6,1,0,0,1,0,0,0,0
"POINT (7.223286382000026 51.494530116000078)",Unfall 85120 (2020) Kat:2, Licht: 0,85120,2,2,5,06,14,5,1,0,0,1,0,0,0,0
"POINT (7.210338095000054 51.455770043000030)",Unfall 85172 (2020) Kat:3, Licht: 0,85172,3,1,0,06,12,5,1,0,0,0,0,1,0,0
"POINT (7.211906546000023 51.482563865000031)",Unfall 85245 (2020) Kat:3, Licht: 0,85245,3,1,0,06,17,5,1,0,0,0,0,1,0,0
"POINT (7.276815993000071 51.489802375000068)",Unfall 85273 (2020) Kat:3, Licht: 0,85273,3,1,9,06,12,3,0,0,0,1,0,0,0,0
"POINT (7.188882976000059 51.440849039000057)",Unfall 85319 (2020) Kat:3, Licht: 0,85319,3,5,1,06,14,3,0,0,0,1,0,0,0,1
"POINT (7.282998406000047 51.463610143000039)",Unfall 85326 (2020) Kat:3, Licht: 0,85326,3,6,2,06,19,3,0,0,0,1,0,0,0,0
"POINT (7.213101704000053 51.480855633000033)",Unfall 85328 (2020) Kat:3, Licht: 0,85328,3,5,1,06,17,3,0,0,1,1,0,0,0,0
"POINT (7.190942658000040 51.476315564000060)",Unfall 85348 (2020) Kat:3, Licht: 0,85348,3,6,2,06,07,6,1,0,0,1,0,0,0,0
"POINT (7.214256890000058 51.498213799000041)",Unfall 85349 (2020) Kat:3, Licht: 0,85349,3,1,8,06,19,5,1,0,0,1,0,0,0,0
"POINT (7.323418327000070 51.475282959000026)",Unfall 85518 (2020) Kat:3, Licht: 0,85518,3,1,0,06,16,2,0,0,1,0,0,0,0,0
"POINT (7.224542662000033 51.481131118000064)",Unfall 85522 (2020) Kat:2, Licht: 0,85522,2,2,5,06,10,2,0,0,1,1,0,0,0,0
"POINT (7.213561591000030 51.516005234000033)",Unfall 85533 (2020) Kat:3, Licht: 0,85533,3,6,3,06,12,4,0,0,0,1,0,1,0,0
"POINT (7.188200050000035 51.475790991000054)",Unfall 85550 (2020) Kat:2, Licht: 0,85550,2,1,0,06,12,4,0,0,1,0,0,0,0,0
"POINT (7.225544095000032 51.454512973000078)",Unfall 85697 (2020) Kat:3, Licht: 0,85697,3,1,0,06,15,3,0,0,1,0,0,0,0,0
"POINT (7.206000770000060 51.465138671000034)",Unfall 85702 (2020) Kat:3, Licht: 0,85702,3,7,9,06,18,4,0,0,0,1,0,0,0,0
"POINT (7.272727319000069 51.516827378000073)",Unfall 85757 (2020) Kat:3, Licht: 0,85757,3,1,0,06,10,7,1,0,0,0,0,1,0,0
"POINT (7.210016975000031 51.441197275000036)",Unfall 85775 (2020) Kat:3, Licht: 0,85775,3,6,2,06,16,6,0,0,0,1,0,0,0,0
"POINT (7.259239275000027 51.499755289000063)",Unfall 85821 (2020) Kat:3, Licht: 0,85821,3,6,2,06,11,2,0,0,0,1,0,0,1,0
"POINT (7.185577870000032 51.494013659000075)",Unfall 85931 (2020) Kat:3, Licht: 0,85931,3,6,2,06,14,2,0,0,0,1,0,0,0,0
"POINT (7.226844679000067 51.446898466000050)",Unfall 86140 (2020) Kat:3, Licht: 0,86140,3,3,5,06,06,3,0,0,0,1,0,0,0,0
"POINT (7.147010989000023 51.482867966000072)",Unfall 86159 (2020) Kat:3, Licht: 0,86159,3,2,5,06,14,5,0,0,1,1,0,0,0,0
"POINT (7.159972257000050 51.468115131000047)",Unfall 86270 (2020) Kat:3, Licht: 0,86270,3,6,2,06,16,7,0,0,0,1,0,0,0,0
"POINT (7.164253371000029 51.421836228000075)",Unfall 86322 (2020) Kat:3, Licht: 0,86322,3,2,4,06,13,6,0,0,0,1,0,1,0,0
"POINT (7.239877459000070 51.490394086000038)",Unfall 86325 (2020) Kat:3, Licht: 1,86325,3,2,5,06,20,6,0,1,0,1,0,1,0,0
"POINT (7.198204279000038 51.478039918000036)",Unfall 86329 (2020) Kat:2, Licht: 0,86329,2,6,2,06,16,6,0,0,0,1,0,0,0,0