WKT,Name,OBJECTID,UKATEGORIE,UTYP1,UART,UMONAT,USTUNDE,UWOCHENTAG,STRZUSTAND,ULICHTVERH,ISTRAD,ISTPKW,ISTFUSS,ISTKRAD,ISTGKFZ,ISTSONSTIG
"POINT (7.150707474000058 51.462900847000071)",Unfall 200952 (2020) Kat:3, Licht: 0,200952,3,6,6,01,13,6,1,0,0,1,1,0,0,0
"POINT (7.254706546000023 51.444293320000043)",Unfall 201078 (2020) Kat:3, Licht: 0,201078,3,3,5,01,08,2,1,0,1,1,0,0,0,0
"POINT (7.319272645000069 51.471392967000043)",Unfall 201106 (2020) Kat:3, Licht: 2,201106,3,6,4,01,07,6,1,2,1,1,0,0,0,0
"POINT (7.228741158000048 51.483419319000063)",Unfall 201107 (2020) Kat:3, Licht: 0,201107,3,1,0,01,10,6,1,0,1,0,0,0,0,0
"POINT (7.134740141000066 51.479344112000035)",Unfall 201213 (2020) Kat:2, Licht: 2,201213,2,3,5,01,07,5,1,2,1,1,0,0,0,0
"POINT (7.188652917000070 51.503605939000067)",Unfall 201215 (2020) Kat:3, Licht: 0,201215,3,5,1,01,09,5,0,0,1,1,0,0,0,0
"POINT (7.156957681000051 51.487331733000076)",Unfall 201312 (2020) Kat:3, Licht: 2,201312,3,5,1,01,23,4,1,2,1,1,0,0,0,0
"POINT (7.158485649000056 51.427307467000048)",Unfall 201399 (2020) Kat:3, Licht: 2,201399,3,1,9,01,03,1,0,2,1,0,0,0,0,0
"POINT (7.316263334000041 51.458922964000067)",Unfall 201401 (2020) Kat:2, Licht: 2,201401,2,6,2,01,17,5,0,2,0,1,0,0,0,0
"POINT (7.313694026000064 51.459456198000055)",Unfall 201435 (2020) Kat:3, Licht: 2,201435,3,6,2,01,17,4,1,2,0,1,0,0,0,0
"POINT (7.313374160000024 51.472290095000062)",Unfall 201504 (2020) Kat:3, Licht: 1,201504,3,6,3,01,17,7,0,1,0,1,0,1,0,0
"POINT (7.260512098000049 51.498442300000079)",Unfall 201686 (2020) Kat:3, Licht: 2,201686,3,2,6,01,05,2,1,2,0,1,1,0,0,0
"POINT (7.140436444000045 51.473984113000029)",Unfall 201869 (2020) Kat:3, Licht: 0,201869,3,4,6,01,12,6,0,0,0,1,1,0,0,0
"POINT (7.266587476000041 51.514814136000041)",Unfall 201917 (2020) Kat:3, Licht: 0,201917,3,7,6,01,13,7,0,0,1,1,1,0,0,0
"POINT (7.140125955000030 51.475303261000079)",Unfall 202070 (2020) Kat:3, Licht: 0,202070,3,2,5,01,09,4,0,0,0,1,0,0,0,0
"POINT (7.274270716000046 51.465289258000041)",Unfall 202084 (2020) Kat:1, Licht: 2,202084,1,7,6,01,17,3,0,2,0,1,1,0,0,0
"POINT (7.156758039000067 51.424408821000043)",Unfall 202090 (2020) Kat:3, Licht: 2,202090,3,4,6,01,17,3,0,2,0,1,1,0,0,0
"POINT (7.190293541000074 51.455308754000043)",Unfall 202114 (2020) Kat:3, Licht: 0,202114,3,5,1,01,07,5,0,0,1,1,0,0,0,0
"POINT (7.129965044000073 51.481211494000036)",Unfall 202186 (2020) Kat:3, Licht: 2,202186,3,7,0,01,18,4,0,2,1,0,0,0,0,1
"POINT (7.214225308000039 51.486930841000060)",Unfall 202421 (2020) Kat:2, Licht: 2,202421,2,4,6,02,00,3,1,2,0,1,1,0,0,0
"POINT (7.234016917000076 51.488711739000053)",Unfall 202471 (2020) Kat:2, Licht: 2,202471,2,6,6,02,18,7,1,2,0,1,1,0,0,0
"POINT (7.220227259000069 51.480114824000054)",Unfall 202530 (2020) Kat:3, Licht: 0,202530,3,7,6,02,11,2,0,0,0,0,1,0,0,1
"POINT (7.278758515000050 51.508332092000046)",Unfall 202799 (2020) Kat:3, Licht: 0,202799,3,6,6,02,15,6,0,0,0,1,1,0,0,0
"POINT (7.138761058000057 51.479667351000046)",Unfall 202825 (2020) Kat:2, Licht: 0,202825,2,4,6,02,15,4,0,0,0,1,1,0,0,0
"POINT (7.201761472000044 51.492258091000053)",Unfall 202889 (2020) Kat:3, Licht: 1,202889,3,6,0,02,17,3,1,1,1,1,0,0,0,0
"POINT (7.245750525000062 51.474819550000063)",Unfall 203041 (2020) Kat:3, Licht: 1,203041,3,3,5,02,17,2,1,1,0,1,0,0,0,0
"POINT (7.145163365000030 51.495627607000074)",Unfall 203123 (2020) Kat:3, Licht: 0,203123,3,4,6,02,11,6,1,0,0,1,1,0,0,0
"POINT (7.138325273000021 51.478358314000047)",Unfall 203150 (2020) Kat:3, Licht: 0,203150,3,2,5,02,12,2,0,0,0,1,0,0,0,0
"POINT (7.318595594000044 51.458468104000076)",Unfall 203152 (2020) Kat:3, Licht: 0,203152,3,6,2,02,16,2,0,0,0,1,0,0,1,0
"POINT (7.206130023000071 51.440946158000031)",Unfall 203173 (2020) Kat:2, Licht: 0,203173,2,7,6,02,10,5,1,0,0,0,1,0,0,1
"POINT (7.170271893000063 51.431855800000051)",Unfall 203203 (2020) Kat:3, Licht: 2,203203,3,7,2,02,06,4,1,2,0,1,0,0,0,0
"POINT (7.216478015000064 51.504008655000064)",Unfall 203388 (2020) Kat:3, Licht: 0,203388,3,3,5,02,10,7,0,0,1,0,0,0,0,1
"POINT (7.254717250000056 51.444283277000068)",Unfall 203487 (2020) Kat:3, Licht: 0,203487,3,3,0,02,11,3,1,0,1,1,0,0,0,0
"POINT (7.205417262000026 51.500544682000054)",Unfall 203492 (2020) Kat:3, Licht: 0,203492,3,3,5,02,09,2,0,0,1,1,0,0,0,0
"POINT (7.174189576000060 51.499685584000076)",Unfall 203646 (2020) Kat:2, Licht: 2,203646,2,4,6,02,19,3,1,2,1,0,1,0,0,0
"POINT (7.135734032000073 51.480747626000039)",Unfall 203656 (2020) Kat:2, Licht: 0,203656,2,6,0,03,11,2,0,0,0,0,1,0,0,1
"POINT (7.212939842000026 51.462840622000044)",Unfall 203854 (2020) Kat:3, Licht: 0,203854,3,3,4,02,14,5,1,0,0,1,0,0,0,1
"POINT (7.111105089000034 51.480076846000031)",Unfall 204043 (2020) Kat:3, Licht: 0,204043,3,4,6,03,14,4,0,0,0,1,1,0,0,0
"POINT (7.140271685000073 51.496275197000045)",Unfall 204056 (2020) Kat:3, Licht: 0,204056,3,4,6,03,12,4,0,0,0,1,1,0,0,0
"POINT (7.138538944000061 51.479316249000078)",Unfall 204067 (2020) Kat:3, Licht: 0,204067,3,2,5,03,10,4,0,0,0,1,0,0,0,1
"POINT (7.220107467000048 51.491797006000070)",Unfall 204139 (2020) Kat:3, Licht: 0,204139,3,3,5,03,13,3,0,0,0,1,0,0,0,0
"POINT (7.323007938000046 51.463127843000052)",Unfall 204239 (2020) Kat:3, Licht: 1,204239,3,3,0,03,06,5,1,1,0,1,0,0,0,1
"POINT (7.216273041000022 51.481912511000075)",Unfall 204240 (2020) Kat:3, Licht: 0,204240,3,7,5,03,16,5,0,0,0,1,0,0,0,1
"POINT (7.234454613000025 51.483576179000067)",Unfall 204344 (2020) Kat:3, Licht: 0,204344,3,4,6,03,15,4,1,0,0,1,1,0,0,0
"POINT (7.236190535000048 51.462976524000055)",Unfall 204416 (2020) Kat:3, Licht: 0,204416,3,5,1,03,09,3,1,0,0,1,0,0,0,0
"POINT (7.172778222000034 51.445319866000034)",Unfall 204419 (2020) Kat:3, Licht: 0,204419,3,3,5,03,07,3,1,0,0,1,0,1,0,0
"POINT (7.222325709000074 51.473720128000082)",Unfall 204492 (2020) Kat:3, Licht: 0,204492,3,2,3,03,15,2,0,0,1,0,0,0,0,1
"POINT (7.130651962000059 51.480020732000071)",Unfall 204531 (2020) Kat:2, Licht: 0,204531,2,7,8,03,10,2,0,0,0,0,0,1,0,0
"POINT (7.140285608000056 51.475085641000078)",Unfall 204636 (2020) Kat:3, Licht: 0,204636,3,6,2,03,14,3,0,0,0,1,0,0,1,0
"POINT (7.322008167000035 51.472079760000042)",Unfall 204709 (2020) Kat:3, Licht: 0,204709,3,3,5,03,15,2,0,0,0,1,0,1,0,0
"POINT (7.164033044000064 51.425523004000070)",Unfall 204831 (2020) Kat:3, Licht: 0,204831,3,7,0,03,11,6,0,0,0,1,0,0,0,0
"POINT (7.182318869000028 51.495424376000074)",Unfall 204963 (2020) Kat:3, Licht: 0,204963,3,7,0,04,18,3,0,0,1,0,1,0,0,0
"POINT (7.254968742000074 51.502756082000076)",Unfall 205265 (2020) Kat:3, Licht: 0,205265,3,1,0,04,13,1,0,0,0,0,0,1,0,0
"POINT (7.219659051000065 51.473434150000060)",Unfall 205320 (2020) Kat:3, Licht: 0,205320,3,2,5,04,15,5,0,0,1,1,0,0,0,0
"POINT (7.227750245000038 51.463334364000048)",Unfall 205492 (2020) Kat:3, Licht: 0,205492,3,1,0,04,12,1,0,0,1,0,0,0,0,0
"POINT (7.288911357000075 51.475831490000076)",Unfall 205531 (2020) Kat:3, Licht: 2,205531,3,1,9,04,21,7,1,2,0,1,0,0,0,0
"POINT (7.242927871000063 51.476611959000081)",Unfall 205961 (2020) Kat:3, Licht: 0,205961,3,3,5,04,06,2,0,0,1,1,0,0,0,0
"POINT (7.338582274000032 51.478968300000076)",Unfall 206046 (2020) Kat:3, Licht: 2,206046,3,1,0,04,01,1,0,2,1,0,0,0,0,0
"POINT (7.165974556000037 51.438162626000064)",Unfall 206151 (2020) Kat:3, Licht: 0,206151,3,3,5,04,11,1,0,0,1,1,0,0,0,0
"POINT (7.288810250000040 51.475763748000077)",Unfall 206169 (2020) Kat:3, Licht: 0,206169,3,2,5,04,18,2,0,0,0,1,0,1,0,0
"POINT (7.138016677000053 51.433354381000072)",Unfall 206357 (2020) Kat:3, Licht: 0,206357,3,1,0,05,13,1,0,0,1,0,0,0,0,0
"POINT (7.265799496000057 51.520780213000080)",Unfall 206359 (2020) Kat:2, Licht: 0,206359,2,1,0,05,15,1,0,0,1,0,0,0,0,0
"POINT (7.254711833000044 51.444288358000051)",Unfall 206367 (2020) Kat:3, Licht: 0,206367,3,3,5,05,16,3,0,0,1,1,0,0,0,0
"POINT (7.274099000000035 51.518086109000080)",Unfall 206387 (2020) Kat:3, Licht: 0,206387,3,7,2,05,14,3,0,0,0,1,0,0,0,0
"POINT (7.159999763000030 51.493861716000026)",Unfall 206417 (2020) Kat:3, Licht: 2,206417,3,6,9,05,00,7,1,2,0,0,0,0,0,1
"POINT (7.206970464000051 51.496683558000029)",Unfall 206419 (2020) Kat:3, Licht: 0,206419,3,6,2,05,17,7,1,0,0,1,0,0,0,0
"POINT (7.301313496000034 51.472072786000069)",Unfall 206447 (2020) Kat:3, Licht: 0,206447,3,1,0,05,10,6,0,0,1,0,0,0,0,0
"POINT (7.144286862000058 51.457003737000036)",Unfall 206478 (2020) Kat:3, Licht: 0,206478,3,1,0,04,18,4,0,0,1,0,0,0,0,0
"POINT (7.221479691000070 51.480418359000055)",Unfall 206623 (2020) Kat:3, Licht: 0,206623,3,7,5,05,19,4,0,0,0,1,0,0,0,1
"POINT (7.313918943000033 51.486003494000045)",Unfall 206663 (2020) Kat:3, Licht: 1,206663,3,1,0,05,19,6,0,1,1,0,0,0,0,0
"POINT (7.256652738000071 51.448707603000059)",Unfall 206813 (2020) Kat:3, Licht: 0,206813,3,2,5,05,08,4,0,0,1,1,0,0,0,0
"POINT (7.306138442000076 51.473686996000026)",Unfall 206929 (2020) Kat:3, Licht: 0,206929,3,5,7,05,10,5,0,0,1,1,0,0,0,0
"POINT (7.112738875000048 51.482482233000042)",Unfall 206936 (2020) Kat:3, Licht: 0,206936,3,3,5,05,17,5,0,0,1,1,0,0,0,0
"POINT (7.215601548000052 51.483630215000062)",Unfall 206957 (2020) Kat:3, Licht: 0,206957,3,5,1,05,14,2,0,0,1,1,0,0,0,0
"POINT (7.211138990000052 51.466382119000059)",Unfall 206971 (2020) Kat:3, Licht: 0,206971,3,3,5,05,14,6,0,0,0,1,0,0,0,1
"POINT (7.152739704000055 51.495198062000043)",Unfall 207022 (2020) Kat:3, Licht: 0,207022,3,1,8,05,06,6,0,0,0,1,0,0,0,0
"POINT (7.235724638000022 51.455394539000054)",Unfall 207050 (2020) Kat:3, Licht: 0,207050,3,2,2,05,17,3,0,0,0,1,0,0,0,0
"POINT (7.215635313000064 51.483750158000078)",Unfall 207055 (2020) Kat:3, Licht: 0,207055,3,1,0,05,18,7,0,0,1,0,0,0,0,0
"POINT (7.205645577000041 51.428580174000047)",Unfall 207141 (2020) Kat:2, Licht: 0,207141,2,1,0,05,13,1,0,0,1,0,0,0,0,0
"POINT (7.204157932000044 51.447295371000052)",Unfall 207221 (2020) Kat:3, Licht: 0,207221,3,5,1,05,16,2,0,0,1,1,0,0,0,0
"POINT (7.257323158000077 51.457023191000076)",Unfall 207416 (2020) Kat:2, Licht: 0,207416,2,1,0,05,14,6,0,0,1,0,0,0,0,0
"POINT (7.218831936000072 51.438128769000059)",Unfall 207461 (2020) Kat:2, Licht: 0,207461,2,5,1,05,14,4,0,0,1,1,0,0,0,0
"POINT (7.213420895000070 51.486075564000032)",Unfall 207509 (2020) Kat:2, Licht: 0,207509,2,4,0,05,18,2,0,0,1,0,1,0,0,0
"POINT (7.236178539000036 51.482351047000066)",Unfall 207722 (2020) Kat:3, Licht: 0,207722,3,2,5,05,12,5,0,0,1,1,0,0,0,0
"POINT (7.226955442000076 51.417961828000045)",Unfall 207822 (2020) Kat:3, Licht: 0,207822,3,5,0,05,17,1,0,0,1,1,0,0,0,0
"POINT (7.286237604000064 51.473008169000082)",Unfall 207823 (2020) Kat:3, Licht: 0,207823,3,6,6,05,14,1,0,0,1,0,1,0,0,0
"POINT (7.167371951000064 51.424418901000081)",Unfall 207827 (2020) Kat:1, Licht: 2,207827,1,1,0,05,00,1,0,2,0,0,0,1,0,0
"POINT (7.150557824000032 51.489011295000068)",Unfall 208222 (2020) Kat:3, Licht: 0,208222,3,3,5,06,12,5,1,0,0,1,0,0,0,0
"POINT (7.340828073000068 51.457982715000071)",Unfall 208260 (2020) Kat:3, Licht: 0,208260,3,6,2,06,17,4,0,0,0,1,0,0,0,0
"POINT (7.212970418000055 51.485538845000065)",Unfall 208335 (2020) Kat:3, Licht: 0,208335,3,3,5,06,17,3,0,0,1,1,0,0,0,0
"POINT (7.306489783000075 51.468200453000065)",Unfall 208341 (2020) Kat:3, Licht: 0,208341,3,7,1,06,08,4,0,0,0,1,1,0,0,0
"POINT (7.152923791000035 51.427766670000040)",Unfall 208376 (2020) Kat:2, Licht: 0,208376,2,1,0,06,09,1,0,0,0,0,0,0,0,1
"POINT (7.145836325000062 51.491685644000029)",Unfall 208377 (2020) Kat:3, Licht: 0,208377,3,5,1,06,16,1,0,0,1,1,0,0,0,0
"POINT (7.135094365000043 51.479252351000071)",Unfall 208576 (2020) Kat:3, Licht: 0,208576,3,4,6,06,11,6,0,0,0,1,1,0,0,0
"POINT (7.307044380000036 51.493011390000049)",Unfall 208624 (2020) Kat:3, Licht: 0,208624,3,5,1,06,12,1,0,0,1,1,0,0,0,0
"POINT (7.209714798000050 51.479637267000044)",Unfall 208924 (2020) Kat:3, Licht: 0,208924,3,5,1,06,14,5,0,0,1,1,0,0,0,0
"POINT (7.306246820000069 51.494392274000063)",Unfall 209088 (2020) Kat:3, Licht: 0,209088,3,3,5,06,13,5,0,0,1,1,0,0,0,0
"POINT (7.214624171000025 51.473550789000058)",Unfall 209128 (2020) Kat:3, Licht: 2,209128,3,1,0,06,00,6,0,2,1,0,0,0,0,0
"POINT (7.211722431000055 51.485985438000057)",Unfall 209132 (2020) Kat:3, Licht: 0,209132,3,5,1,06,15,2,0,0,0,1,0,0,0,0
"POINT (7.203924739000058 51.508304078000037)",Unfall 209243 (2020) Kat:3, Licht: 0,209243,3,3,5,06,12,2,0,0,0,1,0,0,0,0
"POINT (7.211025513000038 51.452809044000048)",Unfall 209348 (2020) Kat:3, Licht: 0,209348,3,3,5,06,13,2,0,0,1,1,0,0,0,0
"POINT (7.337201659000073 51.457804308000050)",Unfall 209774 (2020) Kat:2, Licht: 2,209774,2,7,8,06,02,2,0,2,0,1,0,0,1,0
"POINT (7.182679625000048 51.486099690000060)",Unfall 209802 (2020) Kat:2, Licht: 0,209802,2,2,5,06,10,6,0,0,0,1,0,1,0,0
"POINT (7.205208051000057 51.498915504000081)",Unfall 209810 (2020) Kat:3, Licht: 0,209810,3,6,2,06,14,6,0,0,0,1,0,0,0,0
"POINT (7.287292880000052 51.476285614000062)",Unfall 209980 (2020) Kat:3, Licht: 0,209980,3,1,0,06,14,3,1,0,0,0,0,1,0,0
"POINT (7.251555717000031 51.446941831000061)",Unfall 210204 (2020) Kat:2, Licht: 0,210204,2,1,0,07,08,2,0,0,1,0,0,0,0,0
"POINT (7.168201240000030 51.437985339000079)",Unfall 210220 (2020) Kat:2, Licht: 0,210220,2,2,6,07,11,2,0,0,0,1,1,0,0,0
"POINT (7.160283159000073 51.492619780000041)",Unfall 210278 (2020) Kat:3, Licht: 0,210278,3,7,8,07,11,7,0,0,0,1,0,0,0,0
"POINT (7.266190994000056 51.494785036000053)",Unfall 210311 (2020) Kat:3, Licht: 0,210311,3,5,1,07,14,3,0,0,0,1,0,0,0,1
"POINT (7.189147412000068 51.479836791000082)",Unfall 210351 (2020) Kat:3, Licht: 2,210351,3,1,0,07,03,1,1,2,0,0,0,1,0,0
"POINT (7.206209405000038 51.489708424000071)",Unfall 210364 (2020) Kat:3, Licht: 0,210364,3,7,0,07,10,4,1,0,0,0,1,0,0,1
"POINT (7.265335746000062 51.477877255000067)",Unfall 210390 (2020) Kat:3, Licht: 0,210390,3,1,0,07,18,7,0,0,1,0,0,0,0,0
"POINT (7.138130299000068 51.480314540000052)",Unfall 210395 (2020) Kat:3, Licht: 0,210395,3,4,6,07,12,6,0,0,1,0,1,0,0,0
"POINT (7.211208086000056 51.466309110000054)",Unfall 210429 (2020) Kat:2, Licht: 0,210429,2,1,0,07,16,7,0,0,1,0,0,0,0,0
"POINT (7.270317054000032 51.519226622000076)",Unfall 210495 (2020) Kat:3, Licht: 0,210495,3,5,1,07,19,7,0,0,0,1,0,1,0,0
"POINT (7.306127156000059 51.487063153000065)",Unfall 210550 (2020) Kat:3, Licht: 2,210550,3,1,0,07,00,7,0,2,1,0,0,0,0,0
"POINT (7.250736114000063 51.453936328000054)",Unfall 210602 (2020) Kat:3, Licht: 0,210602,3,7,7,07,18,7,0,0,1,0,1,0,0,0
"POINT (7.215587816000038 51.483567865000055)",Unfall 210640 (2020) Kat:3, Licht: 2,210640,3,1,0,07,21,7,0,2,1,0,0,0,0,0
"POINT (7.271737837000046 51.454952006000042)",Unfall 210744 (2020) Kat:3, Licht: 0,210744,3,1,9,07,12,7,0,0,1,0,0,0,0,0
"POINT (7.284416887000020 51.492762675000051)",Unfall 210775 (2020) Kat:3, Licht: 0,210775,3,7,5,07,12,5,1,0,0,1,0,1,0,0
"POINT (7.218076269000051 51.484087418000058)",Unfall 210843 (2020) Kat:3, Licht: 0,210843,3,5,1,07,14,6,0,0,1,1,0,0,0,0
"POINT (7.159466093000049 51.502478576000044)",Unfall 210871 (2020) Kat:3, Licht: 0,210871,3,6,4,07,16,4,0,0,0,1,0,1,0,0
"POINT (7.137368056000071 51.481786622000072)",Unfall 210878 (2020) Kat:3, Licht: 2,210878,3,1,0,07,01,4,1,2,1,0,0,0,0,0
"POINT (7.150965867000025 51.500336894000043)",Unfall 210901 (2020) Kat:3, Licht: 0,210901,3,6,2,07,13,1,0,0,0,1,0,1,0,0
"POINT (7.213541018000058 51.486007618000031)",Unfall 210904 (2020) Kat:3, Licht: 0,210904,3,1,0,07,16,1,0,0,1,1,0,0,0,0
"POINT (7.215317745000050 51.464402761000031)",Unfall 210916 (2020) Kat:2, Licht: 0,210916,2,5,1,07,15,3,0,0,1,1,0,0,0,0
"POINT (7.147406218000072 51.479994270000077)",Unfall 210987 (2020) Kat:2, Licht: 0,210987,2,1,0,07,09,4,0,0,1,0,0,0,0,0
"POINT (7.145688450000023 51.427390506000052)",Unfall 211186 (2020) Kat:3, Licht: 0,211186,3,1,0,07,15,1,0,0,0,0,0,0,0,1
"POINT (7.226982868000050 51.474088585000061)",Unfall 211361 (2020) Kat:3, Licht: 2,211361,3,5,1,07,23,6,1,2,1,1,0,0,0,0
"POINT (7.209844718000056 51.482035390000078)",Unfall 211362 (2020) Kat:3, Licht: 0,211362,3,7,6,07,16,6,0,0,0,1,1,0,0,0
"POINT (7.194330197000056 51.443920597000044)",Unfall 211535 (2020) Kat:3, Licht: 0,211535,3,3,5,07,11,5,0,0,1,1,0,0,0,0
"POINT (7.285458568000024 51.440939411000045)",Unfall 211571 (2020) Kat:3, Licht: 0,211571,3,1,0,07,17,6,0,0,1,0,0,0,0,0
"POINT (7.215297994000025 51.469818839000027)",Unfall 211586 (2020) Kat:2, Licht: 0,211586,2,3,5,07,17,5,0,0,0,1,0,0,0,0
"POINT (7.184666584000070 51.493675370000062)",Unfall 211681 (2020) Kat:3, Licht: 0,211681,3,3,5,08,13,3,0,0,0,1,0,1,0,0
"POINT (7.219950424000047 51.481456619000028)",Unfall 211794 (2020) Kat:3, Licht: 0,211794,3,4,6,08,11,2,0,0,1,0,1,0,0,0
"POINT (7.140788845000031 51.441001336000056)",Unfall 211874 (2020) Kat:3, Licht: 0,211874,3,5,5,08,07,3,0,0,0,1,0,1,0,0
"POINT (7.314016544000026 51.491826084000081)",Unfall 211921 (2020) Kat:3, Licht: 0,211921,3,5,1,08,17,3,0,0,1,1,0,0,0,0
"POINT (7.270889293000039 51.459190910000075)",Unfall 211941 (2020) Kat:2, Licht: 0,211941,2,2,5,08,15,5,0,0,1,1,0,0,0,0
"POINT (7.253269254000031 51.449011904000031)",Unfall 212077 (2020) Kat:2, Licht: 0,212077,2,3,5,08,08,6,0,0,1,1,0,0,0,0
"POINT (7.221787282000037 51.479506799000035)",Unfall 212093 (2020) Kat:3, Licht: 0,212093,3,3,5,08,13,5,0,0,1,1,0,0,0,0
"POINT (7.338546462000068 51.477071352000053)",Unfall 212126 (2020) Kat:3, Licht: 0,212126,3,7,6,08,09,6,0,0,0,1,1,0,0,0
"POINT (7.311622996000040 51.469572240000048)",Unfall 212296 (2020) Kat:3, Licht: 0,212296,3,3,5,08,16,3,1,0,1,1,0,0,0,0
"POINT (7.215672219000055 51.483866126000066)",Unfall 212340 (2020) Kat:3, Licht: 0,212340,3,2,0,08,06,4,0,0,1,1,0,0,0,0
"POINT (7.329408358000023 51.460221123000053)",Unfall 212406 (2020) Kat:3, Licht: 2,212406,3,1,1,08,00,7,0,2,1,1,0,0,0,0
"POINT (7.150025705000076 51.429101560000049)",Unfall 212714 (2020) Kat:3, Licht: 0,212714,3,6,6,08,09,4,0,0,1,0,1,0,0,0
"POINT (7.214549291000026 51.476189107000039)",Unfall 212715 (2020) Kat:3, Licht: 0,212715,3,5,1,08,10,4,0,0,0,1,0,0,0,0
"POINT (7.161471323000058 51.441568382000071)",Unfall 212818 (2020) Kat:3, Licht: 0,212818,3,3,5,08,17,3,1,0,1,1,0,0,0,0
"POINT (7.277559595000071 51.473816950000071)",Unfall 212895 (2020) Kat:3, Licht: 0,212895,3,1,0,08,13,1,0,0,1,0,0,0,0,0
"POINT (7.134249378000050 51.483743914000058)",Unfall 212942 (2020) Kat:3, Licht: 0,212942,3,7,6,08,07,2,0,0,0,1,1,0,0,0
"POINT (7.284142488000043 51.493732817000080)",Unfall 212995 (2020) Kat:3, Licht: 0,212995,3,6,3,08,14,7,0,0,0,1,0,0,0,0
"POINT (7.149752376000038 51.480404739000051)",Unfall 213007 (2020) Kat:3, Licht: 0,213007,3,1,0,08,15,5,0,0,0,0,0,0,0,1
"POINT (7.172460176000072 51.432940400000064)",Unfall 213096 (2020) Kat:3, Licht: 0,213096,3,3,5,08,17,5,0,0,1,1,0,0,0,0
"POINT (7.234464930000058 51.483602246000032)",Unfall 213253 (2020) Kat:3, Licht: 0,213253,3,2,2,08,11,2,0,0,1,1,0,0,0,0
"POINT (7.204963774000021 51.477102587000047)",Unfall 213261 (2020) Kat:3, Licht: 0,213261,3,6,2,08,13,5,0,0,1,1,0,0,0,0
"POINT (7.324386847000028 51.487148294000065)",Unfall 213297 (2020) Kat:3, Licht: 0,213297,3,5,6,08,15,3,0,0,0,1,1,0,0,0
"POINT (7.279397006000067 51.438407053000049)",Unfall 213298 (2020) Kat:2, Licht: 1,213298,2,6,4,08,19,5,0,1,1,0,0,0,0,0
"POINT (7.137642667000023 51.481744155000058)",Unfall 213367 (2020) Kat:3, Licht: 0,213367,3,2,8,08,08,5,0,0,0,1,1,0,0,0
"POINT (7.304946725000036 51.473498991000042)",Unfall 213455 (2020) Kat:3, Licht: 0,213455,3,2,6,08,07,5,0,0,0,1,1,0,0,0
"POINT (7.137816681000061 51.473665867000079)",Unfall 213483 (2020) Kat:2, Licht: 0,213483,2,3,4,08,06,2,0,0,0,1,0,0,0,0
"POINT (7.251629863000062 51.496557383000038)",Unfall 213583 (2020) Kat:3, Licht: 0,213583,3,7,0,08,13,6,0,0,0,1,0,0,0,0
"POINT (7.176516438000022 51.458097442000053)",Unfall 213591 (2020) Kat:3, Licht: 0,213591,3,2,2,08,16,2,0,0,0,1,0,0,0,0
"POINT (7.186599921000038 51.433535651000057)",Unfall 213739 (2020) Kat:3, Licht: 2,213739,3,3,0,09,21,3,0,2,1,1,0,0,0,0
"POINT (7.203673953000020 51.505125980000059)",Unfall 213742 (2020) Kat:3, Licht: 0,213742,3,3,4,09,19,3,0,0,0,1,0,1,0,0
"POINT (7.214144991000069 51.485535796000079)",Unfall 213895 (2020) Kat:2, Licht: 0,213895,2,4,6,09,15,5,1,0,0,1,1,0,0,0
"POINT (7.163058320000062 51.432977271000027)",Unfall 213984 (2020) Kat:3, Licht: 0,213984,3,3,5,09,14,5,1,0,0,1,0,0,0,0
"POINT (7.306682177000027 51.485970675000033)",Unfall 213987 (2020) Kat:3, Licht: 0,213987,3,3,0,09,15,2,0,0,0,1,0,0,0,1
"POINT (7.136490613000035 51.482321072000047)",Unfall 213992 (2020) Kat:2, Licht: 0,213992,2,7,5,09,13,2,0,0,0,1,0,0,0,1
"POINT (7.208284052000067 51.494580506000034)",Unfall 213994 (2020) Kat:3, Licht: 0,213994,3,1,0,09,12,2,0,0,1,0,0,0,0,0
"POINT (7.167417879000027 51.485061472000041)",Unfall 214050 (2020) Kat:3, Licht: 0,214050,3,7,1,09,15,7,0,0,0,1,0,1,0,0
"POINT (7.307712240000058 51.474063074000071)",Unfall 214179 (2020) Kat:3, Licht: 0,214179,3,3,5,09,14,6,1,0,1,1,0,0,0,0
"POINT (7.135456359000045 51.480802910000079)",Unfall 214181 (2020) Kat:3, Licht: 2,214181,3,6,6,09,06,6,1,2,0,1,1,0,0,0
"POINT (7.296774520000042 51.469775580000032)",Unfall 214362 (2020) Kat:3, Licht: 0,214362,3,1,8,09,08,5,1,0,0,1,0,0,0,0
"POINT (7.302576684000030 51.485919552000041)",Unfall 214696 (2020) Kat:2, Licht: 0,214696,2,1,0,09,19,7,0,0,1,0,0,0,0,0