WKT,Name,OBJECTID,UKATEGORIE,UTYP1,UART,UMONAT,USTUNDE,UWOCHENTAG,STRZUSTAND,ULICHTVERH,ISTRAD,ISTPKW,ISTFUSS,ISTKRAD,ISTGKFZ,ISTSONSTIG
"POINT (7.208108084000060 51.465496041000051)",Unfall 214714 (2020) Kat:3, Licht: 0,214714,3,2,5,09,09,6,0,0,1,1,0,0,0,0
"POINT (7.257254205000038 51.440220683000064)",Unfall 214720 (2020) Kat:2, Licht: 0,214720,2,7,0,09,19,6,0,0,1,0,0,0,0,0
"POINT (7.277827069000068 51.446507389000033)",Unfall 214747 (2020) Kat:3, Licht: 0,214747,3,1,8,09,13,5,0,0,1,0,0,0,0,0
"POINT (7.139801022000029 51.475279154000077)",Unfall 214795 (2020) Kat:2, Licht: 0,214795,2,2,5,09,08,4,0,0,1,0,0,0,1,0
"POINT (7.153551105000076 51.423660915000028)",Unfall 214862 (2020) Kat:3, Licht: 0,214862,3,2,2,09,16,3,0,0,0,1,0,1,0,0
"POINT (7.229259935000073 51.468996615000037)",Unfall 214900 (2020) Kat:3, Licht: 0,214900,3,1,0,09,13,4,0,0,1,0,0,0,0,0
"POINT (7.284982412000034 51.512616435000041)",Unfall 214901 (2020) Kat:3, Licht: 0,214901,3,6,2,09,14,5,0,0,0,1,0,0,0,0
"POINT (7.153851620000069 51.471264174000055)",Unfall 215337 (2020) Kat:3, Licht: 0,215337,3,3,5,09,18,4,0,0,1,1,0,0,0,0
"POINT (7.139268046000041 51.488645730000030)",Unfall 215409 (2020) Kat:3, Licht: 0,215409,3,1,0,09,12,3,0,0,0,0,0,0,0,1
"POINT (7.170957095000063 51.429170470000031)",Unfall 215513 (2020) Kat:3, Licht: 0,215513,3,5,1,09,13,3,0,0,1,1,0,0,0,0
"POINT (7.134841397000059 51.482566272000042)",Unfall 215700 (2020) Kat:3, Licht: 0,215700,3,6,6,09,17,2,1,0,0,1,1,0,0,0
"POINT (7.139776698000048 51.480129519000059)",Unfall 215753 (2020) Kat:3, Licht: 0,215753,3,7,6,09,12,6,0,0,0,1,1,0,0,0
"POINT (7.276421716000073 51.495183291000046)",Unfall 215853 (2020) Kat:3, Licht: 0,215853,3,6,2,09,18,4,0,0,0,1,0,0,0,0
"POINT (7.137015995000070 51.482024509000041)",Unfall 215892 (2020) Kat:3, Licht: 0,215892,3,6,2,09,13,3,1,0,0,1,0,0,0,1
"POINT (7.245956856000021 51.494388591000074)",Unfall 215895 (2020) Kat:3, Licht: 0,215895,3,3,5,09,06,3,0,0,1,1,0,0,0,0
"POINT (7.152869326000030 51.442835057000082)",Unfall 215946 (2020) Kat:3, Licht: 0,215946,3,7,0,10,18,5,1,0,0,1,0,0,0,0
"POINT (7.185359620000043 51.450243608000051)",Unfall 215958 (2020) Kat:3, Licht: 0,215958,3,2,0,09,17,4,0,0,1,1,0,0,0,0
"POINT (7.289779543000066 51.473888878000082)",Unfall 216187 (2020) Kat:3, Licht: 0,216187,3,3,5,10,15,6,0,0,1,1,0,0,0,0
"POINT (7.214843891000044 51.471029387000044)",Unfall 216189 (2020) Kat:3, Licht: 1,216189,3,3,5,10,07,6,0,1,1,1,0,0,0,0
"POINT (7.269301947000031 51.456707455000071)",Unfall 216241 (2020) Kat:3, Licht: 2,216241,3,6,0,10,00,1,0,2,0,1,1,0,0,0
"POINT (7.287100412000029 51.482453359000033)",Unfall 216295 (2020) Kat:3, Licht: 0,216295,3,3,5,10,17,3,1,0,0,1,0,1,0,0
"POINT (7.222174948000031 51.473703319000037)",Unfall 216300 (2020) Kat:3, Licht: 0,216300,3,3,5,10,17,2,0,0,1,1,0,0,0,0
"POINT (7.144840689000034 51.494024215000081)",Unfall 216406 (2020) Kat:3, Licht: 0,216406,3,7,6,10,10,5,0,0,0,1,1,0,0,0
"POINT (7.149057091000032 51.472257318000061)",Unfall 216409 (2020) Kat:3, Licht: 2,216409,3,5,1,10,19,5,1,2,0,1,0,0,0,0
"POINT (7.286132709000071 51.476706667000030)",Unfall 216454 (2020) Kat:3, Licht: 0,216454,3,5,1,10,13,6,0,0,1,1,0,0,1,0
"POINT (7.116373821000025 51.483621974000073)",Unfall 216466 (2020) Kat:3, Licht: 0,216466,3,7,4,10,12,6,0,0,0,1,0,0,0,0
"POINT (7.218276072000037 51.438252815000055)",Unfall 216585 (2020) Kat:2, Licht: 0,216585,2,7,5,10,15,3,0,0,0,1,0,1,0,0
"POINT (7.241452725000045 51.473253875000069)",Unfall 216614 (2020) Kat:3, Licht: 0,216614,3,1,0,10,13,1,0,0,1,0,0,0,0,0
"POINT (7.213583521000032 51.485983576000081)",Unfall 216618 (2020) Kat:3, Licht: 1,216618,3,6,2,10,18,5,1,1,0,1,0,0,0,0
"POINT (7.219351281000058 51.437925278000080)",Unfall 216622 (2020) Kat:3, Licht: 0,216622,3,7,1,10,11,4,0,0,0,1,0,0,0,1
"POINT (7.226564548000056 51.486883812000031)",Unfall 216637 (2020) Kat:3, Licht: 0,216637,3,3,5,10,10,3,0,0,1,1,0,0,0,0
"POINT (7.214113909000048 51.469168506000074)",Unfall 216718 (2020) Kat:3, Licht: 1,216718,3,5,0,10,07,2,1,1,1,1,0,0,0,0
"POINT (7.295165122000071 51.469020626000031)",Unfall 216727 (2020) Kat:3, Licht: 0,216727,3,3,5,10,15,4,0,0,0,1,0,0,0,0
"POINT (7.276044168000055 51.466825985000071)",Unfall 216736 (2020) Kat:2, Licht: 0,216736,2,3,5,10,11,2,0,0,0,1,0,0,0,0
"POINT (7.149034648000054 51.473435603000041)",Unfall 216742 (2020) Kat:3, Licht: 2,216742,3,2,4,10,06,3,1,2,1,1,0,0,0,0
"POINT (7.161165990000029 51.488797729000055)",Unfall 216760 (2020) Kat:3, Licht: 0,216760,3,6,2,10,10,2,1,0,0,1,0,1,0,0
"POINT (7.205452467000043 51.497874086000081)",Unfall 216776 (2020) Kat:3, Licht: 1,216776,3,3,5,10,07,4,1,1,1,1,0,0,0,0
"POINT (7.273870102000046 51.464064479000058)",Unfall 216778 (2020) Kat:3, Licht: 0,216778,3,3,5,10,14,3,0,0,0,1,0,1,0,0
"POINT (7.235353643000053 51.480230905000042)",Unfall 216882 (2020) Kat:3, Licht: 0,216882,3,3,5,10,11,3,0,0,1,1,0,0,0,0
"POINT (7.215573133000021 51.483480410000027)",Unfall 216923 (2020) Kat:2, Licht: 0,216923,2,1,0,10,14,7,0,0,1,0,0,0,0,0
"POINT (7.230202937000058 51.474167446000081)",Unfall 216924 (2020) Kat:3, Licht: 0,216924,3,7,0,10,11,1,0,0,1,0,0,0,0,0
"POINT (7.259103556000071 51.449259759000029)",Unfall 217036 (2020) Kat:3, Licht: 2,217036,3,5,1,10,19,3,1,2,1,0,0,1,0,0
"POINT (7.140432584000052 51.473983660000044)",Unfall 217041 (2020) Kat:3, Licht: 0,217041,3,4,6,10,17,4,0,0,0,1,1,0,0,0
"POINT (7.149938202000044 51.488970766000079)",Unfall 217122 (2020) Kat:3, Licht: 0,217122,3,5,1,10,13,6,1,0,1,1,0,0,0,0
"POINT (7.232836131000056 51.489725685000053)",Unfall 217391 (2020) Kat:3, Licht: 1,217391,3,3,5,10,07,6,0,1,1,1,0,0,0,0
"POINT (7.223836675000030 51.451865418000068)",Unfall 217533 (2020) Kat:3, Licht: 2,217533,3,3,5,10,20,4,1,2,0,1,0,0,0,0
"POINT (7.287696085000050 51.453161835000060)",Unfall 217594 (2020) Kat:3, Licht: 0,217594,3,6,4,10,13,3,1,0,1,1,0,0,0,0
"POINT (7.329745137000032 51.474669233000043)",Unfall 217597 (2020) Kat:3, Licht: 0,217597,3,7,6,10,12,3,0,0,0,0,1,1,0,0
"POINT (7.329751822000048 51.472347721000062)",Unfall 217606 (2020) Kat:3, Licht: 0,217606,3,5,0,11,15,1,1,0,1,1,0,0,0,0
"POINT (7.153072949000034 51.484855006000032)",Unfall 217636 (2020) Kat:2, Licht: 0,217636,2,2,6,11,14,4,0,0,0,1,1,0,0,0
"POINT (7.154764116000024 51.430863190000082)",Unfall 217647 (2020) Kat:3, Licht: 0,217647,3,6,6,11,11,3,1,0,1,0,1,0,0,0
"POINT (7.215570870000022 51.483289183000068)",Unfall 217699 (2020) Kat:3, Licht: 0,217699,3,4,6,11,15,3,0,0,0,1,1,0,0,0
"POINT (7.140658790000032 51.493611060000035)",Unfall 217707 (2020) Kat:3, Licht: 0,217707,3,3,5,11,09,2,1,0,0,1,0,0,0,0
"POINT (7.134661018000031 51.484841688000074)",Unfall 217742 (2020) Kat:3, Licht: 0,217742,3,2,6,11,08,4,0,0,0,1,1,0,0,0
"POINT (7.204380805000028 51.477625030000070)",Unfall 217792 (2020) Kat:3, Licht: 0,217792,3,6,6,11,13,4,0,0,1,0,1,0,0,0
"POINT (7.139572725000051 51.478861427000027)",Unfall 217806 (2020) Kat:3, Licht: 0,217806,3,5,1,11,12,3,0,0,0,1,0,0,0,0
"POINT (7.298890576000076 51.484900652000078)",Unfall 217829 (2020) Kat:3, Licht: 0,217829,3,5,1,11,16,4,0,0,0,1,0,0,0,0
"POINT (7.203380425000034 51.479963181000073)",Unfall 217840 (2020) Kat:3, Licht: 0,217840,3,1,0,10,09,7,1,0,1,0,0,0,0,0
"POINT (7.271613033000051 51.438961067000037)",Unfall 217883 (2020) Kat:3, Licht: 0,217883,3,1,0,11,09,2,1,0,1,0,0,0,0,0
"POINT (7.131301102000066 51.483261341000059)",Unfall 217887 (2020) Kat:3, Licht: 0,217887,3,7,5,11,11,2,1,0,0,1,0,0,0,1
"POINT (7.236148827000022 51.482388649000029)",Unfall 217889 (2020) Kat:3, Licht: 2,217889,3,3,5,11,06,2,1,2,1,1,0,0,0,0
"POINT (7.180732886000044 51.431425555000033)",Unfall 217994 (2020) Kat:3, Licht: 2,217994,3,7,0,11,17,6,0,2,1,0,0,0,0,0
"POINT (7.197454914000048 51.496798712000043)",Unfall 217996 (2020) Kat:3, Licht: 0,217996,3,3,5,11,15,6,0,0,0,1,0,0,0,0
"POINT (7.307507357000077 51.460961324000039)",Unfall 218160 (2020) Kat:3, Licht: 2,218160,3,7,4,11,06,6,0,2,0,1,0,0,1,0
"POINT (7.317694580000023 51.470668037000053)",Unfall 218190 (2020) Kat:3, Licht: 1,218190,3,5,0,11,16,3,0,1,0,1,0,0,0,0
"POINT (7.178682239000068 51.498413878000065)",Unfall 218195 (2020) Kat:3, Licht: 1,218195,3,1,0,11,16,5,1,1,1,0,0,0,0,0
"POINT (7.236173785000062 51.482336629000031)",Unfall 218211 (2020) Kat:3, Licht: 0,218211,3,1,5,11,09,5,1,0,0,1,0,1,0,0
"POINT (7.283596527000043 51.516206335000049)",Unfall 218266 (2020) Kat:3, Licht: 2,218266,3,3,5,11,21,6,1,2,1,1,0,0,0,0
"POINT (7.184447197000054 51.493780353000034)",Unfall 218305 (2020) Kat:3, Licht: 2,218305,3,1,0,11,03,5,0,2,0,0,0,1,0,0
"POINT (7.147241866000059 51.478343280000047)",Unfall 218307 (2020) Kat:3, Licht: 2,218307,3,5,1,11,17,4,0,2,0,1,0,0,0,0
"POINT (7.247246524000047 51.456548802000043)",Unfall 218369 (2020) Kat:3, Licht: 2,218369,3,4,0,11,17,6,0,2,1,0,1,0,0,0
"POINT (7.113589253000043 51.482565538000074)",Unfall 218485 (2020) Kat:3, Licht: 0,218485,3,2,6,11,14,4,0,0,0,1,1,0,0,0
"POINT (7.237312887000030 51.456806479000079)",Unfall 218570 (2020) Kat:3, Licht: 0,218570,3,3,5,11,14,7,0,0,0,1,0,0,0,0
"POINT (7.149979797000071 51.479156097000043)",Unfall 218573 (2020) Kat:3, Licht: 0,218573,3,1,0,11,15,7,0,0,0,0,0,0,0,1
"POINT (7.273254627000028 51.504097393000052)",Unfall 218580 (2020) Kat:3, Licht: 2,218580,3,1,0,11,19,7,0,2,1,0,0,0,0,0
"POINT (7.216498745000024 51.481929432000072)",Unfall 218688 (2020) Kat:3, Licht: 0,218688,3,7,2,11,11,2,0,0,1,1,0,0,0,0
"POINT (7.261115073000042 51.489612888000067)",Unfall 218777 (2020) Kat:3, Licht: 2,218777,3,5,0,11,18,2,0,2,0,1,0,0,0,1
"POINT (7.332716315000027 51.476022288000081)",Unfall 218918 (2020) Kat:2, Licht: 1,218918,2,4,6,11,07,2,0,1,0,1,1,0,0,0
"POINT (7.275966046000065 51.457691869000030)",Unfall 218993 (2020) Kat:3, Licht: 0,218993,3,3,5,11,12,7,0,0,0,1,0,1,0,0
"POINT (7.149688936000075 51.472186782000051)",Unfall 219042 (2020) Kat:3, Licht: 0,219042,3,5,1,11,11,5,0,0,1,1,0,0,0,0
"POINT (7.215876696000066 51.484513958000036)",Unfall 219169 (2020) Kat:3, Licht: 2,219169,3,6,2,12,17,7,0,2,0,1,0,0,0,1
"POINT (7.117955252000058 51.484165746000031)",Unfall 219245 (2020) Kat:3, Licht: 2,219245,3,3,5,12,16,5,1,2,1,1,0,0,0,0
"POINT (7.140317236000044 51.480047808000052)",Unfall 219273 (2020) Kat:3, Licht: 0,219273,3,7,0,12,14,7,0,0,0,1,0,0,0,0
"POINT (7.166603205000058 51.419604607000053)",Unfall 219352 (2020) Kat:3, Licht: 0,219352,3,1,0,12,08,4,1,0,0,0,0,1,0,0
"POINT (7.302060314000073 51.477988883000080)",Unfall 219378 (2020) Kat:3, Licht: 0,219378,3,3,5,12,13,7,0,0,1,1,0,0,0,0
"POINT (7.272555087000058 51.452974573000063)",Unfall 219461 (2020) Kat:3, Licht: 0,219461,3,3,5,12,08,2,1,0,1,1,0,0,0,0
"POINT (7.136699300000032 51.478812309000034)",Unfall 219466 (2020) Kat:2, Licht: 2,219466,2,4,6,12,07,2,1,2,0,1,1,0,0,0
"POINT (7.132742893000057 51.479847190000044)",Unfall 219481 (2020) Kat:3, Licht: 2,219481,3,6,2,12,19,5,1,2,0,1,0,0,0,0
"POINT (7.207789148000074 51.512324236000040)",Unfall 219547 (2020) Kat:3, Licht: 0,219547,3,1,0,12,15,5,1,0,1,0,0,0,0,0
"POINT (7.138409345000071 51.481009256000050)",Unfall 219649 (2020) Kat:3, Licht: 0,219649,3,4,6,12,14,5,0,0,0,1,1,0,0,0
"POINT (7.273783928000057 51.463887647000035)",Unfall 219720 (2020) Kat:2, Licht: 0,219720,2,5,1,12,11,3,1,0,0,0,0,0,0,1
"POINT (7.137918765000052 51.481407861000037)",Unfall 219723 (2020) Kat:3, Licht: 1,219723,3,6,2,12,16,3,1,1,0,1,0,0,0,0
"POINT (7.211401682000030 51.477238462000059)",Unfall 219813 (2020) Kat:3, Licht: 0,219813,3,3,5,12,15,2,0,0,0,1,0,0,0,0
"POINT (7.180261729000051 51.484469314000080)",Unfall 219839 (2020) Kat:3, Licht: 1,219839,3,1,8,12,15,6,1,1,0,1,0,0,0,0
"POINT (7.119245905000071 51.484521526000037)",Unfall 219842 (2020) Kat:3, Licht: 2,219842,3,5,1,12,23,6,1,2,0,1,0,0,0,0
"POINT (7.200210676000040 51.491085888000043)",Unfall 219886 (2020) Kat:3, Licht: 0,219886,3,5,1,12,12,7,1,0,0,1,0,0,0,0
"POINT (7.298409952000043 51.482096200000058)",Unfall 220029 (2020) Kat:3, Licht: 0,220029,3,4,6,12,16,6,0,0,0,1,1,0,0,0
"POINT (7.236127180000040 51.429640485000050)",Unfall 220277 (2020) Kat:3, Licht: 0,220277,3,3,4,12,14,6,0,0,1,1,0,0,0,0
"POINT (7.164652227000033 51.445343861000026)",Unfall 32922 (2021) Kat:3, Licht: 0,32922,3,1,0,5,15,5,0,0,1,0,0,0,0,0
"POINT (7.124720379000053 51.473851044000071)",Unfall 32940 (2021) Kat:3, Licht: 2,32940,3,6,2,12,3,1,1,2,0,1,0,0,0,0
"POINT (7.152359360000048 51.499719516000027)",Unfall 32946 (2021) Kat:3, Licht: 1,32946,3,3,0,4,8,2,0,1,0,1,0,1,0,0
"POINT (7.131826381000053 51.468985089000057)",Unfall 32959 (2021) Kat:2, Licht: 0,32959,2,3,5,9,13,2,0,0,0,1,0,0,0,0
"POINT (7.131667579000066 51.465877377000027)",Unfall 33101 (2021) Kat:3, Licht: 0,33101,3,1,0,4,17,4,0,0,0,0,0,1,0,0
"POINT (7.151826338000035 51.475337112000034)",Unfall 33127 (2021) Kat:3, Licht: 2,33127,3,6,2,11,17,6,0,2,0,1,0,0,1,0
"POINT (7.166257549000022 51.478976188000047)",Unfall 33184 (2021) Kat:3, Licht: 0,33184,3,1,9,10,12,1,1,0,0,1,0,0,0,0
"POINT (7.130086911000035 51.483464107000032)",Unfall 33197 (2021) Kat:2, Licht: 2,33197,2,2,6,3,20,6,1,2,0,0,1,0,0,1
"POINT (7.137929160000056 51.499952660000076)",Unfall 33374 (2021) Kat:3, Licht: 0,33374,3,6,2,5,13,4,0,0,0,1,0,0,0,1
"POINT (7.170235615000024 51.479709310000032)",Unfall 33387 (2021) Kat:3, Licht: 0,33387,3,6,2,6,15,4,0,0,0,1,0,0,0,1
"POINT (7.160235335000039 51.445620290000079)",Unfall 33453 (2021) Kat:3, Licht: 0,33453,3,6,2,2,13,7,1,0,0,1,0,0,0,0
"POINT (7.117937333000043 51.472383086000036)",Unfall 33484 (2021) Kat:2, Licht: 0,33484,2,6,2,2,12,2,0,0,0,1,0,0,0,0
"POINT (7.129909514000076 51.472742778000054)",Unfall 33493 (2021) Kat:3, Licht: 0,33493,3,6,2,11,14,3,0,0,0,1,0,0,0,0
"POINT (7.164666263000072 51.445341174000077)",Unfall 33558 (2021) Kat:3, Licht: 0,33558,3,2,5,5,13,1,0,0,0,1,0,1,0,0
"POINT (7.138283786000045 51.499049001000060)",Unfall 33567 (2021) Kat:3, Licht: 0,33567,3,4,6,6,20,1,1,0,0,1,1,0,0,0
"POINT (7.137475675000076 51.483893001000069)",Unfall 33605 (2021) Kat:3, Licht: 0,33605,3,3,0,3,11,2,0,0,0,1,0,0,0,1
"POINT (7.162457971000038 51.423553460000051)",Unfall 33650 (2021) Kat:2, Licht: 0,33650,2,1,0,7,9,6,0,0,1,0,0,0,0,0
"POINT (7.171229596000046 51.441497941000080)",Unfall 33704 (2021) Kat:3, Licht: 0,33704,3,3,5,7,9,3,1,0,0,1,0,0,0,1
"POINT (7.165514367000071 51.486213314000054)",Unfall 33714 (2021) Kat:3, Licht: 0,33714,3,3,5,9,14,5,0,0,0,0,0,1,0,1
"POINT (7.138138843000036 51.489091447000078)",Unfall 33761 (2021) Kat:2, Licht: 0,33761,2,7,5,9,14,3,0,0,0,1,1,0,0,0
"POINT (7.161164406000069 51.479952946000026)",Unfall 33790 (2021) Kat:3, Licht: 0,33790,3,4,6,9,13,5,0,0,0,1,1,0,0,0
"POINT (7.136663464000037 51.474507771000049)",Unfall 33800 (2021) Kat:3, Licht: 2,33800,3,6,2,9,22,7,0,2,0,1,0,0,0,0
"POINT (7.161407055000041 51.480005527000060)",Unfall 33896 (2021) Kat:3, Licht: 0,33896,3,1,0,5,10,3,1,0,1,0,0,0,0,0
"POINT (7.144813168000042 51.426372274000073)",Unfall 33944 (2021) Kat:3, Licht: 0,33944,3,7,6,12,12,5,0,0,0,1,1,0,0,0
"POINT (7.142034698000032 51.453008100000034)",Unfall 33982 (2021) Kat:3, Licht: 0,33982,3,6,2,9,15,1,0,0,0,1,0,0,0,0
"POINT (7.148349808000034 51.448933989000068)",Unfall 33989 (2021) Kat:3, Licht: 0,33989,3,2,6,5,14,2,0,0,0,1,1,0,0,0
"POINT (7.129909576000045 51.472742512000082)",Unfall 34127 (2021) Kat:2, Licht: 0,34127,2,6,2,4,17,7,0,0,0,1,0,0,0,1
"POINT (7.178594293000060 51.482657809000045)",Unfall 34206 (2021) Kat:3, Licht: 2,34206,3,1,0,12,17,4,1,2,0,1,0,0,0,0
"POINT (7.151649386000031 51.463867824000033)",Unfall 34208 (2021) Kat:3, Licht: 0,34208,3,6,2,6,9,2,0,0,0,1,0,0,0,0
"POINT (7.140401892000057 51.474444972000072)",Unfall 34215 (2021) Kat:3, Licht: 0,34215,3,6,2,6,9,2,0,0,0,1,0,0,0,0
"POINT (7.153447269000026 51.484222293000073)",Unfall 34269 (2021) Kat:3, Licht: 0,34269,3,6,2,6,14,5,0,0,0,1,0,0,0,1
"POINT (7.131604458000027 51.485106342000051)",Unfall 34281 (2021) Kat:3, Licht: 0,34281,3,3,5,10,15,7,0,0,0,1,0,0,0,0
"POINT (7.129329990000031 51.481211243000075)",Unfall 34321 (2021) Kat:3, Licht: 0,34321,3,6,1,5,19,7,0,0,0,1,0,1,0,0
"POINT (7.159726836000061 51.443778880000082)",Unfall 34322 (2021) Kat:2, Licht: 1,34322,2,1,0,10,18,6,0,1,1,0,0,0,0,0
"POINT (7.165128486000071 51.478467605000048)",Unfall 34400 (2021) Kat:3, Licht: 0,34400,3,6,2,6,17,3,0,0,0,1,0,0,0,0
"POINT (7.142375417000039 51.452700374000074)",Unfall 34469 (2021) Kat:3, Licht: 0,34469,3,6,2,10,12,3,1,0,0,1,0,0,0,1
"POINT (7.131661985000051 51.485101256000064)",Unfall 34474 (2021) Kat:3, Licht: 0,34474,3,2,2,3,10,3,1,0,0,1,0,0,1,0
"POINT (7.149177401000031 51.474980947000063)",Unfall 34477 (2021) Kat:2, Licht: 0,34477,2,6,3,6,15,1,0,0,0,1,0,1,0,0
"POINT (7.134836276000044 51.484862464000059)",Unfall 34526 (2021) Kat:3, Licht: 2,34526,3,2,6,11,23,6,0,2,0,1,1,0,0,0
"POINT (7.121994908000033 51.473327529000073)",Unfall 34534 (2021) Kat:3, Licht: 1,34534,3,1,3,7,5,4,1,1,0,1,0,0,0,0
"POINT (7.145065075000048 51.471861274000048)",Unfall 34572 (2021) Kat:3, Licht: 0,34572,3,2,5,6,16,7,0,0,0,1,0,0,0,0
"POINT (7.174025043000029 51.429226900000060)",Unfall 34681 (2021) Kat:3, Licht: 2,34681,3,6,2,3,18,2,0,2,0,1,0,0,0,0
"POINT (7.127504432000023 51.475263933000065)",Unfall 34687 (2021) Kat:3, Licht: 2,34687,3,2,5,10,6,3,1,2,0,1,0,0,0,0
"POINT (7.139166838000051 51.489768966000042)",Unfall 34782 (2021) Kat:2, Licht: 2,34782,2,1,8,6,3,6,0,2,0,1,0,0,0,0
"POINT (7.130509881000023 51.471076533000030)",Unfall 34810 (2021) Kat:2, Licht: 0,34810,2,1,0,10,13,1,0,0,0,0,0,1,0,0
"POINT (7.159342474000027 51.467769519000058)",Unfall 34811 (2021) Kat:3, Licht: 0,34811,3,5,1,4,20,6,0,0,1,1,0,0,0,0
"POINT (7.154050619000031 51.424356398000043)",Unfall 34955 (2021) Kat:2, Licht: 0,34955,2,1,0,9,17,2,0,0,1,0,0,0,0,0
"POINT (7.128656150000040 51.474295455000060)",Unfall 34990 (2021) Kat:3, Licht: 0,34990,3,6,1,10,7,4,0,0,0,1,0,0,0,0
"POINT (7.168307703000039 51.447179030000029)",Unfall 34994 (2021) Kat:3, Licht: 0,34994,3,6,3,6,8,4,0,0,1,0,0,0,0,1
"POINT (7.137845355000024 51.488898669000037)",Unfall 35018 (2021) Kat:3, Licht: 0,35018,3,7,4,9,12,1,0,0,0,1,0,1,0,0
"POINT (7.150105611000072 51.465326091000065)",Unfall 35073 (2021) Kat:3, Licht: 0,35073,3,6,0,5,12,6,0,0,1,0,0,0,0,1
"POINT (7.162634469000068 51.477808156000037)",Unfall 35109 (2021) Kat:3, Licht: 0,35109,3,6,2,9,16,2,0,0,0,1,0,0,0,1
"POINT (7.127576371000032 51.487170905000028)",Unfall 35129 (2021) Kat:3, Licht: 2,35129,3,1,0,9,21,4,1,2,0,0,0,1,0,0
"POINT (7.168844530000058 51.479289936000043)",Unfall 35149 (2021) Kat:3, Licht: 2,35149,3,6,2,11,17,6,0,2,0,1,0,0,0,0
"POINT (7.153590579000024 51.484278252000081)",Unfall 35150 (2021) Kat:3, Licht: 0,35150,3,1,7,3,9,4,0,0,0,1,0,0,0,0
"POINT (7.131436532000066 51.469651585000065)",Unfall 35162 (2021) Kat:2, Licht: 0,35162,2,6,3,5,15,1,0,0,0,1,0,1,0,0
"POINT (7.160331565000035 51.485694505000026)",Unfall 35163 (2021) Kat:3, Licht: 0,35163,3,7,4,6,12,4,0,0,0,1,0,0,0,0
"POINT (7.128904001000024 51.474128773000075)",Unfall 35184 (2021) Kat:3, Licht: 2,35184,3,6,2,11,18,7,0,2,0,1,0,0,0,0
"POINT (7.139455242000054 51.458850374000065)",Unfall 35235 (2021) Kat:3, Licht: 0,35235,3,7,1,9,12,6,0,0,0,1,0,0,0,0
"POINT (7.163021613000069 51.480352222000079)",Unfall 35266 (2021) Kat:2, Licht: 0,35266,2,3,5,9,14,5,0,0,0,1,0,0,0,1
"POINT (7.129056336000076 51.486120332000041)",Unfall 35286 (2021) Kat:3, Licht: 0,35286,3,6,2,6,15,1,0,0,0,1,0,0,0,0
"POINT (7.137563899000043 51.474351484000067)",Unfall 35311 (2021) Kat:3, Licht: 0,35311,3,1,9,9,12,7,0,0,0,1,0,0,0,0
"POINT (7.167407542000035 51.479198182000061)",Unfall 35326 (2021) Kat:3, Licht: 2,35326,3,6,2,12,17,3,1,2,0,1,0,0,0,0
"POINT (7.145403267000063 51.474551766000047)",Unfall 35380 (2021) Kat:3, Licht: 0,35380,3,6,2,9,17,6,1,0,0,1,0,0,0,0
"POINT (7.137037680000049 51.457713916000046)",Unfall 35500 (2021) Kat:3, Licht: 0,35500,3,6,2,6,6,6,0,0,0,1,0,0,0,0
"POINT (7.128138214000046 51.456771383000046)",Unfall 35509 (2021) Kat:3, Licht: 2,35509,3,1,9,12,4,7,1,2,0,1,0,0,0,0
"POINT (7.129438646000040 51.481319926000026)",Unfall 35529 (2021) Kat:3, Licht: 0,35529,3,7,5,9,17,4,0,0,1,1,0,0,0,0
"POINT (7.124999625000044 51.474508836000041)",Unfall 35575 (2021) Kat:3, Licht: 0,35575,3,6,4,1,12,7,0,0,0,1,0,0,0,0
"POINT (7.166596300000037 51.478810080000073)",Unfall 35620 (2021) Kat:3, Licht: 0,35620,3,6,2,5,17,4,0,0,0,1,0,0,0,0
"POINT (7.172837021000021 51.428502689000027)",Unfall 35707 (2021) Kat:2, Licht: 2,35707,2,6,2,12,7,2,1,2,0,1,0,0,0,0
"POINT (7.155905819000054 51.476164323000035)",Unfall 35750 (2021) Kat:3, Licht: 0,35750,3,6,1,11,8,3,0,0,0,1,0,0,1,0
"POINT (7.150256518000049 51.479349722000052)",Unfall 35762 (2021) Kat:3, Licht: 0,35762,3,2,6,2,11,6,0,0,0,1,1,0,0,0
"POINT (7.141036896000060 51.481689247000077)",Unfall 35832 (2021) Kat:3, Licht: 0,35832,3,3,1,3,10,7,0,0,0,1,0,0,0,0
"POINT (7.148036898000043 51.495975174000080)",Unfall 35840 (2021) Kat:3, Licht: 0,35840,3,6,1,6,17,6,0,0,1,1,0,0,0,0
"POINT (7.129241122000053 51.485927846000038)",Unfall 35929 (2021) Kat:3, Licht: 0,35929,3,6,2,4,13,7,0,0,0,1,0,0,0,0
"POINT (7.143099405000044 51.452073127000062)",Unfall 35987 (2021) Kat:3, Licht: 0,35987,3,6,2,1,14,4,0,0,0,1,0,0,0,0
"POINT (7.160970183000074 51.479910344000075)",Unfall 35992 (2021) Kat:3, Licht: 0,35992,3,5,1,1,16,7,0,0,0,1,0,0,0,1