WKT,Name,OBJECTID,UKATEGORIE,UTYP1,UART,UMONAT,USTUNDE,UWOCHENTAG,STRZUSTAND,ULICHTVERH,ISTRAD,ISTPKW,ISTFUSS,ISTKRAD,ISTGKFZ,ISTSONSTIG
"POINT (7.138749874000041 51.495248815000082)",Unfall 36004 (2021) Kat:3, Licht: 0,36004,3,4,6,9,16,3,0,0,0,1,1,0,0,0
"POINT (7.130003284000054 51.485720301000072)",Unfall 36030 (2021) Kat:3, Licht: 0,36030,3,6,1,3,17,6,0,0,0,1,0,0,0,0
"POINT (7.155891772000075 51.501949189000072)",Unfall 36082 (2021) Kat:3, Licht: 1,36082,3,3,5,5,4,5,0,1,1,1,0,0,0,0
"POINT (7.163979675000064 51.480560435000029)",Unfall 36145 (2021) Kat:3, Licht: 0,36145,3,1,1,10,13,5,1,0,0,0,0,1,0,1
"POINT (7.126602452000043 51.474099269000078)",Unfall 36201 (2021) Kat:3, Licht: 2,36201,3,1,9,1,5,7,1,2,0,1,0,0,0,0
"POINT (7.141608919000021 51.480140915000050)",Unfall 36215 (2021) Kat:3, Licht: 2,36215,3,6,2,2,21,2,2,2,0,1,0,0,0,0
"POINT (7.129703260000042 51.472955387000070)",Unfall 36219 (2021) Kat:3, Licht: 0,36219,3,2,5,4,12,5,0,0,0,1,0,0,0,0
"POINT (7.157009373000051 51.458964505000040)",Unfall 36236 (2021) Kat:3, Licht: 0,36236,3,1,0,11,11,6,1,0,0,0,0,0,0,1
"POINT (7.151513229000045 51.447487103000071)",Unfall 36246 (2021) Kat:3, Licht: 0,36246,3,2,2,5,14,6,0,0,0,1,0,0,0,0
"POINT (7.128198477000069 51.486671840000042)",Unfall 36303 (2021) Kat:3, Licht: 2,36303,3,4,6,10,1,1,0,2,0,0,1,0,0,1
"POINT (7.121041176000062 51.480126720000044)",Unfall 36378 (2021) Kat:3, Licht: 2,36378,3,4,6,2,18,2,1,2,0,0,1,0,0,1
"POINT (7.175960287000066 51.480977549000045)",Unfall 36384 (2021) Kat:2, Licht: 2,36384,2,1,7,11,1,2,1,2,0,1,0,0,0,0
"POINT (7.129998143000023 51.482928805000029)",Unfall 36415 (2021) Kat:3, Licht: 0,36415,3,6,2,10,16,7,0,0,0,1,0,0,0,0
"POINT (7.134645751000050 51.484894064000059)",Unfall 36427 (2021) Kat:3, Licht: 2,36427,3,2,5,11,20,3,1,2,0,1,0,0,0,0
"POINT (7.169239702000027 51.458432908000077)",Unfall 36605 (2021) Kat:3, Licht: 2,36605,3,1,8,12,20,3,1,2,0,1,0,0,0,0
"POINT (7.120723197000075 51.473041421000062)",Unfall 36609 (2021) Kat:3, Licht: 0,36609,3,1,9,1,13,1,1,0,0,1,0,0,0,0
"POINT (7.142390914000032 51.452686949000054)",Unfall 36613 (2021) Kat:3, Licht: 2,36613,3,6,2,11,19,7,1,2,0,1,0,0,0,0
"POINT (7.138901556000064 51.493583301000058)",Unfall 36629 (2021) Kat:3, Licht: 2,36629,3,7,2,11,16,1,1,2,0,1,0,0,0,0
"POINT (7.165566326000032 51.486401691000026)",Unfall 36738 (2021) Kat:3, Licht: 0,36738,3,6,2,1,11,2,1,0,0,1,0,0,0,1
"POINT (7.141258925000045 51.481671410000047)",Unfall 36746 (2021) Kat:3, Licht: 0,36746,3,4,6,4,11,4,1,0,0,1,1,0,0,0
"POINT (7.145561173000033 51.461103961000049)",Unfall 36752 (2021) Kat:3, Licht: 2,36752,3,7,5,10,18,4,0,2,0,1,0,1,0,0
"POINT (7.163180209000075 51.469707217000064)",Unfall 36778 (2021) Kat:3, Licht: 0,36778,3,7,0,7,16,3,0,0,0,1,0,0,0,0
"POINT (7.126172349000058 51.477822455000080)",Unfall 36837 (2021) Kat:2, Licht: 0,36837,2,7,5,2,11,3,2,0,0,1,0,0,0,0
"POINT (7.167975958000056 51.422544204000076)",Unfall 36841 (2021) Kat:3, Licht: 2,36841,3,2,5,11,6,2,1,2,0,1,0,0,0,0
"POINT (7.158585567000046 51.476768436000043)",Unfall 36870 (2021) Kat:3, Licht: 0,36870,3,7,2,6,8,4,0,0,0,1,0,0,0,0
"POINT (7.129907525000021 51.472751339000069)",Unfall 36907 (2021) Kat:2, Licht: 0,36907,2,6,2,10,15,1,0,0,0,1,0,0,0,0
"POINT (7.145536148000076 51.468629813000064)",Unfall 36945 (2021) Kat:3, Licht: 0,36945,3,2,0,11,15,2,0,0,0,1,0,0,0,1
"POINT (7.148847439000065 51.496627497000077)",Unfall 37010 (2021) Kat:3, Licht: 0,37010,3,5,4,6,12,7,0,0,0,1,0,1,0,0
"POINT (7.129611682000075 51.473213911000073)",Unfall 37047 (2021) Kat:3, Licht: 0,37047,3,1,0,9,7,4,1,0,0,0,0,1,0,0
"POINT (7.121168773000022 51.457108503000029)",Unfall 37067 (2021) Kat:2, Licht: 0,37067,2,1,8,9,20,3,0,0,0,1,0,0,0,1
"POINT (7.144879244000037 51.460893131000034)",Unfall 37104 (2021) Kat:3, Licht: 0,37104,3,5,3,1,12,6,1,0,0,1,0,0,0,0
"POINT (7.150157809000063 51.465292777000059)",Unfall 37110 (2021) Kat:2, Licht: 0,37110,2,4,6,6,12,2,0,0,0,1,1,0,0,0
"POINT (7.168424748000064 51.447494368000037)",Unfall 37133 (2021) Kat:3, Licht: 2,37133,3,7,1,11,21,3,1,2,0,1,0,0,0,0
"POINT (7.210019567000074 51.488058824000063)",Unfall 37143 (2021) Kat:2, Licht: 0,37143,2,4,6,9,13,2,0,0,0,1,1,0,0,0
"POINT (7.250541013000031 51.472297036000043)",Unfall 37160 (2021) Kat:3, Licht: 0,37160,3,6,2,3,10,5,1,0,0,1,0,0,0,0
"POINT (7.248450855000044 51.506284979000043)",Unfall 37194 (2021) Kat:3, Licht: 0,37194,3,6,2,6,16,4,0,0,0,1,0,0,0,0
"POINT (7.215351668000039 51.514630370000077)",Unfall 37219 (2021) Kat:2, Licht: 0,37219,2,6,9,6,10,3,0,0,0,1,0,0,0,0
"POINT (7.189538510000034 51.472332456000061)",Unfall 37238 (2021) Kat:3, Licht: 0,37238,3,7,9,10,15,7,0,0,0,1,0,0,0,0
"POINT (7.300853274000076 51.496632930000033)",Unfall 37241 (2021) Kat:3, Licht: 0,37241,3,1,8,10,14,3,1,0,0,1,0,0,0,0
"POINT (7.184482679000041 51.487673727000072)",Unfall 37245 (2021) Kat:3, Licht: 0,37245,3,6,2,3,14,6,0,0,0,1,0,0,0,1
"POINT (7.278459609000038 51.483935955000049)",Unfall 37266 (2021) Kat:3, Licht: 2,37266,3,6,2,12,17,2,0,2,0,1,0,0,0,0
"POINT (7.241413365000028 51.473268741000027)",Unfall 37274 (2021) Kat:3, Licht: 2,37274,3,3,9,9,22,4,0,2,0,1,0,0,0,0
"POINT (7.192626705000066 51.496202767000057)",Unfall 37293 (2021) Kat:3, Licht: 0,37293,3,6,2,6,16,6,0,0,0,1,0,0,1,0
"POINT (7.224920664000024 51.443425081000044)",Unfall 37294 (2021) Kat:3, Licht: 0,37294,3,3,5,10,17,4,0,0,1,1,0,0,0,0
"POINT (7.223352651000027 51.440244101000076)",Unfall 37307 (2021) Kat:3, Licht: 0,37307,3,6,0,10,13,7,0,0,1,0,0,0,0,0
"POINT (7.217379918000063 51.470785384000067)",Unfall 37311 (2021) Kat:3, Licht: 1,37311,3,3,5,5,20,5,0,1,0,1,0,0,0,0
"POINT (7.212700879000067 51.517004200000031)",Unfall 37322 (2021) Kat:3, Licht: 0,37322,3,6,2,12,10,4,1,0,0,1,0,0,0,1
"POINT (7.192110147000051 51.453997207000043)",Unfall 37328 (2021) Kat:3, Licht: 0,37328,3,2,5,6,8,4,0,0,1,1,0,0,0,0
"POINT (7.196373099000027 51.501827298000080)",Unfall 37337 (2021) Kat:3, Licht: 0,37337,3,1,9,7,16,1,1,0,0,1,0,0,0,0
"POINT (7.216190641000026 51.514143441000044)",Unfall 37344 (2021) Kat:3, Licht: 2,37344,3,7,7,2,18,5,0,2,0,1,0,0,1,0
"POINT (7.202503365000041 51.462345671000037)",Unfall 37374 (2021) Kat:3, Licht: 0,37374,3,3,5,10,17,3,0,0,1,1,0,0,0,0
"POINT (7.185783032000074 51.494150755000078)",Unfall 37382 (2021) Kat:3, Licht: 0,37382,3,6,1,3,14,6,1,0,0,1,0,0,0,1
"POINT (7.206908386000066 51.489554821000070)",Unfall 37394 (2021) Kat:3, Licht: 0,37394,3,2,5,10,16,6,0,0,1,0,0,0,0,1
"POINT (7.211753333000047 51.518360655000038)",Unfall 37404 (2021) Kat:3, Licht: 0,37404,3,6,2,5,15,1,0,0,0,1,0,0,0,0
"POINT (7.290392822000058 51.500676618000057)",Unfall 37407 (2021) Kat:3, Licht: 0,37407,3,3,5,9,7,3,0,0,1,1,0,0,0,0
"POINT (7.195794084000056 51.492136323000068)",Unfall 37430 (2021) Kat:3, Licht: 0,37430,3,6,3,11,14,1,0,0,0,1,0,1,0,0
"POINT (7.209131871000068 51.488571595000053)",Unfall 37439 (2021) Kat:3, Licht: 0,37439,3,2,5,10,14,3,0,0,1,1,0,0,0,0
"POINT (7.241158893000033 51.506209147000050)",Unfall 37446 (2021) Kat:2, Licht: 2,37446,2,1,8,2,0,3,1,2,0,1,0,0,0,0
"POINT (7.218761186000052 51.478633041000080)",Unfall 37453 (2021) Kat:3, Licht: 0,37453,3,7,5,3,17,4,0,0,0,1,0,1,0,0
"POINT (7.180655110000032 51.467663311000081)",Unfall 37461 (2021) Kat:3, Licht: 0,37461,3,4,6,5,14,4,0,0,0,1,1,0,0,0
"POINT (7.192662231000043 51.476861549000034)",Unfall 37467 (2021) Kat:3, Licht: 0,37467,3,6,1,5,14,3,0,0,0,1,0,0,0,0
"POINT (7.197964236000075 51.477982458000042)",Unfall 37479 (2021) Kat:3, Licht: 1,37479,3,3,5,2,17,1,0,1,1,1,0,0,0,0
"POINT (7.245808031000024 51.471863584000062)",Unfall 37492 (2021) Kat:3, Licht: 0,37492,3,3,5,3,15,1,0,0,0,1,0,0,0,0
"POINT (7.196896836000064 51.491855169000075)",Unfall 37515 (2021) Kat:3, Licht: 2,37515,3,2,6,12,17,4,1,2,0,1,1,0,0,0
"POINT (7.228309896000042 51.485212706000027)",Unfall 37527 (2021) Kat:3, Licht: 0,37527,3,5,1,4,14,6,0,0,1,1,0,0,0,0
"POINT (7.252782397000033 51.512176102000069)",Unfall 37550 (2021) Kat:3, Licht: 2,37550,3,1,8,3,1,5,0,2,0,1,0,0,0,0
"POINT (7.241572742000074 51.490998640000043)",Unfall 37573 (2021) Kat:3, Licht: 0,37573,3,1,0,1,12,3,1,0,1,0,0,0,0,0
"POINT (7.217354962000059 51.470852662000027)",Unfall 37580 (2021) Kat:3, Licht: 1,37580,3,3,5,12,7,5,1,1,0,1,0,0,0,0
"POINT (7.259348934000059 51.494864006000057)",Unfall 37596 (2021) Kat:3, Licht: 2,37596,3,6,2,9,20,6,0,2,0,1,0,0,0,0
"POINT (7.219010259000072 51.478518723000036)",Unfall 37599 (2021) Kat:3, Licht: 0,37599,3,2,5,4,10,5,0,0,1,1,0,0,0,0
"POINT (7.251548336000042 51.493695151000054)",Unfall 37600 (2021) Kat:3, Licht: 0,37600,3,3,5,12,15,4,0,0,0,1,0,0,0,1
"POINT (7.198934598000051 51.452538086000061)",Unfall 37623 (2021) Kat:2, Licht: 1,37623,2,1,1,6,4,5,0,1,0,1,0,0,0,0
"POINT (7.189199453000072 51.498076321000042)",Unfall 37625 (2021) Kat:3, Licht: 1,37625,3,4,6,9,7,3,0,1,0,1,1,0,0,0
"POINT (7.216914640000027 51.478607013000044)",Unfall 37633 (2021) Kat:3, Licht: 2,37633,3,4,6,10,19,6,1,2,0,0,1,0,0,1
"POINT (7.204905222000036 51.466268181000032)",Unfall 37645 (2021) Kat:2, Licht: 0,37645,2,5,1,9,11,2,0,0,1,0,0,0,0,0
"POINT (7.324773485000037 51.485553261000064)",Unfall 37646 (2021) Kat:3, Licht: 2,37646,3,3,5,9,5,5,0,2,0,1,0,1,0,0
"POINT (7.193973759000073 51.455530984000063)",Unfall 37647 (2021) Kat:3, Licht: 0,37647,3,3,5,6,11,6,0,0,1,1,0,0,0,0
"POINT (7.245781659000045 51.471866003000059)",Unfall 37669 (2021) Kat:3, Licht: 2,37669,3,2,5,3,20,6,0,2,0,1,0,0,0,0
"POINT (7.290052395000032 51.494293373000062)",Unfall 37681 (2021) Kat:3, Licht: 0,37681,3,2,2,5,17,4,1,0,0,1,0,0,0,0
"POINT (7.246755864000022 51.453465641000037)",Unfall 37685 (2021) Kat:3, Licht: 2,37685,3,4,6,11,7,3,1,2,0,0,1,0,0,1
"POINT (7.236896578000028 51.494398561000025)",Unfall 37695 (2021) Kat:2, Licht: 0,37695,2,6,2,9,17,3,0,0,0,1,0,1,0,0
"POINT (7.228197957000020 51.499971220000077)",Unfall 37706 (2021) Kat:3, Licht: 0,37706,3,3,5,12,12,6,1,0,1,1,0,0,0,0
"POINT (7.295000222000056 51.466014686000051)",Unfall 37723 (2021) Kat:3, Licht: 1,37723,3,5,1,9,7,6,0,1,1,1,0,0,0,0
"POINT (7.258539167000038 51.515171530000032)",Unfall 37727 (2021) Kat:3, Licht: 2,37727,3,6,2,11,19,4,1,2,0,1,0,0,0,0
"POINT (7.213275256000031 51.491723390000061)",Unfall 37735 (2021) Kat:3, Licht: 0,37735,3,2,5,9,14,6,0,0,1,1,0,0,0,0
"POINT (7.193482963000065 51.443297061000067)",Unfall 37740 (2021) Kat:3, Licht: 2,37740,3,4,6,12,19,5,0,2,0,1,1,0,0,0
"POINT (7.217864677000023 51.469121835000067)",Unfall 37760 (2021) Kat:3, Licht: 0,37760,3,6,2,6,15,2,0,0,0,1,0,0,0,1
"POINT (7.208128045000024 51.497827171000040)",Unfall 37762 (2021) Kat:2, Licht: 0,37762,2,6,3,5,12,4,0,0,0,1,0,0,0,0
"POINT (7.248453460000064 51.472025021000036)",Unfall 37763 (2021) Kat:2, Licht: 0,37763,2,6,2,12,14,3,0,0,0,1,0,0,0,0
"POINT (7.237741618000030 51.474638680000055)",Unfall 37783 (2021) Kat:3, Licht: 2,37783,3,3,5,2,20,7,0,2,0,1,0,0,0,0
"POINT (7.315225950000070 51.496001525000054)",Unfall 37798 (2021) Kat:3, Licht: 2,37798,3,6,2,12,17,2,0,2,0,1,0,0,0,0
"POINT (7.200862766000057 51.490923176000081)",Unfall 37805 (2021) Kat:3, Licht: 2,37805,3,2,6,11,21,3,1,2,0,1,1,0,0,0
"POINT (7.212637609000069 51.504898805000039)",Unfall 37814 (2021) Kat:3, Licht: 2,37814,3,1,9,6,4,1,0,2,0,1,0,0,0,0
"POINT (7.262917170000037 51.496084731000053)",Unfall 37816 (2021) Kat:2, Licht: 0,37816,2,6,0,7,8,5,1,0,0,1,0,1,0,0
"POINT (7.202826633000029 51.490473721000058)",Unfall 37817 (2021) Kat:3, Licht: 0,37817,3,5,1,1,13,2,0,0,0,1,0,0,0,1
"POINT (7.238098905000072 51.474505437000062)",Unfall 37829 (2021) Kat:3, Licht: 0,37829,3,1,0,7,15,1,1,0,0,0,0,1,0,0
"POINT (7.257226681000077 51.497671542000035)",Unfall 37834 (2021) Kat:3, Licht: 2,37834,3,4,6,9,6,5,0,2,0,1,1,0,0,0
"POINT (7.269829851000054 51.515409572000067)",Unfall 37837 (2021) Kat:3, Licht: 0,37837,3,4,6,9,13,6,0,0,0,1,1,0,0,0
"POINT (7.245211338000047 51.422266601000047)",Unfall 37840 (2021) Kat:3, Licht: 2,37840,3,3,5,9,20,4,0,2,1,1,0,0,0,0
"POINT (7.320843927000055 51.464368738000076)",Unfall 37846 (2021) Kat:3, Licht: 0,37846,3,7,6,6,16,6,0,0,0,1,1,0,0,0
"POINT (7.288663247000045 51.461890834000030)",Unfall 37852 (2021) Kat:3, Licht: 0,37852,3,6,2,10,14,7,0,0,0,1,0,0,0,0
"POINT (7.244902838000030 51.445173724000028)",Unfall 37856 (2021) Kat:3, Licht: 0,37856,3,3,5,6,17,3,0,0,1,1,0,0,0,0
"POINT (7.255775836000055 51.493771277000064)",Unfall 37865 (2021) Kat:3, Licht: 0,37865,3,2,2,9,15,7,0,0,0,1,0,0,0,0
"POINT (7.205652908000047 51.479778126000042)",Unfall 37874 (2021) Kat:2, Licht: 0,37874,2,6,6,6,18,2,0,0,0,0,1,0,0,1
"POINT (7.239899625000021 51.490378219000036)",Unfall 37892 (2021) Kat:3, Licht: 2,37892,3,6,3,9,19,2,1,2,0,0,0,0,0,1
"POINT (7.212965961000066 51.493384305000063)",Unfall 37908 (2021) Kat:3, Licht: 0,37908,3,2,2,6,10,5,0,0,0,1,0,0,0,0
"POINT (7.283139633000076 51.505699107000055)",Unfall 37924 (2021) Kat:3, Licht: 0,37924,3,1,0,7,19,7,0,0,1,0,0,0,0,0
"POINT (7.212848167000061 51.481299321000051)",Unfall 37942 (2021) Kat:3, Licht: 2,37942,3,1,0,10,22,5,0,2,0,0,0,0,0,1
"POINT (7.185187140000039 51.489288590000058)",Unfall 37954 (2021) Kat:3, Licht: 2,37954,3,6,3,12,16,2,1,2,0,1,0,0,0,0
"POINT (7.206367354000065 51.466190826000059)",Unfall 37966 (2021) Kat:3, Licht: 0,37966,3,6,2,10,13,7,0,0,0,1,0,1,0,0
"POINT (7.323183473000029 51.479369835000057)",Unfall 37981 (2021) Kat:3, Licht: 0,37981,3,3,5,5,5,7,0,0,0,1,0,1,0,0
"POINT (7.297752064000065 51.466869528000075)",Unfall 37985 (2021) Kat:3, Licht: 0,37985,3,3,5,6,7,6,0,0,0,1,0,0,0,0
"POINT (7.220078396000076 51.463236648000077)",Unfall 37991 (2021) Kat:3, Licht: 0,37991,3,3,5,6,13,4,0,0,0,1,0,0,0,1
"POINT (7.195169879000048 51.501766336000060)",Unfall 37992 (2021) Kat:3, Licht: 0,37992,3,6,2,11,12,7,1,0,0,1,0,0,0,0
"POINT (7.204947675000028 51.489977848000080)",Unfall 38000 (2021) Kat:3, Licht: 0,38000,3,6,2,9,9,4,0,0,0,1,0,0,0,0
"POINT (7.305885671000055 51.496334033000039)",Unfall 38007 (2021) Kat:3, Licht: 2,38007,3,6,2,12,17,6,1,2,0,1,0,0,0,1
"POINT (7.210120312000072 51.469942990000050)",Unfall 38013 (2021) Kat:3, Licht: 0,38013,3,1,0,7,14,3,0,0,0,0,0,0,0,1
"POINT (7.189311409000027 51.496527150000077)",Unfall 38019 (2021) Kat:3, Licht: 2,38019,3,6,2,5,21,4,0,2,0,1,0,0,0,0
"POINT (7.273632666000026 51.517680189000032)",Unfall 38029 (2021) Kat:3, Licht: 2,38029,3,7,1,12,16,7,0,2,0,1,0,0,0,0
"POINT (7.195653736000054 51.449076367000032)",Unfall 38043 (2021) Kat:3, Licht: 2,38043,3,7,8,3,18,2,0,2,0,1,0,0,0,0
"POINT (7.251766135000025 51.464666845000067)",Unfall 38044 (2021) Kat:3, Licht: 0,38044,3,6,2,2,12,4,0,0,0,1,0,0,0,0
"POINT (7.215200488000050 51.476133929000071)",Unfall 38048 (2021) Kat:3, Licht: 0,38048,3,3,5,12,9,2,1,0,1,1,0,0,0,0
"POINT (7.278688911000074 51.482575579000070)",Unfall 38062 (2021) Kat:3, Licht: 2,38062,3,6,2,1,19,4,0,2,0,1,0,0,0,0
"POINT (7.287698541000054 51.467222547000063)",Unfall 38066 (2021) Kat:3, Licht: 0,38066,3,6,3,3,15,4,0,0,0,1,0,0,1,0
"POINT (7.219729544000074 51.464013209000029)",Unfall 38078 (2021) Kat:3, Licht: 0,38078,3,1,0,5,18,1,0,0,1,0,0,0,0,0
"POINT (7.234109588000024 51.488218206000056)",Unfall 38081 (2021) Kat:3, Licht: 2,38081,3,2,5,10,22,1,1,2,0,1,0,0,0,0
"POINT (7.226397529000053 51.444861364000076)",Unfall 38091 (2021) Kat:3, Licht: 0,38091,3,6,2,6,10,5,0,0,0,1,0,0,0,0
"POINT (7.238079479000021 51.464344881000045)",Unfall 38103 (2021) Kat:3, Licht: 0,38103,3,6,3,6,18,6,0,0,1,1,0,0,0,0
"POINT (7.275120433000041 51.519004056000028)",Unfall 38111 (2021) Kat:3, Licht: 0,38111,3,2,5,10,9,6,0,0,1,1,0,0,0,0
"POINT (7.321011673000044 51.473643764000030)",Unfall 38118 (2021) Kat:3, Licht: 2,38118,3,1,0,11,18,7,1,2,0,0,0,1,0,0
"POINT (7.255406601000061 51.509772039000040)",Unfall 38135 (2021) Kat:3, Licht: 0,38135,3,1,0,6,19,2,0,0,0,0,0,1,0,0
"POINT (7.216392161000044 51.486561775000041)",Unfall 38141 (2021) Kat:3, Licht: 0,38141,3,6,2,12,14,3,1,0,0,1,0,0,0,0
"POINT (7.227728145000071 51.462557760000038)",Unfall 38146 (2021) Kat:3, Licht: 2,38146,3,3,5,11,6,5,0,2,0,1,0,0,0,0
"POINT (7.291133706000039 51.486392504000037)",Unfall 38157 (2021) Kat:3, Licht: 0,38157,3,2,2,5,18,2,0,0,0,1,0,0,0,0
"POINT (7.252365214000065 51.447982803000059)",Unfall 38170 (2021) Kat:3, Licht: 0,38170,3,6,2,12,9,4,1,0,0,1,0,0,0,0
"POINT (7.236040014000025 51.459280988000046)",Unfall 38171 (2021) Kat:3, Licht: 2,38171,3,3,5,9,6,3,0,2,0,1,0,0,1,0
"POINT (7.209139796000045 51.488566847000072)",Unfall 38189 (2021) Kat:3, Licht: 0,38189,3,2,0,9,15,3,0,0,1,1,0,0,0,0
"POINT (7.241452725000045 51.473253875000069)",Unfall 38196 (2021) Kat:3, Licht: 0,38196,3,2,5,10,12,4,0,0,0,1,0,0,0,0
"POINT (7.194119215000057 51.443801393000058)",Unfall 38217 (2021) Kat:2, Licht: 2,38217,2,1,0,11,6,4,1,2,0,0,0,1,0,0
"POINT (7.188396248000060 51.461192523000079)",Unfall 38229 (2021) Kat:2, Licht: 0,38229,2,4,6,10,16,7,0,0,0,1,1,0,0,0
"POINT (7.222774275000063 51.511915533000035)",Unfall 38231 (2021) Kat:3, Licht: 2,38231,3,6,2,12,19,2,0,2,0,1,0,0,0,0
"POINT (7.179508008000028 51.482386482000038)",Unfall 38262 (2021) Kat:3, Licht: 0,38262,3,6,2,6,16,4,0,0,0,1,0,0,0,0
"POINT (7.224521547000052 51.479637201000060)",Unfall 38269 (2021) Kat:3, Licht: 0,38269,3,7,1,3,14,5,0,0,0,1,0,0,0,0
"POINT (7.305714917000046 51.481108870000071)",Unfall 38272 (2021) Kat:3, Licht: 0,38272,3,1,0,6,20,5,0,0,1,0,0,0,0,0
"POINT (7.282747225000037 51.523816448000048)",Unfall 38279 (2021) Kat:3, Licht: 0,38279,3,2,2,6,15,3,0,0,0,1,0,0,0,0
"POINT (7.223306994000041 51.441117405000057)",Unfall 38283 (2021) Kat:3, Licht: 0,38283,3,6,2,10,11,6,0,0,0,1,0,0,0,0
"POINT (7.270703961000038 51.473949320000031)",Unfall 38291 (2021) Kat:3, Licht: 0,38291,3,3,5,9,9,3,0,0,1,1,0,0,0,0
"POINT (7.185080086000028 51.493166657000074)",Unfall 38312 (2021) Kat:3, Licht: 0,38312,3,5,2,6,14,2,0,0,0,1,0,0,0,0
"POINT (7.236583773000064 51.459588553000060)",Unfall 38316 (2021) Kat:3, Licht: 0,38316,3,6,2,11,7,3,0,0,0,1,0,0,0,0
"POINT (7.216087210000069 51.473754194000037)",Unfall 38321 (2021) Kat:3, Licht: 0,38321,3,3,5,9,7,4,0,0,1,1,0,0,0,0
"POINT (7.291035297000064 51.497067658000049)",Unfall 38337 (2021) Kat:3, Licht: 0,38337,3,1,8,12,8,4,1,0,0,1,0,0,0,0
"POINT (7.190390279000042 51.494826905000082)",Unfall 38340 (2021) Kat:3, Licht: 2,38340,3,6,2,1,18,5,1,2,0,1,0,0,0,0
"POINT (7.259235875000059 51.500931408000042)",Unfall 38346 (2021) Kat:3, Licht: 2,38346,3,6,3,9,4,6,0,2,0,1,0,1,0,0
"POINT (7.183323764000022 51.480629872000065)",Unfall 38348 (2021) Kat:2, Licht: 0,38348,2,6,3,7,16,5,0,0,0,1,0,0,0,0
"POINT (7.214139339000042 51.487607096000033)",Unfall 38354 (2021) Kat:2, Licht: 2,38354,2,2,5,10,17,7,0,2,1,1,0,0,0,0
"POINT (7.210237280000058 51.470036045000029)",Unfall 38369 (2021) Kat:3, Licht: 0,38369,3,1,0,4,13,6,0,0,1,0,0,0,0,0
"POINT (7.288382045000048 51.463895093000076)",Unfall 38372 (2021) Kat:3, Licht: 0,38372,3,6,2,9,16,5,0,0,0,1,0,0,0,0
"POINT (7.263300259000061 51.507622724000043)",Unfall 38394 (2021) Kat:3, Licht: 0,38394,3,6,2,12,8,6,0,0,0,1,0,0,0,0
"POINT (7.324390990000040 51.473650417000044)",Unfall 38396 (2021) Kat:3, Licht: 0,38396,3,1,0,10,17,7,0,0,1,0,0,0,0,0
"POINT (7.304107934000058 51.496407950000048)",Unfall 38400 (2021) Kat:3, Licht: 0,38400,3,6,2,3,7,4,1,0,0,1,0,0,0,1
"POINT (7.215760739000075 51.474626021000063)",Unfall 38414 (2021) Kat:3, Licht: 2,38414,3,4,6,9,22,7,0,2,0,1,1,0,0,0
"POINT (7.247302530000070 51.454094999000063)",Unfall 38419 (2021) Kat:3, Licht: 2,38419,3,2,5,9,21,2,0,2,0,1,0,0,0,0
"POINT (7.281597108000028 51.496853610000073)",Unfall 38428 (2021) Kat:3, Licht: 0,38428,3,6,2,6,15,5,0,0,0,1,0,0,0,0
"POINT (7.322718786000053 51.468509764000032)",Unfall 38434 (2021) Kat:3, Licht: 0,38434,3,7,1,11,7,3,1,0,1,1,0,0,0,0
"POINT (7.215198595000061 51.476142980000077)",Unfall 38452 (2021) Kat:3, Licht: 2,38452,3,3,5,11,17,6,1,2,1,1,0,0,0,0
"POINT (7.309832428000050 51.492312198000036)",Unfall 38461 (2021) Kat:3, Licht: 0,38461,3,2,4,12,8,2,1,0,1,1,0,0,0,0
"POINT (7.211349338000048 51.508741351000026)",Unfall 38466 (2021) Kat:3, Licht: 0,38466,3,2,5,6,7,7,0,0,0,1,0,0,0,0
"POINT (7.193306598000049 51.479824472000075)",Unfall 38492 (2021) Kat:3, Licht: 2,38492,3,3,5,5,23,5,1,2,1,1,0,0,0,0
"POINT (7.205236878000051 51.464513418000081)",Unfall 38504 (2021) Kat:3, Licht: 0,38504,3,3,0,1,15,4,1,0,1,1,0,0,0,0
"POINT (7.181370438000044 51.480648256000052)",Unfall 38533 (2021) Kat:3, Licht: 0,38533,3,3,5,12,16,4,1,0,0,1,0,0,0,0
"POINT (7.204819195000027 51.456059145000040)",Unfall 38537 (2021) Kat:3, Licht: 2,38537,3,6,2,1,17,3,1,2,0,1,0,0,0,0
"POINT (7.208218346000024 51.480366351000043)",Unfall 38561 (2021) Kat:3, Licht: 0,38561,3,3,5,9,15,2,0,0,0,1,0,0,0,1
"POINT (7.191741886000045 51.470510427000079)",Unfall 38573 (2021) Kat:3, Licht: 0,38573,3,6,2,9,18,2,0,0,0,1,0,0,0,0
"POINT (7.224081444000035 51.479809167000042)",Unfall 38585 (2021) Kat:3, Licht: 0,38585,3,6,2,5,16,2,0,0,0,1,0,0,0,0
"POINT (7.210429570000031 51.497925945000077)",Unfall 38602 (2021) Kat:3, Licht: 2,38602,3,7,8,4,3,7,0,2,0,1,1,0,0,0
"POINT (7.221830401000034 51.483536432000051)",Unfall 38621 (2021) Kat:2, Licht: 2,38621,2,3,5,12,18,4,0,2,0,1,0,0,0,0
"POINT (7.213379678000024 51.491189470000052)",Unfall 38660 (2021) Kat:3, Licht: 2,38660,3,6,2,12,18,2,0,2,0,1,0,0,0,0