WKT,Name,OBJECTID,UKATEGORIE,UTYP1,UART,UMONAT,USTUNDE,UWOCHENTAG,STRZUSTAND,ULICHTVERH,ISTRAD,ISTPKW,ISTFUSS,ISTKRAD,ISTGKFZ,ISTSONSTIG
"POINT (7.303410382000038 51.496434569000030)",Unfall 38669 (2021) Kat:2, Licht: 0,38669,2,6,2,3,7,2,1,0,0,1,0,0,0,0
"POINT (7.282674240000063 51.500221173000057)",Unfall 38675 (2021) Kat:3, Licht: 1,38675,3,4,6,11,16,2,0,1,0,1,1,0,0,0
"POINT (7.208127376000050 51.468303576000039)",Unfall 38687 (2021) Kat:2, Licht: 0,38687,2,1,0,11,15,5,0,0,1,0,0,0,0,0
"POINT (7.212241995000056 51.517626204000067)",Unfall 38694 (2021) Kat:3, Licht: 0,38694,3,6,2,6,17,6,0,0,0,1,0,0,0,0
"POINT (7.260963704000062 51.505432961000054)",Unfall 38697 (2021) Kat:3, Licht: 0,38697,3,6,2,1,10,7,1,0,0,1,0,0,0,0
"POINT (7.185782108000069 51.478496934000077)",Unfall 38706 (2021) Kat:3, Licht: 2,38706,3,6,2,12,17,3,0,2,0,1,0,0,0,0
"POINT (7.226908598000023 51.470746873000053)",Unfall 38713 (2021) Kat:3, Licht: 0,38713,3,6,2,9,15,2,0,0,0,1,0,1,0,0
"POINT (7.198024197000052 51.491630315000066)",Unfall 38724 (2021) Kat:3, Licht: 0,38724,3,5,0,9,15,3,0,0,1,1,0,0,0,0
"POINT (7.275091276000069 51.518972007000059)",Unfall 38733 (2021) Kat:3, Licht: 0,38733,3,1,0,10,11,6,1,0,0,0,0,1,0,0
"POINT (7.221365817000049 51.478776669000069)",Unfall 38756 (2021) Kat:2, Licht: 1,38756,2,3,5,6,21,6,0,1,0,1,0,0,0,0
"POINT (7.206344136000041 51.466907977000062)",Unfall 38762 (2021) Kat:3, Licht: 2,38762,3,6,2,10,18,4,0,2,0,1,0,0,0,0
"POINT (7.229050124000025 51.477363439000044)",Unfall 38764 (2021) Kat:3, Licht: 0,38764,3,2,5,11,16,4,1,0,1,1,0,0,0,0
"POINT (7.280455118000020 51.522791768000047)",Unfall 38771 (2021) Kat:3, Licht: 0,38771,3,3,5,6,7,6,0,0,0,1,0,1,0,0
"POINT (7.236028321000049 51.475285101000054)",Unfall 38789 (2021) Kat:3, Licht: 0,38789,3,6,0,3,9,2,0,0,0,1,0,1,0,0
"POINT (7.215050027000075 51.441888015000075)",Unfall 38792 (2021) Kat:2, Licht: 2,38792,2,7,0,12,17,7,1,2,0,1,0,0,0,1
"POINT (7.194640197000069 51.446980380000070)",Unfall 38798 (2021) Kat:3, Licht: 1,38798,3,2,3,9,6,5,0,1,0,1,0,0,1,0
"POINT (7.278230139000073 51.485244581000075)",Unfall 38806 (2021) Kat:3, Licht: 0,38806,3,6,1,11,12,2,0,0,0,1,0,0,0,1
"POINT (7.278371645000050 51.484444123000060)",Unfall 38823 (2021) Kat:3, Licht: 0,38823,3,6,2,9,12,5,0,0,0,1,0,0,0,0
"POINT (7.225512409000032 51.474009899000066)",Unfall 38835 (2021) Kat:3, Licht: 0,38835,3,6,1,9,12,3,0,0,0,1,0,0,0,0
"POINT (7.223593248000043 51.476631295000061)",Unfall 38848 (2021) Kat:1, Licht: 2,38848,1,4,6,12,20,7,1,2,0,1,1,0,0,0
"POINT (7.246506063000027 51.452872199000069)",Unfall 38858 (2021) Kat:3, Licht: 0,38858,3,1,0,6,10,6,0,0,1,0,0,0,0,0
"POINT (7.212760194000055 51.471384465000028)",Unfall 38864 (2021) Kat:3, Licht: 0,38864,3,6,0,6,19,3,0,0,1,1,0,0,0,0
"POINT (7.195791909000036 51.449369843000056)",Unfall 38878 (2021) Kat:3, Licht: 0,38878,3,3,5,9,7,3,0,0,1,1,0,0,0,0
"POINT (7.221629002000043 51.483673191000037)",Unfall 38882 (2021) Kat:3, Licht: 0,38882,3,2,6,4,14,4,1,0,0,1,1,0,0,0
"POINT (7.210768123000037 51.486262142000044)",Unfall 38898 (2021) Kat:3, Licht: 0,38898,3,6,2,11,11,3,0,0,0,1,0,0,0,0
"POINT (7.259590064000065 51.503874864000068)",Unfall 38910 (2021) Kat:3, Licht: 2,38910,3,6,2,1,22,7,2,2,0,1,0,0,0,0
"POINT (7.214452782000023 51.459265907000031)",Unfall 38918 (2021) Kat:3, Licht: 1,38918,3,3,5,1,18,5,1,1,1,1,0,0,0,0
"POINT (7.325620222000055 51.458030336000036)",Unfall 38923 (2021) Kat:3, Licht: 2,38923,3,3,5,6,2,1,1,2,0,1,0,0,0,0
"POINT (7.235913814000071 51.475327973000049)",Unfall 38966 (2021) Kat:2, Licht: 0,38966,2,1,0,1,9,2,1,0,1,0,0,0,0,0
"POINT (7.213882798000043 51.471917020000035)",Unfall 38969 (2021) Kat:3, Licht: 0,38969,3,3,0,9,14,5,0,0,1,1,0,0,0,0
"POINT (7.188892958000054 51.497608939000031)",Unfall 38991 (2021) Kat:3, Licht: 0,38991,3,6,1,9,18,4,0,0,0,1,0,0,0,0
"POINT (7.231620485000064 51.447813243000041)",Unfall 39003 (2021) Kat:3, Licht: 0,39003,3,5,1,6,15,3,0,0,0,1,0,1,0,0
"POINT (7.197945132000029 51.491642592000062)",Unfall 39025 (2021) Kat:3, Licht: 2,39025,3,3,5,10,20,4,0,2,1,1,0,0,0,0
"POINT (7.217067724000060 51.478598392000038)",Unfall 39032 (2021) Kat:3, Licht: 0,39032,3,5,0,3,12,6,0,0,0,1,0,0,0,0
"POINT (7.212623851000046 51.481393354000033)",Unfall 39044 (2021) Kat:3, Licht: 0,39044,3,2,5,9,12,5,0,0,0,1,0,0,0,1
"POINT (7.202906592000033 51.502302767000060)",Unfall 39048 (2021) Kat:3, Licht: 0,39048,3,2,5,9,11,5,0,0,1,1,0,0,0,0
"POINT (7.335520444000053 51.495750247000046)",Unfall 39058 (2021) Kat:3, Licht: 0,39058,3,6,2,4,15,7,1,0,0,1,0,0,0,1
"POINT (7.236850302000050 51.459281926000074)",Unfall 39061 (2021) Kat:2, Licht: 2,39061,2,4,6,1,18,5,0,2,0,1,1,0,0,0
"POINT (7.207397755000045 51.467685953000057)",Unfall 39069 (2021) Kat:2, Licht: 0,39069,2,1,0,6,16,3,0,0,1,0,0,0,0,0
"POINT (7.180669199000022 51.467735368000035)",Unfall 39099 (2021) Kat:3, Licht: 2,39099,3,1,0,9,19,5,0,2,0,0,0,0,0,1
"POINT (7.200663591000023 51.464091976000077)",Unfall 39118 (2021) Kat:3, Licht: 2,39118,3,5,1,6,0,7,0,2,0,1,0,0,0,0
"POINT (7.212965662000045 51.481453095000063)",Unfall 39135 (2021) Kat:3, Licht: 0,39135,3,2,5,9,13,7,0,0,0,1,0,0,0,0
"POINT (7.302236755000024 51.490670516000080)",Unfall 39143 (2021) Kat:3, Licht: 0,39143,3,3,5,6,18,7,0,0,0,1,0,0,0,0
"POINT (7.188216035000039 51.507636650000052)",Unfall 39150 (2021) Kat:3, Licht: 0,39150,3,2,5,9,18,6,1,0,0,1,0,0,0,0
"POINT (7.207252931000028 51.497732966000058)",Unfall 39159 (2021) Kat:3, Licht: 0,39159,3,6,2,10,17,7,0,0,0,1,0,0,0,0
"POINT (7.188975403000029 51.496215966000079)",Unfall 39167 (2021) Kat:3, Licht: 0,39167,3,6,2,10,14,7,1,0,0,1,0,0,0,0
"POINT (7.223775400000022 51.476416553000035)",Unfall 39190 (2021) Kat:2, Licht: 0,39190,2,1,0,7,17,2,0,0,1,0,0,0,0,0
"POINT (7.283974328000056 51.500422270000058)",Unfall 39199 (2021) Kat:3, Licht: 2,39199,3,3,5,3,22,2,0,2,0,1,0,1,0,0
"POINT (7.272207958000024 51.516442858000062)",Unfall 39209 (2021) Kat:3, Licht: 0,39209,3,6,2,10,12,3,1,0,0,1,0,0,0,1
"POINT (7.206746703000022 51.480026237000061)",Unfall 39210 (2021) Kat:3, Licht: 0,39210,3,1,0,5,15,6,0,0,1,0,0,0,0,0
"POINT (7.245957022000027 51.466532533000077)",Unfall 39212 (2021) Kat:2, Licht: 0,39212,2,5,1,5,16,7,0,0,0,1,0,0,1,0
"POINT (7.230382405000057 51.450448972000061)",Unfall 39213 (2021) Kat:3, Licht: 0,39213,3,7,6,11,11,3,1,0,0,1,1,0,0,0
"POINT (7.212208443000065 51.497244435000027)",Unfall 39221 (2021) Kat:3, Licht: 0,39221,3,3,5,5,14,3,1,0,1,1,0,0,0,0
"POINT (7.290432325000040 51.454496224000081)",Unfall 39224 (2021) Kat:3, Licht: 0,39224,3,6,5,10,16,1,0,0,0,1,0,0,0,0
"POINT (7.196765002000063 51.463035354000056)",Unfall 39236 (2021) Kat:3, Licht: 0,39236,3,1,0,7,7,5,0,0,0,0,0,1,0,0
"POINT (7.256173281000031 51.493727512000078)",Unfall 39237 (2021) Kat:3, Licht: 0,39237,3,3,5,7,6,7,0,0,0,1,0,0,0,0
"POINT (7.287633747000029 51.455710241000077)",Unfall 39260 (2021) Kat:3, Licht: 0,39260,3,2,5,11,15,3,1,0,0,1,0,0,0,0
"POINT (7.252380732000063 51.511667070000044)",Unfall 39273 (2021) Kat:3, Licht: 0,39273,3,6,6,3,7,3,0,0,0,1,1,0,0,0
"POINT (7.225075740000023 51.484268723000071)",Unfall 39283 (2021) Kat:3, Licht: 2,39283,3,3,5,9,21,7,1,2,0,1,0,1,0,0
"POINT (7.261751438000033 51.494784378000077)",Unfall 39311 (2021) Kat:3, Licht: 0,39311,3,3,5,3,8,3,0,0,0,1,0,0,0,1
"POINT (7.257140612000057 51.497590363000029)",Unfall 39329 (2021) Kat:3, Licht: 0,39329,3,6,2,4,13,2,0,0,0,1,0,0,0,0
"POINT (7.181759314000033 51.481190396000045)",Unfall 39330 (2021) Kat:3, Licht: 0,39330,3,6,2,9,16,3,0,0,0,1,0,0,0,0
"POINT (7.216478130000041 51.478625231000080)",Unfall 39331 (2021) Kat:3, Licht: 0,39331,3,6,3,12,12,3,0,0,0,1,0,1,0,0
"POINT (7.206610231000070 51.479995547000044)",Unfall 39334 (2021) Kat:3, Licht: 0,39334,3,7,5,10,15,2,1,0,0,1,0,0,0,0
"POINT (7.281119423000064 51.499998680000033)",Unfall 39343 (2021) Kat:3, Licht: 0,39343,3,3,5,6,7,6,0,0,1,1,0,0,0,0
"POINT (7.211709495000036 51.487196638000057)",Unfall 39344 (2021) Kat:3, Licht: 0,39344,3,4,6,11,15,6,0,0,0,1,1,0,0,0
"POINT (7.289764106000064 51.497783577000064)",Unfall 39347 (2021) Kat:3, Licht: 2,39347,3,6,2,12,16,6,1,2,0,1,0,0,0,0
"POINT (7.215266880000058 51.475917250000066)",Unfall 39365 (2021) Kat:2, Licht: 0,39365,2,1,7,9,12,6,0,0,1,0,0,0,0,0
"POINT (7.205544438000061 51.479752147000056)",Unfall 39368 (2021) Kat:3, Licht: 1,39368,3,6,6,10,18,5,0,1,0,0,1,0,0,1
"POINT (7.227557244000025 51.429704356000059)",Unfall 39372 (2021) Kat:3, Licht: 0,39372,3,6,2,4,7,3,2,0,0,1,0,0,0,0
"POINT (7.286788670000021 51.483051200000034)",Unfall 39383 (2021) Kat:3, Licht: 0,39383,3,2,2,9,12,5,0,0,0,1,0,0,1,0
"POINT (7.188906727000074 51.498073696000063)",Unfall 39386 (2021) Kat:2, Licht: 0,39386,2,4,6,9,7,6,0,0,0,0,1,1,0,0
"POINT (7.245614933000070 51.492119951000063)",Unfall 39388 (2021) Kat:3, Licht: 2,39388,3,4,6,12,21,3,1,2,0,1,1,0,0,0
"POINT (7.230274298000040 51.477084721000040)",Unfall 39389 (2021) Kat:3, Licht: 0,39389,3,6,2,12,15,2,1,0,0,1,0,1,0,0
"POINT (7.288903443000038 51.457725876000040)",Unfall 39400 (2021) Kat:3, Licht: 0,39400,3,6,3,9,10,5,0,0,0,1,0,0,1,0
"POINT (7.189661611000076 51.495669976000045)",Unfall 39403 (2021) Kat:3, Licht: 2,39403,3,6,1,4,5,5,2,2,0,1,0,0,0,0
"POINT (7.205753066000057 51.497805841000059)",Unfall 39422 (2021) Kat:3, Licht: 0,39422,3,6,2,9,14,3,0,0,0,1,0,0,0,0
"POINT (7.200085100000024 51.508276596000030)",Unfall 39437 (2021) Kat:3, Licht: 2,39437,3,6,3,9,1,7,0,2,1,1,0,0,0,0
"POINT (7.236359297000035 51.459862923000060)",Unfall 39450 (2021) Kat:3, Licht: 0,39450,3,2,5,2,16,5,1,0,0,1,0,0,0,1
"POINT (7.213349101000063 51.518705900000043)",Unfall 39454 (2021) Kat:2, Licht: 0,39454,2,3,5,12,13,4,0,0,0,1,0,0,0,0
"POINT (7.198263548000057 51.491590361000078)",Unfall 39471 (2021) Kat:3, Licht: 0,39471,3,6,2,9,16,7,0,0,0,1,0,1,0,0
"POINT (7.217613243000073 51.470173688000045)",Unfall 39478 (2021) Kat:3, Licht: 0,39478,3,2,5,9,12,3,0,0,0,1,0,1,0,0
"POINT (7.262275016000046 51.495366794000063)",Unfall 39490 (2021) Kat:3, Licht: 1,39490,3,1,8,2,16,1,2,1,0,1,0,0,0,0
"POINT (7.253876772000069 51.517052653000064)",Unfall 39502 (2021) Kat:3, Licht: 2,39502,3,2,2,12,16,5,1,2,0,1,0,0,1,0
"POINT (7.237161058000027 51.489361711000072)",Unfall 39503 (2021) Kat:3, Licht: 0,39503,3,1,0,7,15,2,1,0,0,0,0,1,0,0
"POINT (7.206645840000022 51.489612899000065)",Unfall 39511 (2021) Kat:3, Licht: 2,39511,3,5,1,1,2,1,1,2,0,1,0,0,0,1
"POINT (7.228798182000048 51.447224391000077)",Unfall 39513 (2021) Kat:3, Licht: 0,39513,3,3,5,9,8,6,0,0,0,1,0,1,0,0
"POINT (7.211992800000075 51.500652498000079)",Unfall 39522 (2021) Kat:3, Licht: 0,39522,3,2,0,7,14,7,0,0,0,1,0,0,0,1
"POINT (7.200987786000042 51.490897399000062)",Unfall 39526 (2021) Kat:3, Licht: 0,39526,3,3,5,9,11,4,0,0,1,1,0,0,0,0
"POINT (7.251165462000074 51.518850943000075)",Unfall 39538 (2021) Kat:3, Licht: 0,39538,3,7,9,3,8,2,1,0,0,1,0,0,0,0
"POINT (7.199420254000074 51.453709731000060)",Unfall 39561 (2021) Kat:3, Licht: 0,39561,3,2,2,6,15,3,1,0,0,1,0,0,0,0
"POINT (7.273198437000076 51.520298182000033)",Unfall 39572 (2021) Kat:3, Licht: 0,39572,3,4,6,9,14,7,0,0,0,1,1,0,0,0
"POINT (7.247893440000041 51.516271539000059)",Unfall 39573 (2021) Kat:3, Licht: 0,39573,3,3,5,2,16,5,0,0,1,0,0,0,0,0
"POINT (7.239512538000042 51.490087536000033)",Unfall 39596 (2021) Kat:3, Licht: 0,39596,3,3,5,1,12,7,0,0,1,1,0,0,0,0
"POINT (7.245208887000047 51.422286353000061)",Unfall 39608 (2021) Kat:3, Licht: 1,39608,3,3,5,9,20,4,0,1,1,1,0,0,0,0
"POINT (7.277844393000066 51.487233168000046)",Unfall 39622 (2021) Kat:2, Licht: 2,39622,2,1,9,10,22,1,1,2,0,1,0,0,0,0
"POINT (7.225892372000033 51.446610257000032)",Unfall 39634 (2021) Kat:3, Licht: 0,39634,3,1,0,9,8,4,1,0,0,0,0,1,0,0
"POINT (7.275276111000039 51.519170408000036)",Unfall 39653 (2021) Kat:3, Licht: 2,39653,3,1,8,11,2,1,0,2,0,1,0,0,0,0
"POINT (7.245629298000040 51.471879974000046)",Unfall 39656 (2021) Kat:3, Licht: 0,39656,3,4,6,7,12,4,0,0,1,0,1,0,0,0
"POINT (7.319771502000037 51.473576715000036)",Unfall 39660 (2021) Kat:3, Licht: 2,39660,3,1,0,2,18,4,0,2,1,0,0,0,0,0
"POINT (7.191342889000055 51.476410135000037)",Unfall 39669 (2021) Kat:3, Licht: 0,39669,3,4,6,1,8,6,1,0,0,0,1,0,0,1
"POINT (7.256487936000042 51.512559188000068)",Unfall 39678 (2021) Kat:3, Licht: 0,39678,3,3,5,6,15,5,0,0,1,1,0,0,0,0
"POINT (7.259896391000041 51.503951764000078)",Unfall 39693 (2021) Kat:3, Licht: 0,39693,3,6,1,5,13,4,1,0,0,1,0,0,0,0
"POINT (7.289414547000035 51.495549627000059)",Unfall 39701 (2021) Kat:3, Licht: 0,39701,3,6,2,4,16,5,0,0,0,1,0,0,0,0
"POINT (7.307782911000061 51.491774641000063)",Unfall 39727 (2021) Kat:3, Licht: 0,39727,3,2,6,4,14,4,0,0,0,1,1,0,0,0
"POINT (7.213581252000040 51.480352359000051)",Unfall 39755 (2021) Kat:3, Licht: 0,39755,3,6,2,12,13,5,0,0,0,1,0,0,0,0
"POINT (7.303599163000058 51.468682149000074)",Unfall 39764 (2021) Kat:3, Licht: 0,39764,3,3,5,11,13,5,1,0,0,1,0,0,0,0
"POINT (7.188660990000074 51.500230361000035)",Unfall 39771 (2021) Kat:3, Licht: 2,39771,3,2,5,2,17,2,0,2,1,1,0,0,0,0
"POINT (7.223579151000024 51.476647866000064)",Unfall 39773 (2021) Kat:3, Licht: 0,39773,3,1,0,11,10,1,1,0,1,0,0,0,0,0
"POINT (7.208135714000036 51.526025484000058)",Unfall 39781 (2021) Kat:3, Licht: 0,39781,3,6,2,10,11,6,0,0,0,1,0,0,1,0
"POINT (7.282135182000047 51.479516063000062)",Unfall 39790 (2021) Kat:3, Licht: 2,39790,3,3,5,9,20,1,0,2,0,1,0,0,0,0
"POINT (7.210403063000058 51.440725266000072)",Unfall 39829 (2021) Kat:3, Licht: 2,39829,3,1,9,9,2,3,1,2,0,1,0,0,0,0
"POINT (7.190113165000071 51.511937318000037)",Unfall 39835 (2021) Kat:3, Licht: 0,39835,3,6,1,3,7,4,0,0,0,1,0,0,0,0
"POINT (7.183795258000032 51.480821562000074)",Unfall 39843 (2021) Kat:3, Licht: 0,39843,3,6,2,10,13,3,1,0,0,1,0,1,0,0
"POINT (7.212616389000061 51.471316027000057)",Unfall 39845 (2021) Kat:3, Licht: 2,39845,3,2,6,11,17,6,1,2,0,1,1,0,0,0
"POINT (7.221918490000064 51.492160154000032)",Unfall 39863 (2021) Kat:3, Licht: 0,39863,3,6,3,6,18,1,0,0,0,1,0,0,0,1
"POINT (7.216081466000048 51.478762575000076)",Unfall 39866 (2021) Kat:3, Licht: 0,39866,3,6,6,10,16,6,0,0,1,0,1,0,0,0
"POINT (7.200821996000059 51.490932528000030)",Unfall 39883 (2021) Kat:3, Licht: 0,39883,3,1,0,12,14,4,1,0,0,0,0,1,0,0
"POINT (7.265900508000072 51.509300714000062)",Unfall 39900 (2021) Kat:3, Licht: 0,39900,3,6,2,10,16,6,0,0,0,1,0,0,0,0
"POINT (7.195120313000075 51.477325525000026)",Unfall 39904 (2021) Kat:2, Licht: 2,39904,2,7,1,1,21,7,1,2,0,1,0,0,0,0
"POINT (7.285260986000026 51.481683139000040)",Unfall 39916 (2021) Kat:3, Licht: 0,39916,3,3,5,5,16,2,0,0,1,1,0,0,0,0
"POINT (7.241150610000034 51.490876317000073)",Unfall 39920 (2021) Kat:3, Licht: 0,39920,3,6,2,6,16,4,0,0,0,1,0,1,0,0
"POINT (7.293090469000049 51.487493041000050)",Unfall 39921 (2021) Kat:3, Licht: 0,39921,3,4,6,6,13,6,0,0,0,1,1,0,0,0
"POINT (7.216529496000021 51.472991204000039)",Unfall 39927 (2021) Kat:3, Licht: 0,39927,3,1,0,4,18,1,0,0,1,0,0,0,0,0
"POINT (7.249374019000072 51.472163774000080)",Unfall 39930 (2021) Kat:3, Licht: 0,39930,3,6,6,2,12,6,0,0,1,0,1,0,0,0
"POINT (7.180401100000040 51.435911254000075)",Unfall 39935 (2021) Kat:3, Licht: 1,39935,3,2,6,9,7,4,0,1,0,1,1,0,0,0
"POINT (7.213167197000075 51.492316501000062)",Unfall 39936 (2021) Kat:3, Licht: 0,39936,3,3,5,12,8,2,0,0,0,1,0,0,0,0
"POINT (7.203614890000040 51.479301151000072)",Unfall 39939 (2021) Kat:3, Licht: 2,39939,3,2,5,4,22,6,0,2,1,1,0,0,0,0
"POINT (7.198932786000057 51.478214302000026)",Unfall 39950 (2021) Kat:3, Licht: 2,39950,3,6,3,11,21,7,0,2,0,1,0,0,0,0
"POINT (7.224487238000052 51.457395433000045)",Unfall 39954 (2021) Kat:2, Licht: 2,39954,2,6,0,12,22,7,1,2,0,1,0,0,0,1
"POINT (7.246712673000047 51.492334618000029)",Unfall 39979 (2021) Kat:3, Licht: 0,39979,3,6,2,6,14,2,0,0,0,1,0,0,0,0
"POINT (7.276782765000064 51.489876360000039)",Unfall 40007 (2021) Kat:3, Licht: 2,40007,3,6,2,11,17,2,0,2,0,1,0,0,0,0
"POINT (7.284139315000061 51.524213239000062)",Unfall 40045 (2021) Kat:2, Licht: 0,40045,2,7,9,6,5,4,0,0,0,1,0,0,0,0
"POINT (7.188901270000031 51.502615545000026)",Unfall 40047 (2021) Kat:2, Licht: 0,40047,2,5,1,11,14,6,0,0,0,1,0,1,0,0
"POINT (7.262433714000053 51.495702402000063)",Unfall 40063 (2021) Kat:3, Licht: 0,40063,3,3,5,10,14,4,1,0,1,1,0,0,0,0
"POINT (7.204376824000065 51.479473770000027)",Unfall 40074 (2021) Kat:3, Licht: 0,40074,3,2,5,10,9,6,0,0,0,1,0,0,0,1
"POINT (7.231588837000061 51.463274908000074)",Unfall 40100 (2021) Kat:3, Licht: 0,40100,3,6,5,6,7,5,0,0,1,1,0,0,0,0
"POINT (7.237908326000024 51.517539101000068)",Unfall 40119 (2021) Kat:3, Licht: 0,40119,3,2,2,12,15,3,0,0,0,1,0,0,0,0
"POINT (7.224042465000025 51.427557063000052)",Unfall 40121 (2021) Kat:2, Licht: 0,40121,2,7,9,10,15,6,0,0,0,1,0,0,0,0
"POINT (7.216377258000023 51.478743872000052)",Unfall 40124 (2021) Kat:3, Licht: 0,40124,3,6,1,10,11,5,1,0,0,1,0,0,0,0
"POINT (7.206695476000050 51.508717693000051)",Unfall 40127 (2021) Kat:3, Licht: 2,40127,3,4,6,10,20,4,0,2,0,1,1,0,0,0
"POINT (7.259987352000053 51.505351004000033)",Unfall 40134 (2021) Kat:3, Licht: 0,40134,3,2,3,4,16,6,0,0,1,0,0,0,1,0
"POINT (7.210303697000029 51.480848835000074)",Unfall 40139 (2021) Kat:3, Licht: 0,40139,3,6,1,10,14,2,0,0,0,1,0,0,0,0
"POINT (7.194636060000050 51.487283112000057)",Unfall 40167 (2021) Kat:3, Licht: 0,40167,3,4,6,9,13,3,0,0,1,0,1,0,0,0
"POINT (7.241479119000076 51.473243277000051)",Unfall 40183 (2021) Kat:3, Licht: 0,40183,3,2,4,10,10,5,1,0,0,1,0,0,0,0
"POINT (7.278220054000030 51.485299577000035)",Unfall 40192 (2021) Kat:3, Licht: 0,40192,3,6,2,10,17,1,0,0,0,1,0,0,0,0
"POINT (7.213341121000042 51.491386607000038)",Unfall 40198 (2021) Kat:3, Licht: 1,40198,3,2,3,12,16,2,1,1,1,1,0,0,0,0
"POINT (7.203987321000056 51.452440553000031)",Unfall 40201 (2021) Kat:2, Licht: 0,40201,2,5,1,3,8,4,1,0,0,1,0,0,0,0
"POINT (7.262143625000022 51.506705025000031)",Unfall 40234 (2021) Kat:3, Licht: 0,40234,3,6,2,2,13,6,2,0,0,1,0,0,0,0
"POINT (7.221301960000062 51.460919216000036)",Unfall 40249 (2021) Kat:2, Licht: 0,40249,2,3,0,10,13,4,0,0,0,0,0,0,0,1
"POINT (7.206603767000047 51.418112296000061)",Unfall 40255 (2021) Kat:2, Licht: 2,40255,2,1,0,11,19,4,1,2,0,0,0,1,0,0
"POINT (7.250321657000029 51.493346426000073)",Unfall 40281 (2021) Kat:3, Licht: 0,40281,3,7,1,4,17,4,0,0,0,1,0,0,0,0
"POINT (7.215576206000037 51.477502559000072)",Unfall 40297 (2021) Kat:3, Licht: 0,40297,3,1,0,6,18,2,0,0,0,0,0,0,0,1
"POINT (7.280210556000043 51.454567905000033)",Unfall 40309 (2021) Kat:3, Licht: 0,40309,3,3,5,1,14,4,0,0,0,1,0,0,0,1
"POINT (7.288616965000074 51.458663951000062)",Unfall 40313 (2021) Kat:3, Licht: 1,40313,3,1,9,6,20,3,1,1,0,1,0,0,0,0
"POINT (7.322210109000025 51.467409995000025)",Unfall 40315 (2021) Kat:3, Licht: 0,40315,3,6,2,6,16,2,0,0,0,1,0,0,0,0
"POINT (7.195544133000055 51.477423057000067)",Unfall 40325 (2021) Kat:3, Licht: 0,40325,3,7,3,11,8,7,1,0,0,1,0,0,0,1
"POINT (7.251498065000021 51.514344255000026)",Unfall 40326 (2021) Kat:3, Licht: 1,40326,3,3,5,12,17,5,0,1,0,1,0,0,0,0
"POINT (7.227357965000067 51.478121478000048)",Unfall 40337 (2021) Kat:3, Licht: 0,40337,3,6,1,11,13,2,0,0,0,1,0,0,0,0
"POINT (7.189189978000059 51.497943445000033)",Unfall 40351 (2021) Kat:3, Licht: 0,40351,3,5,0,9,14,2,0,0,1,0,0,0,0,1
"POINT (7.295501383000044 51.466177804000040)",Unfall 40354 (2021) Kat:3, Licht: 0,40354,3,2,5,9,7,4,0,0,1,1,0,0,0,0
"POINT (7.266376299000058 51.496114929000044)",Unfall 40369 (2021) Kat:3, Licht: 2,40369,3,1,9,11,20,3,1,2,0,1,0,0,0,0
"POINT (7.225888014000077 51.474075680000055)",Unfall 40373 (2021) Kat:3, Licht: 0,40373,3,3,5,3,15,6,0,0,0,1,0,0,0,0
"POINT (7.246803372000045 51.461951940000063)",Unfall 40397 (2021) Kat:3, Licht: 0,40397,3,6,2,3,7,4,0,0,0,1,0,1,0,0
"POINT (7.261994526000024 51.494778122000071)",Unfall 40407 (2021) Kat:2, Licht: 0,40407,2,3,5,7,12,4,0,0,0,1,0,0,0,0
"POINT (7.191664069000069 51.493827463000059)",Unfall 40410 (2021) Kat:3, Licht: 0,40410,3,6,2,9,10,4,0,0,0,1,0,0,0,1
"POINT (7.256385812000076 51.493657796000036)",Unfall 40419 (2021) Kat:3, Licht: 0,40419,3,2,5,4,19,3,1,0,0,1,0,0,0,0
"POINT (7.222514415000035 51.511977240000078)",Unfall 40422 (2021) Kat:3, Licht: 1,40422,3,1,2,11,17,6,1,1,0,1,0,0,0,0
"POINT (7.216427770000053 51.472874516000047)",Unfall 40425 (2021) Kat:3, Licht: 0,40425,3,2,5,6,14,4,0,0,1,1,0,0,0,0
"POINT (7.210977397000022 51.484063557000070)",Unfall 40438 (2021) Kat:3, Licht: 2,40438,3,1,9,10,21,4,1,2,0,1,0,0,0,0
"POINT (7.259675593000054 51.504028564000066)",Unfall 40450 (2021) Kat:3, Licht: 0,40450,3,3,5,1,15,3,1,0,0,1,0,0,0,0
"POINT (7.214572899000075 51.472241868000026)",Unfall 40458 (2021) Kat:2, Licht: 0,40458,2,4,6,10,11,5,0,0,0,1,1,0,0,0
"POINT (7.339863675000061 51.461507586000039)",Unfall 40475 (2021) Kat:3, Licht: 0,40475,3,2,2,6,13,4,0,0,0,1,0,1,0,0
"POINT (7.287862835000055 51.500673463000055)",Unfall 40476 (2021) Kat:3, Licht: 0,40476,3,3,5,11,7,4,1,0,0,1,0,1,0,0
"POINT (7.324873913000033 51.483814979000044)",Unfall 40499 (2021) Kat:3, Licht: 0,40499,3,2,6,4,13,7,0,0,0,1,1,0,0,0
"POINT (7.213979923000068 51.498329572000046)",Unfall 40510 (2021) Kat:3, Licht: 0,40510,3,6,1,5,14,6,0,0,0,1,0,0,0,1
"POINT (7.194670113000029 51.445019190000039)",Unfall 40516 (2021) Kat:3, Licht: 0,40516,3,1,0,6,15,1,0,0,1,0,0,0,0,0