WKT,Name,OBJECTID,UKATEGORIE,UTYP1,UART,UMONAT,USTUNDE,UWOCHENTAG,STRZUSTAND,ULICHTVERH,ISTRAD,ISTPKW,ISTFUSS,ISTKRAD,ISTGKFZ,ISTSONSTIG
"POINT (7.286154250000038 51.470222887000034)",Unfall 40529 (2021) Kat:3, Licht: 0,40529,3,6,2,12,12,2,0,0,0,1,0,0,0,0
"POINT (7.292970769000021 51.456782673000077)",Unfall 40534 (2021) Kat:3, Licht: 0,40534,3,6,2,9,14,6,1,0,0,1,0,0,0,0
"POINT (7.247854691000043 51.471962498000039)",Unfall 40544 (2021) Kat:3, Licht: 0,40544,3,4,6,9,19,3,0,0,1,0,1,0,0,0
"POINT (7.233601997000051 51.458108776000074)",Unfall 40545 (2021) Kat:3, Licht: 0,40545,3,6,2,9,13,2,0,0,0,1,0,0,0,1
"POINT (7.204393671000048 51.490108265000060)",Unfall 40552 (2021) Kat:3, Licht: 0,40552,3,6,8,10,13,3,0,0,0,1,1,0,0,0
"POINT (7.283905585000070 51.501363730000037)",Unfall 40565 (2021) Kat:3, Licht: 0,40565,3,6,2,6,16,3,0,0,0,1,0,0,0,0
"POINT (7.216902744000038 51.471988734000035)",Unfall 40574 (2021) Kat:3, Licht: 0,40574,3,2,2,1,14,3,0,0,0,1,0,0,0,0
"POINT (7.192282318000025 51.454136932000040)",Unfall 40593 (2021) Kat:2, Licht: 0,40593,2,1,8,6,15,2,0,0,0,1,0,0,0,0
"POINT (7.254895335000072 51.494478394000055)",Unfall 40602 (2021) Kat:3, Licht: 2,40602,3,1,9,10,21,1,1,2,0,1,0,0,0,0
"POINT (7.221362422000027 51.478775569000049)",Unfall 40605 (2021) Kat:3, Licht: 0,40605,3,3,5,6,17,3,0,0,0,1,0,0,0,0
"POINT (7.326040946000035 51.481423243000052)",Unfall 40645 (2021) Kat:3, Licht: 0,40645,3,3,5,7,13,3,0,0,0,1,0,1,0,0
"POINT (7.194556795000040 51.487013019000074)",Unfall 40646 (2021) Kat:3, Licht: 0,40646,3,3,5,6,14,3,0,0,0,1,0,1,0,0
"POINT (7.209403349000070 51.501261128000067)",Unfall 40655 (2021) Kat:3, Licht: 0,40655,3,3,5,3,13,6,0,0,1,1,0,0,0,0
"POINT (7.249585361000072 51.493130960000030)",Unfall 40671 (2021) Kat:2, Licht: 0,40671,2,6,2,7,14,6,0,0,0,1,0,0,0,0
"POINT (7.262115653000023 51.495160533000046)",Unfall 40680 (2021) Kat:3, Licht: 2,40680,3,2,5,12,17,2,0,2,0,1,0,0,0,0
"POINT (7.192433274000052 51.452577696000048)",Unfall 40683 (2021) Kat:2, Licht: 2,40683,2,2,6,1,18,5,1,2,0,1,1,0,0,0
"POINT (7.188385063000055 51.507456334000040)",Unfall 40693 (2021) Kat:3, Licht: 2,40693,3,4,6,11,17,3,1,2,0,1,1,0,0,0
"POINT (7.257467229000042 51.463534394000078)",Unfall 40699 (2021) Kat:3, Licht: 0,40699,3,7,5,7,17,5,1,0,0,1,0,0,0,0
"POINT (7.205853178000041 51.479825296000058)",Unfall 40740 (2021) Kat:3, Licht: 0,40740,3,1,0,2,15,6,0,0,1,0,0,0,0,0
"POINT (7.237796846000037 51.474618106000037)",Unfall 40747 (2021) Kat:3, Licht: 0,40747,3,3,5,10,9,6,0,0,0,1,0,1,0,0
"POINT (7.222768761000054 51.477570330000049)",Unfall 40749 (2021) Kat:3, Licht: 0,40749,3,6,2,11,16,4,1,0,0,1,0,0,0,0
"POINT (7.312824162000027 51.473033571000030)",Unfall 40762 (2021) Kat:3, Licht: 0,40762,3,3,5,10,11,5,0,0,1,1,0,0,0,0
"POINT (7.279411261000064 51.497042987000043)",Unfall 40766 (2021) Kat:3, Licht: 0,40766,3,7,2,5,14,2,0,0,0,1,0,0,0,0
"POINT (7.221383749000040 51.478782478000028)",Unfall 40787 (2021) Kat:2, Licht: 2,40787,2,3,5,6,22,3,1,2,0,1,0,0,0,1
"POINT (7.211238271000070 51.498109236000062)",Unfall 40804 (2021) Kat:3, Licht: 2,40804,3,1,9,1,0,1,1,2,0,1,0,0,0,0
"POINT (7.181545848000042 51.480662569000060)",Unfall 40823 (2021) Kat:3, Licht: 2,40823,3,1,8,3,0,3,0,2,0,1,0,0,0,0
"POINT (7.212867900000049 51.517637759000081)",Unfall 40824 (2021) Kat:3, Licht: 0,40824,3,5,1,3,15,2,0,0,0,1,0,0,0,0
"POINT (7.226061571000059 51.446657920000064)",Unfall 40830 (2021) Kat:3, Licht: 0,40830,3,2,3,4,11,4,0,0,1,1,0,0,0,0
"POINT (7.241893846000039 51.491098199000078)",Unfall 40843 (2021) Kat:3, Licht: 0,40843,3,1,0,12,14,3,0,0,0,0,0,1,0,0
"POINT (7.303633797000032 51.487822060000042)",Unfall 40865 (2021) Kat:3, Licht: 0,40865,3,2,2,9,12,5,0,0,0,1,0,0,0,0
"POINT (7.188045394000028 51.495598343000040)",Unfall 40871 (2021) Kat:3, Licht: 0,40871,3,6,2,5,13,5,1,0,0,1,0,0,0,0
"POINT (7.237820953000039 51.474609125000029)",Unfall 40872 (2021) Kat:3, Licht: 0,40872,3,3,5,5,7,5,0,0,0,1,0,0,0,0
"POINT (7.222618193000073 51.511952597000061)",Unfall 40874 (2021) Kat:3, Licht: 0,40874,3,6,2,11,14,6,0,0,0,1,0,0,0,0
"POINT (7.216425113000071 51.486510475000046)",Unfall 40877 (2021) Kat:3, Licht: 0,40877,3,3,5,9,11,6,0,0,1,1,0,0,0,0
"POINT (7.315825989000075 51.470215280000048)",Unfall 40888 (2021) Kat:3, Licht: 0,40888,3,4,6,12,14,7,1,0,0,1,1,0,0,0
"POINT (7.236487331000035 51.459480808000080)",Unfall 40909 (2021) Kat:3, Licht: 0,40909,3,1,7,12,12,2,2,0,0,1,0,0,0,0
"POINT (7.306815057000051 51.469737833000067)",Unfall 40923 (2021) Kat:3, Licht: 0,40923,3,1,0,5,12,2,1,0,0,0,0,1,0,0
"POINT (7.211100663000025 51.470594335000044)",Unfall 49752 (2021) Kat:3, Licht: 0,49752,3,1,0,7,20,7,0,0,0,0,0,1,0,0
"POINT (7.259949722000044 51.502779656000030)",Unfall 49798 (2021) Kat:3, Licht: 2,49798,3,6,3,8,22,6,0,2,0,1,0,0,0,0
"POINT (7.146045484000069 51.447997550000082)",Unfall 49804 (2021) Kat:3, Licht: 0,49804,3,6,2,7,16,5,0,0,0,1,0,0,0,1
"POINT (7.250810774000058 51.465223916000070)",Unfall 49807 (2021) Kat:3, Licht: 0,49807,3,6,1,8,11,4,0,0,0,1,0,0,1,0
"POINT (7.244425038000031 51.428642207000053)",Unfall 49839 (2021) Kat:3, Licht: 0,49839,3,7,1,8,17,1,1,0,0,1,0,0,0,1
"POINT (7.151832150000075 51.475337984000078)",Unfall 49851 (2021) Kat:3, Licht: 0,49851,3,6,2,8,17,2,0,0,0,1,0,0,0,0
"POINT (7.259817564000059 51.463635833000069)",Unfall 49882 (2021) Kat:3, Licht: 0,49882,3,5,1,7,14,6,0,0,0,0,0,1,1,0
"POINT (7.289276305000044 51.497483920000036)",Unfall 49889 (2021) Kat:3, Licht: 0,49889,3,6,2,7,9,4,1,0,0,1,0,0,0,0
"POINT (7.200261494000074 51.478530395000064)",Unfall 49895 (2021) Kat:3, Licht: 2,49895,3,5,2,8,23,7,0,2,0,1,0,0,0,0
"POINT (7.215876394000077 51.474709055000062)",Unfall 49932 (2021) Kat:3, Licht: 0,49932,3,4,0,7,19,6,0,0,1,0,1,0,0,0
"POINT (7.257637010000053 51.512672170000030)",Unfall 49936 (2021) Kat:3, Licht: 0,49936,3,2,2,8,18,7,0,0,0,1,0,0,0,0
"POINT (7.213012011000046 51.493140922000066)",Unfall 50023 (2021) Kat:2, Licht: 1,50023,2,2,5,8,18,3,1,1,1,1,0,0,0,0
"POINT (7.251655814000060 51.493583868000030)",Unfall 50102 (2021) Kat:2, Licht: 1,50102,2,1,0,7,21,6,1,1,1,0,0,0,0,0
"POINT (7.241371171000026 51.455440038000063)",Unfall 50104 (2021) Kat:2, Licht: 0,50104,2,2,5,8,17,2,0,0,0,1,0,0,0,1
"POINT (7.191397482000070 51.473571780000043)",Unfall 50108 (2021) Kat:2, Licht: 0,50108,2,1,1,7,11,1,0,0,0,1,0,0,0,0
"POINT (7.257958855000027 51.512738132000038)",Unfall 50132 (2021) Kat:3, Licht: 0,50132,3,6,2,4,13,1,0,0,1,1,0,0,0,0
"POINT (7.255123883000067 51.486357518000034)",Unfall 50138 (2021) Kat:3, Licht: 0,50138,3,6,3,8,11,3,0,0,0,1,0,0,0,0
"POINT (7.278084466000053 51.484900828000036)",Unfall 50154 (2021) Kat:3, Licht: 0,50154,3,6,2,7,15,7,0,0,0,1,0,0,0,0
"POINT (7.149498346000030 51.447993375000067)",Unfall 50156 (2021) Kat:2, Licht: 2,50156,2,1,1,8,22,7,0,2,0,0,0,1,1,0
"POINT (7.288564182000073 51.463940358000059)",Unfall 50166 (2021) Kat:3, Licht: 0,50166,3,6,2,8,16,3,0,0,0,1,0,0,0,1
"POINT (7.195257608000077 51.492321290000064)",Unfall 50178 (2021) Kat:3, Licht: 2,50178,3,6,2,7,0,2,0,2,0,1,0,0,0,0
"POINT (7.178505251000047 51.481856834000041)",Unfall 50209 (2021) Kat:3, Licht: 0,50209,3,6,3,7,16,4,1,0,0,1,0,0,0,0
"POINT (7.197003525000071 51.496434614000066)",Unfall 50220 (2021) Kat:3, Licht: 0,50220,3,6,2,7,14,7,0,0,0,1,0,0,0,1
"POINT (7.263266389000023 51.462549763000027)",Unfall 50247 (2021) Kat:3, Licht: 0,50247,3,3,5,8,14,4,0,0,0,1,0,0,0,0
"POINT (7.223481788000072 51.479938108000056)",Unfall 50251 (2021) Kat:3, Licht: 0,50251,3,6,2,8,9,3,0,0,0,1,0,0,0,0
"POINT (7.205177402000061 51.458123503000081)",Unfall 50261 (2021) Kat:3, Licht: 2,50261,3,1,3,5,12,4,0,2,0,1,0,0,0,0
"POINT (7.129159624000067 51.472945285000037)",Unfall 50265 (2021) Kat:3, Licht: 0,50265,3,6,2,8,10,6,0,0,0,1,0,0,0,0
"POINT (7.235383605000038 51.494257732000051)",Unfall 50301 (2021) Kat:3, Licht: 2,50301,3,1,8,7,2,4,1,2,0,0,0,0,1,0
"POINT (7.223481788000072 51.479938108000056)",Unfall 50307 (2021) Kat:3, Licht: 0,50307,3,6,2,8,11,5,1,0,0,1,0,0,0,0
"POINT (7.167798521000066 51.425228410000045)",Unfall 50308 (2021) Kat:3, Licht: 0,50308,3,1,8,8,19,1,0,0,0,0,0,1,0,0
"POINT (7.257391585000050 51.512675404000049)",Unfall 50310 (2021) Kat:3, Licht: 0,50310,3,3,5,6,6,4,0,0,0,1,0,1,0,0
"POINT (7.251118619000067 51.472297756000046)",Unfall 50322 (2021) Kat:3, Licht: 0,50322,3,6,2,8,19,7,0,0,0,1,0,0,0,0
"POINT (7.205135901000062 51.479654297000081)",Unfall 50329 (2021) Kat:2, Licht: 0,50329,2,1,0,8,8,4,1,0,0,0,0,1,0,0
"POINT (7.202156227000046 51.490627533000065)",Unfall 50352 (2021) Kat:3, Licht: 0,50352,3,1,0,8,13,2,1,0,0,0,0,1,0,0
"POINT (7.212417980000055 51.496203500000036)",Unfall 50365 (2021) Kat:3, Licht: 0,50365,3,5,2,8,14,4,0,0,0,1,0,0,0,0
"POINT (7.247173889000067 51.495402424000076)",Unfall 50380 (2021) Kat:2, Licht: 0,50380,2,3,5,6,8,3,0,0,0,1,0,0,0,0
"POINT (7.211479827000062 51.455433321000044)",Unfall 50396 (2021) Kat:3, Licht: 0,50396,3,1,9,8,7,4,1,0,0,1,0,0,0,0
"POINT (7.212956213000041 51.481466839000063)",Unfall 50426 (2021) Kat:3, Licht: 0,50426,3,6,2,8,14,1,0,0,0,1,0,0,0,0
"POINT (7.221814706000032 51.483547149000060)",Unfall 50431 (2021) Kat:2, Licht: 2,50431,2,1,0,8,0,7,0,2,1,0,0,0,0,0
"POINT (7.303571563000048 51.468674602000078)",Unfall 50477 (2021) Kat:2, Licht: 0,50477,2,1,0,7,20,6,0,0,1,0,0,0,0,0
"POINT (7.212956213000041 51.481466839000063)",Unfall 50504 (2021) Kat:3, Licht: 0,50504,3,3,5,1,15,4,0,0,0,1,0,0,0,0
"POINT (7.260261493000030 51.493888195000068)",Unfall 50530 (2021) Kat:2, Licht: 0,50530,2,1,0,8,11,7,1,0,1,0,0,0,0,0
"POINT (7.207267767000076 51.467569324000067)",Unfall 50550 (2021) Kat:3, Licht: 0,50550,3,6,3,8,8,4,1,0,1,1,0,0,0,0
"POINT (7.260799034000058 51.495092935000059)",Unfall 50588 (2021) Kat:3, Licht: 0,50588,3,6,3,8,16,4,0,0,0,1,0,0,0,0
"POINT (7.212685041000043 51.504131339000025)",Unfall 50599 (2021) Kat:3, Licht: 0,50599,3,2,5,8,7,3,0,0,1,0,0,0,0,0
"POINT (7.202156227000046 51.490627533000065)",Unfall 50603 (2021) Kat:3, Licht: 0,50603,3,6,2,8,13,7,1,0,0,1,0,1,0,0
"POINT (7.207383442000037 51.467673711000032)",Unfall 50610 (2021) Kat:3, Licht: 0,50610,3,6,0,7,8,3,0,0,1,0,0,0,1,0
"POINT (7.278092460000039 51.484856158000071)",Unfall 50621 (2021) Kat:3, Licht: 0,50621,3,6,1,8,13,5,0,0,0,1,0,0,0,1
"POINT (7.206972734000033 51.497702802000049)",Unfall 50656 (2021) Kat:2, Licht: 0,50656,2,6,2,7,20,2,0,0,0,1,0,0,0,0
"POINT (7.213371890000076 51.491229288000056)",Unfall 50670 (2021) Kat:3, Licht: 0,50670,3,6,2,8,14,3,0,0,0,1,0,0,1,0
"POINT (7.280771608000066 51.480199549000076)",Unfall 50701 (2021) Kat:2, Licht: 0,50701,2,1,8,7,17,6,0,0,0,0,0,1,0,0
"POINT (7.128382113000043 51.474274495000031)",Unfall 50716 (2021) Kat:3, Licht: 0,50716,3,1,9,8,16,1,1,0,0,1,0,0,0,0
"POINT (7.203715246000058 51.490267122000034)",Unfall 50726 (2021) Kat:3, Licht: 0,50726,3,5,0,8,19,5,0,0,1,0,0,0,0,1
"POINT (7.229417726000065 51.456471958000066)",Unfall 50737 (2021) Kat:2, Licht: 0,50737,2,6,2,8,9,6,0,0,0,1,0,0,1,0
"POINT (7.232466957000042 51.476567121000073)",Unfall 50741 (2021) Kat:3, Licht: 2,50741,3,1,0,7,2,1,0,2,1,0,0,0,0,0
"POINT (7.144893020000040 51.471863318000032)",Unfall 50809 (2021) Kat:3, Licht: 0,50809,3,2,5,7,14,3,0,0,1,1,0,0,0,0
"POINT (7.244932217000041 51.445155900000032)",Unfall 50867 (2021) Kat:3, Licht: 0,50867,3,3,5,6,10,5,0,0,0,1,0,1,0,0
"POINT (7.193798190000052 51.477024049000079)",Unfall 50914 (2021) Kat:3, Licht: 0,50914,3,2,6,4,15,3,0,0,0,1,1,0,0,0
"POINT (7.154369128000042 51.460617520000028)",Unfall 50934 (2021) Kat:2, Licht: 0,50934,2,6,3,4,19,3,0,0,1,1,0,0,0,0
"POINT (7.212827455000024 51.517550290000031)",Unfall 50937 (2021) Kat:2, Licht: 0,50937,2,1,0,8,18,2,0,0,1,0,0,0,0,0
"POINT (7.195737272000031 51.440988890000028)",Unfall 50960 (2021) Kat:3, Licht: 0,50960,3,6,4,7,17,7,1,0,0,1,0,0,0,0
"POINT (7.211869970000066 51.500106981000044)",Unfall 50972 (2021) Kat:3, Licht: 0,50972,3,6,6,8,10,5,0,0,0,1,1,0,0,0
"POINT (7.314530609000030 51.470755990000043)",Unfall 51023 (2021) Kat:3, Licht: 0,51023,3,5,3,4,7,2,0,0,1,1,0,0,0,0
"POINT (7.232192591000057 51.505300992000059)",Unfall 51035 (2021) Kat:3, Licht: 0,51035,3,1,0,8,11,5,1,0,0,0,0,1,0,0
"POINT (7.209052724000060 51.488619017000076)",Unfall 51039 (2021) Kat:3, Licht: 0,51039,3,2,5,8,15,5,0,0,1,1,0,0,0,0
"POINT (7.129777223000076 51.482755951000058)",Unfall 51056 (2021) Kat:3, Licht: 0,51056,3,6,2,4,6,5,0,0,0,1,0,0,0,0
"POINT (7.173563368000032 51.456361642000047)",Unfall 51068 (2021) Kat:3, Licht: 0,51068,3,5,1,7,20,5,0,0,0,1,0,0,0,1
"POINT (7.150252027000022 51.475043075000031)",Unfall 51088 (2021) Kat:3, Licht: 0,51088,3,6,2,8,6,3,0,0,0,1,0,0,0,0
"POINT (7.200843171000031 51.490927216000046)",Unfall 51121 (2021) Kat:3, Licht: 0,51121,3,3,5,8,17,1,1,0,0,1,0,0,0,1
"POINT (7.245818131000021 51.471862658000077)",Unfall 51161 (2021) Kat:3, Licht: 0,51161,3,2,5,7,12,7,0,0,0,0,0,0,0,1
"POINT (7.255575205000071 51.485272969000050)",Unfall 51171 (2021) Kat:3, Licht: 0,51171,3,6,2,3,17,3,0,0,0,1,0,0,0,0
"POINT (7.228266883000060 51.499978905000035)",Unfall 51223 (2021) Kat:2, Licht: 0,51223,2,3,5,8,11,4,0,0,1,1,0,0,0,0
"POINT (7.190687841000056 51.492614709000065)",Unfall 51276 (2021) Kat:3, Licht: 0,51276,3,6,2,8,14,7,0,0,0,1,0,0,0,0
"POINT (7.291782549000061 51.486918113000058)",Unfall 51290 (2021) Kat:3, Licht: 0,51290,3,6,2,8,12,4,0,0,0,1,0,0,0,0
"POINT (7.262907355000038 51.462963760000036)",Unfall 51345 (2021) Kat:3, Licht: 0,51345,3,6,3,8,13,3,0,0,0,1,0,0,0,0
"POINT (7.210807307000039 51.486588340000026)",Unfall 51375 (2021) Kat:3, Licht: 0,51375,3,6,2,6,16,7,0,0,0,1,0,1,0,0
"POINT (7.147423227000047 51.461699720000070)",Unfall 53487 (2021) Kat:3, Licht: 0,53487,3,3,5,7,12,3,0,0,1,1,0,0,0,0
"POINT (7.223251740000023 51.479921277000074)",Unfall 53593 (2021) Kat:3, Licht: 0,53593,3,6,0,8,10,3,0,0,0,0,1,0,0,1
"POINT (7.211574860000042 51.514820942000028)",Unfall 53648 (2021) Kat:3, Licht: 0,53648,3,3,5,7,15,6,0,0,1,1,0,0,0,0
"POINT (7.213233607000063 51.491951527000026)",Unfall 53957 (2021) Kat:2, Licht: 2,53957,2,1,1,8,4,1,1,2,0,1,0,0,0,0
"POINT (7.260534127000028 51.505200084000080)",Unfall 54028 (2021) Kat:3, Licht: 0,54028,3,4,6,5,14,7,0,0,0,1,1,0,0,0
"POINT (7.192785788000037 51.493359130000044)",Unfall 54061 (2021) Kat:2, Licht: 0,54061,2,1,0,8,19,7,0,0,1,0,0,0,0,0
"POINT (7.215227721000076 51.478723177000063)",Unfall 54121 (2021) Kat:3, Licht: 2,54121,3,6,2,7,21,7,1,2,0,1,0,0,0,0
"POINT (7.165551705000041 51.486397587000056)",Unfall 54122 (2021) Kat:3, Licht: 0,54122,3,1,0,6,16,1,1,0,0,0,0,1,0,0
"POINT (7.232270774000028 51.463356226000030)",Unfall 54333 (2021) Kat:3, Licht: 0,54333,3,2,6,7,11,4,0,0,0,1,1,0,0,0
"POINT (7.262586774000056 51.448831663000078)",Unfall 54391 (2021) Kat:3, Licht: 0,54391,3,6,2,8,9,2,1,0,1,1,0,0,0,0
"POINT (7.193739153000024 51.480401185000062)",Unfall 54569 (2021) Kat:3, Licht: 0,54569,3,6,2,7,14,7,0,0,1,1,0,0,0,0
"POINT (7.199475949000032 51.478344318000040)",Unfall 54613 (2021) Kat:3, Licht: 1,54613,3,7,0,8,19,3,0,1,0,1,0,0,0,1
"POINT (7.136379883000075 51.469329422000044)",Unfall 161181 (2021) Kat:3, Licht: 0,161181,3,3,5,12,12,1,1,0,0,1,0,0,0,1
"POINT (7.161412624000036 51.488783853000029)",Unfall 161187 (2021) Kat:2, Licht: 0,161187,2,3,5,12,12,6,1,0,0,1,0,1,1,0
"POINT (7.143316531000039 51.496355212000026)",Unfall 161196 (2021) Kat:3, Licht: 0,161196,3,3,5,4,17,5,0,0,1,1,0,0,0,0
"POINT (7.130619602000024 51.468802361000030)",Unfall 161226 (2021) Kat:3, Licht: 0,161226,3,6,3,12,12,6,1,0,0,1,0,0,0,0
"POINT (7.140339090000055 51.475379846000067)",Unfall 161233 (2021) Kat:3, Licht: 0,161233,3,6,2,9,17,1,0,0,0,1,0,0,0,0
"POINT (7.146696055000064 51.455882753000026)",Unfall 161235 (2021) Kat:3, Licht: 0,161235,3,4,6,11,15,1,1,0,0,1,1,0,0,0
"POINT (7.137116907000063 51.478698438000038)",Unfall 161259 (2021) Kat:3, Licht: 0,161259,3,6,1,9,18,2,0,0,1,1,0,0,0,0
"POINT (7.143449850000025 51.469543383000030)",Unfall 161272 (2021) Kat:3, Licht: 2,161272,3,5,1,9,19,6,0,2,0,1,0,0,0,0
"POINT (7.150640064000072 51.469864388000076)",Unfall 161273 (2021) Kat:3, Licht: 2,161273,3,6,0,9,21,2,1,2,0,0,1,1,0,0
"POINT (7.138277266000046 51.478346133000059)",Unfall 161299 (2021) Kat:3, Licht: 0,161299,3,3,0,3,14,6,0,0,0,1,0,0,0,1
"POINT (7.174028910000061 51.455464019000033)",Unfall 161322 (2021) Kat:3, Licht: 0,161322,3,4,6,2,16,1,2,0,0,1,1,0,0,0
"POINT (7.144036796000023 51.495794376000049)",Unfall 161366 (2021) Kat:3, Licht: 0,161366,3,7,6,9,16,5,0,0,0,1,1,0,0,0
"POINT (7.161288166000077 51.441664327000069)",Unfall 161368 (2021) Kat:3, Licht: 1,161368,3,5,1,9,19,5,0,1,1,1,0,0,0,0
"POINT (7.187042965000046 51.425362422000035)",Unfall 161391 (2021) Kat:3, Licht: 0,161391,3,6,6,7,9,5,0,0,0,1,1,0,0,0
"POINT (7.179302025000027 51.447693625000056)",Unfall 161419 (2021) Kat:3, Licht: 2,161419,3,1,9,5,22,3,1,2,0,0,0,1,0,0
"POINT (7.138963040000021 51.480392851000033)",Unfall 161444 (2021) Kat:2, Licht: 0,161444,2,6,6,11,14,2,0,0,0,0,1,0,0,1
"POINT (7.149152244000049 51.458852649000050)",Unfall 161475 (2021) Kat:3, Licht: 0,161475,3,5,1,7,19,6,0,0,0,1,0,0,0,0
"POINT (7.161194805000036 51.426277381000034)",Unfall 161490 (2021) Kat:3, Licht: 0,161490,3,3,5,2,16,1,0,0,0,1,0,0,0,1
"POINT (7.142548694000027 51.471003365000058)",Unfall 161501 (2021) Kat:3, Licht: 2,161501,3,1,0,11,20,7,1,2,0,0,0,1,0,0
"POINT (7.132548656000040 51.482992081000077)",Unfall 161525 (2021) Kat:2, Licht: 0,161525,2,7,3,9,6,3,0,0,0,1,0,0,0,1
"POINT (7.156461620000073 51.478213959000072)",Unfall 161541 (2021) Kat:3, Licht: 2,161541,3,5,1,12,21,4,0,2,0,1,0,0,0,1
"POINT (7.161327886000038 51.426494863000073)",Unfall 161548 (2021) Kat:3, Licht: 0,161548,3,6,2,5,13,2,0,0,0,1,0,0,0,0
"POINT (7.162946463000026 51.427585358000044)",Unfall 161571 (2021) Kat:3, Licht: 0,161571,3,4,6,9,14,5,0,0,0,1,1,0,0,0
"POINT (7.138609169000063 51.431808553000053)",Unfall 161595 (2021) Kat:3, Licht: 0,161595,3,3,5,3,13,6,0,0,1,1,0,0,0,0
"POINT (7.169436586000074 51.446637115000044)",Unfall 161603 (2021) Kat:3, Licht: 0,161603,3,3,5,9,16,5,0,0,1,1,0,0,0,0
"POINT (7.137787259000049 51.482800799000074)",Unfall 161645 (2021) Kat:3, Licht: 2,161645,3,4,6,11,18,6,1,2,0,1,1,0,0,0
"POINT (7.147452541000064 51.494243874000063)",Unfall 161647 (2021) Kat:3, Licht: 0,161647,3,1,8,9,11,4,0,0,0,1,0,0,0,0
"POINT (7.160719674000063 51.432672775000071)",Unfall 161650 (2021) Kat:3, Licht: 0,161650,3,6,2,4,17,3,0,0,0,0,0,1,0,0
"POINT (7.152517902000056 51.478354601000035)",Unfall 161656 (2021) Kat:3, Licht: 0,161656,3,6,0,10,13,3,0,0,1,1,0,0,0,0
"POINT (7.159543520000057 51.425421716000074)",Unfall 161658 (2021) Kat:1, Licht: 1,161658,1,4,6,12,8,3,1,1,0,1,1,0,0,0
"POINT (7.140498971000056 51.480022649000034)",Unfall 161668 (2021) Kat:3, Licht: 0,161668,3,7,6,3,15,2,1,0,0,1,1,0,0,0
"POINT (7.154603480000048 51.462463346000050)",Unfall 161682 (2021) Kat:3, Licht: 0,161682,3,3,5,6,14,2,0,0,0,1,0,1,0,0
"POINT (7.159399576000055 51.418152706000058)",Unfall 161711 (2021) Kat:3, Licht: 2,161711,3,7,1,2,19,6,0,2,0,1,0,1,0,0
"POINT (7.140809017000038 51.473981360000039)",Unfall 161712 (2021) Kat:3, Licht: 1,161712,3,2,2,11,17,4,1,1,0,1,0,0,0,1
"POINT (7.128578460000028 51.455193660000077)",Unfall 161725 (2021) Kat:3, Licht: 0,161725,3,1,0,5,16,3,1,0,0,0,0,1,0,0
"POINT (7.113070512000036 51.482490152000082)",Unfall 161734 (2021) Kat:3, Licht: 0,161734,3,1,1,6,10,7,0,0,0,1,0,0,0,0
"POINT (7.161483386000043 51.424399351000034)",Unfall 161781 (2021) Kat:3, Licht: 0,161781,3,1,0,9,15,2,0,0,1,0,0,0,0,0
"POINT (7.156629073000033 51.470572487000027)",Unfall 161800 (2021) Kat:3, Licht: 0,161800,3,6,3,9,19,6,0,0,1,1,0,0,0,0
"POINT (7.165278217000036 51.425981171000046)",Unfall 161841 (2021) Kat:2, Licht: 0,161841,2,3,5,5,13,4,0,0,1,1,0,0,0,0
"POINT (7.171598696000046 51.437691193000035)",Unfall 161868 (2021) Kat:3, Licht: 0,161868,3,6,8,11,13,4,1,0,0,1,0,0,0,1
"POINT (7.136379595000051 51.469329878000053)",Unfall 161887 (2021) Kat:3, Licht: 0,161887,3,3,0,2,15,3,0,0,0,1,0,1,0,0
"POINT (7.118397317000074 51.471504646000028)",Unfall 161892 (2021) Kat:3, Licht: 2,161892,3,1,0,11,20,1,1,2,0,1,0,0,0,0
"POINT (7.185746781000034 51.493160183000043)",Unfall 161897 (2021) Kat:3, Licht: 0,161897,3,1,0,6,20,6,0,0,1,0,0,0,0,0
"POINT (7.160467177000044 51.437003586000060)",Unfall 161903 (2021) Kat:3, Licht: 0,161903,3,7,2,9,18,3,0,0,0,0,0,1,0,1
"POINT (7.133952056000055 51.461631828000066)",Unfall 161926 (2021) Kat:3, Licht: 2,161926,3,5,1,11,16,4,1,2,0,1,0,0,0,0
"POINT (7.140833285000042 51.474031347000050)",Unfall 161933 (2021) Kat:3, Licht: 0,161933,3,3,5,3,14,3,1,0,0,1,0,0,0,0
"POINT (7.161401004000027 51.424448444000063)",Unfall 161949 (2021) Kat:2, Licht: 0,161949,2,1,0,5,15,7,1,0,1,0,0,0,0,0
"POINT (7.181034218000036 51.489571475000048)",Unfall 161965 (2021) Kat:2, Licht: 0,161965,2,6,4,9,17,2,0,0,0,1,0,0,0,0
"POINT (7.136066288000052 51.469824093000057)",Unfall 162012 (2021) Kat:3, Licht: 0,162012,3,3,5,5,13,7,0,0,0,1,0,0,0,0
"POINT (7.139225612000075 51.457542664000073)",Unfall 162028 (2021) Kat:3, Licht: 0,162028,3,3,5,6,20,5,0,0,1,1,0,0,0,0
"POINT (7.145451978000040 51.500798197000051)",Unfall 162041 (2021) Kat:2, Licht: 0,162041,2,4,6,6,19,7,0,0,0,1,1,0,0,0
"POINT (7.184331101000055 51.488067017000049)",Unfall 162085 (2021) Kat:3, Licht: 2,162085,3,1,9,3,20,1,0,2,0,1,0,0,0,0