WKT,Name,OBJECTID,UKATEGORIE,UTYP1,UART,UMONAT,USTUNDE,UWOCHENTAG,STRZUSTAND,ULICHTVERH,ISTRAD,ISTPKW,ISTFUSS,ISTKRAD,ISTGKFZ,ISTSONSTIG
"POINT (7.153415861000042 51.455470513000080)",Unfall 162114 (2021) Kat:3, Licht: 0,162114,3,4,6,6,12,6,0,0,0,1,1,0,0,0
"POINT (7.139996154000073 51.473909733000028)",Unfall 162127 (2021) Kat:3, Licht: 2,162127,3,4,6,2,18,2,2,2,0,1,1,0,0,0
"POINT (7.139660731000049 51.480147229000067)",Unfall 162157 (2021) Kat:3, Licht: 0,162157,3,6,6,2,16,2,1,0,1,0,1,0,0,0
"POINT (7.163694223000050 51.428032199000029)",Unfall 162190 (2021) Kat:3, Licht: 0,162190,3,2,5,12,15,2,1,0,1,1,0,0,0,0
"POINT (7.120186710000041 51.480545572000040)",Unfall 162219 (2021) Kat:3, Licht: 1,162219,3,5,0,10,18,5,0,1,0,1,0,0,0,1
"POINT (7.138866710000059 51.480510183000035)",Unfall 162224 (2021) Kat:3, Licht: 0,162224,3,6,2,5,19,1,0,0,0,1,0,0,0,0
"POINT (7.143354661000046 51.496382539000081)",Unfall 162238 (2021) Kat:3, Licht: 0,162238,3,3,5,7,9,4,0,0,0,1,0,0,0,0
"POINT (7.144825256000047 51.477802956000062)",Unfall 162251 (2021) Kat:3, Licht: 1,162251,3,5,1,4,20,1,0,1,0,1,0,0,0,0
"POINT (7.137920083000040 51.481406954000079)",Unfall 162314 (2021) Kat:3, Licht: 2,162314,3,6,3,1,17,5,0,2,0,1,0,0,0,1
"POINT (7.261242089000064 51.500083693000079)",Unfall 162315 (2021) Kat:3, Licht: 0,162315,3,6,6,10,13,3,0,0,0,1,1,0,0,0
"POINT (7.311679931000072 51.460207791000073)",Unfall 162329 (2021) Kat:3, Licht: 0,162329,3,2,8,12,14,5,0,0,0,1,0,0,0,0
"POINT (7.282001855000033 51.482139890000042)",Unfall 162334 (2021) Kat:2, Licht: 0,162334,2,7,9,1,11,4,1,0,0,1,0,0,0,0
"POINT (7.302010040000027 51.477936184000043)",Unfall 162360 (2021) Kat:3, Licht: 2,162360,3,2,2,2,18,3,1,2,0,1,0,0,0,0
"POINT (7.215604880000058 51.483156231000066)",Unfall 162371 (2021) Kat:2, Licht: 0,162371,2,4,0,10,14,2,0,0,0,0,1,0,0,1
"POINT (7.301682085000039 51.477530996000041)",Unfall 162384 (2021) Kat:3, Licht: 0,162384,3,3,5,3,14,2,1,0,1,1,0,0,0,0
"POINT (7.217685461000031 51.488255617000050)",Unfall 162385 (2021) Kat:3, Licht: 0,162385,3,1,0,10,17,5,1,0,0,0,0,1,0,0
"POINT (7.285092667000072 51.494089836000057)",Unfall 162402 (2021) Kat:3, Licht: 0,162402,3,6,4,9,13,4,1,0,0,1,0,0,0,0
"POINT (7.270320388000073 51.468940549000081)",Unfall 162413 (2021) Kat:2, Licht: 2,162413,2,4,6,12,16,7,1,2,0,0,1,1,0,0
"POINT (7.332094028000029 51.487043516000028)",Unfall 162416 (2021) Kat:3, Licht: 0,162416,3,2,4,2,15,4,0,0,0,1,0,0,0,0
"POINT (7.332825327000023 51.475910486000032)",Unfall 162433 (2021) Kat:3, Licht: 2,162433,3,3,5,1,19,5,1,2,0,1,0,0,0,0
"POINT (7.323870727000042 51.472867401000030)",Unfall 162441 (2021) Kat:3, Licht: 2,162441,3,3,5,1,19,2,0,2,1,1,0,0,0,0
"POINT (7.214742646000047 51.485218354000040)",Unfall 162442 (2021) Kat:3, Licht: 1,162442,3,3,5,10,17,5,0,1,0,1,0,0,0,1
"POINT (7.230927459000043 51.474272861000031)",Unfall 162445 (2021) Kat:3, Licht: 2,162445,3,2,5,10,20,6,0,2,1,1,0,0,0,0
"POINT (7.258861728000056 51.501703262000035)",Unfall 162448 (2021) Kat:3, Licht: 0,162448,3,3,5,10,12,6,0,0,1,1,0,0,0,0
"POINT (7.209291304000033 51.473500720000061)",Unfall 162451 (2021) Kat:2, Licht: 1,162451,2,2,2,3,18,4,0,1,0,1,0,0,0,0
"POINT (7.222609682000041 51.473752346000026)",Unfall 162459 (2021) Kat:3, Licht: 1,162459,3,5,1,1,16,1,0,1,1,1,0,0,0,0
"POINT (7.216154696000046 51.481903468000041)",Unfall 162462 (2021) Kat:3, Licht: 0,162462,3,7,6,4,12,5,0,0,0,1,1,0,0,0
"POINT (7.339414739000063 51.478275934000067)",Unfall 162464 (2021) Kat:3, Licht: 0,162464,3,3,5,10,10,7,0,0,1,0,0,0,0,1
"POINT (7.237147807000042 51.476389011000037)",Unfall 162470 (2021) Kat:2, Licht: 0,162470,2,5,5,7,16,4,0,0,0,1,0,1,0,0
"POINT (7.288900811000076 51.522263713000029)",Unfall 162471 (2021) Kat:3, Licht: 2,162471,3,7,6,1,17,4,0,2,0,1,1,0,0,0
"POINT (7.214551170000050 51.449283153000067)",Unfall 162476 (2021) Kat:3, Licht: 2,162476,3,4,6,11,7,3,1,2,0,1,1,0,0,0
"POINT (7.238836041000070 51.491411012000071)",Unfall 162508 (2021) Kat:3, Licht: 0,162508,3,6,6,10,12,4,0,0,0,1,1,0,0,0
"POINT (7.230783948000067 51.474251610000067)",Unfall 162519 (2021) Kat:2, Licht: 0,162519,2,1,8,11,8,1,1,0,0,1,0,0,0,0
"POINT (7.214159953000035 51.450845727000058)",Unfall 162525 (2021) Kat:3, Licht: 0,162525,3,6,3,3,11,2,0,0,1,0,0,0,0,1
"POINT (7.228008900000020 51.494107296000038)",Unfall 162528 (2021) Kat:3, Licht: 0,162528,3,5,1,3,8,2,0,0,1,1,0,0,0,0
"POINT (7.218990028000064 51.482961157000034)",Unfall 162538 (2021) Kat:3, Licht: 0,162538,3,5,4,3,10,2,0,0,1,1,0,0,0,0
"POINT (7.215704162000065 51.483967331000031)",Unfall 162547 (2021) Kat:3, Licht: 1,162547,3,6,6,4,5,2,1,1,1,0,1,0,0,0
"POINT (7.194289513000058 51.476859013000080)",Unfall 162554 (2021) Kat:3, Licht: 2,162554,3,6,6,1,17,6,1,2,0,1,1,0,0,0
"POINT (7.329304666000041 51.474462555000059)",Unfall 162589 (2021) Kat:3, Licht: 0,162589,3,6,6,12,11,7,1,0,0,1,1,0,0,0
"POINT (7.269946715000060 51.492845688000045)",Unfall 162596 (2021) Kat:2, Licht: 0,162596,2,1,0,12,8,6,2,0,1,0,0,0,0,0
"POINT (7.211929101000067 51.471749083000077)",Unfall 162609 (2021) Kat:3, Licht: 0,162609,3,2,2,12,14,4,0,0,0,1,0,0,0,0
"POINT (7.218208296000057 51.473276696000028)",Unfall 162610 (2021) Kat:3, Licht: 0,162610,3,7,0,6,11,3,0,0,0,1,0,1,0,0
"POINT (7.278625796000028 51.512036418000037)",Unfall 162612 (2021) Kat:2, Licht: 0,162612,2,1,4,9,17,7,0,0,0,1,0,0,0,0
"POINT (7.332976106000046 51.466514335000056)",Unfall 162615 (2021) Kat:3, Licht: 0,162615,3,3,5,10,16,5,0,0,0,1,0,0,0,0
"POINT (7.217205220000039 51.481103654000037)",Unfall 162620 (2021) Kat:3, Licht: 0,162620,3,6,6,6,17,5,0,0,1,0,1,0,0,0
"POINT (7.275900326000055 51.457643920000066)",Unfall 162623 (2021) Kat:3, Licht: 0,162623,3,3,5,10,12,2,0,0,0,1,0,0,0,0
"POINT (7.243170755000051 51.476427161000061)",Unfall 162628 (2021) Kat:3, Licht: 2,162628,3,5,1,3,20,7,0,2,1,1,0,0,0,0
"POINT (7.332478556000069 51.476110151000057)",Unfall 162643 (2021) Kat:3, Licht: 2,162643,3,4,6,10,1,6,0,2,0,1,1,0,0,0
"POINT (7.243170629000076 51.468979519000072)",Unfall 162645 (2021) Kat:2, Licht: 0,162645,2,5,0,3,8,2,1,0,0,1,0,1,0,0
"POINT (7.190265130000057 51.455076955000038)",Unfall 162655 (2021) Kat:3, Licht: 0,162655,3,4,6,12,14,4,0,0,0,1,1,0,0,0
"POINT (7.210356913000055 51.479727368000056)",Unfall 162664 (2021) Kat:3, Licht: 1,162664,3,1,0,2,17,2,0,1,0,1,0,0,0,0
"POINT (7.221491862000050 51.480415604000029)",Unfall 162672 (2021) Kat:2, Licht: 2,162672,2,4,6,12,17,3,0,2,1,0,1,0,0,0
"POINT (7.304832755000064 51.488662243000078)",Unfall 162673 (2021) Kat:3, Licht: 2,162673,3,1,9,11,6,2,0,2,0,1,0,0,0,0
"POINT (7.288410064000061 51.494317966000040)",Unfall 162706 (2021) Kat:3, Licht: 2,162706,3,6,2,12,20,2,0,2,0,1,0,0,0,0
"POINT (7.229533426000046 51.474730984000075)",Unfall 162716 (2021) Kat:3, Licht: 0,162716,3,1,0,2,13,4,2,0,1,0,0,0,0,0
"POINT (7.276423039000065 51.475530781000032)",Unfall 162718 (2021) Kat:3, Licht: 0,162718,3,6,2,10,13,4,1,0,0,1,1,0,0,0
"POINT (7.270948000000033 51.449467065000078)",Unfall 162728 (2021) Kat:2, Licht: 0,162728,2,1,8,2,17,1,0,0,0,0,0,1,0,0
"POINT (7.319598613000039 51.471159919000058)",Unfall 162731 (2021) Kat:1, Licht: 0,162731,1,2,5,9,15,4,1,0,1,0,0,0,0,1
"POINT (7.234720100000061 51.433216407000032)",Unfall 162733 (2021) Kat:3, Licht: 2,162733,3,5,1,12,21,2,0,2,0,1,0,1,0,0
"POINT (7.288248188000068 51.475957054000048)",Unfall 162742 (2021) Kat:3, Licht: 0,162742,3,1,0,9,12,2,0,0,1,0,0,0,0,0
"POINT (7.313357686000074 51.459528063000050)",Unfall 162758 (2021) Kat:3, Licht: 2,162758,3,6,3,11,19,6,0,2,0,1,0,0,0,0
"POINT (7.240148778000048 51.490011271000071)",Unfall 162770 (2021) Kat:3, Licht: 0,162770,3,6,2,11,13,6,0,0,0,1,0,0,0,0
"POINT (7.285977288000026 51.503384401000062)",Unfall 162788 (2021) Kat:3, Licht: 0,162788,3,5,0,7,16,5,0,0,0,1,0,0,0,0
"POINT (7.304100800000072 51.468000224000036)",Unfall 162793 (2021) Kat:3, Licht: 0,162793,3,4,0,7,10,6,0,0,0,1,1,0,0,0
"POINT (7.211426586000073 51.479415059000075)",Unfall 162794 (2021) Kat:3, Licht: 0,162794,3,1,0,9,13,7,0,0,1,0,0,0,0,0
"POINT (7.248936217000050 51.485530375000053)",Unfall 162796 (2021) Kat:3, Licht: 0,162796,3,7,0,6,10,7,1,0,1,0,0,0,0,1
"POINT (7.215857744000061 51.480059619000031)",Unfall 162804 (2021) Kat:3, Licht: 0,162804,3,6,2,5,11,6,0,0,1,0,0,1,0,0
"POINT (7.204228197000020 51.477686608000056)",Unfall 162808 (2021) Kat:2, Licht: 1,162808,2,4,6,1,16,1,0,1,0,1,1,0,0,0
"POINT (7.215568573000041 51.483320474000038)",Unfall 162819 (2021) Kat:2, Licht: 0,162819,2,4,6,10,16,5,0,0,0,0,1,0,0,1
"POINT (7.268280576000052 51.456783810000047)",Unfall 162821 (2021) Kat:3, Licht: 0,162821,3,7,5,5,17,2,1,0,0,1,0,0,0,0
"POINT (7.276088029000050 51.457691987000032)",Unfall 162846 (2021) Kat:3, Licht: 0,162846,3,3,5,9,8,4,0,0,1,1,0,0,0,0
"POINT (7.288713755000060 51.475477142000045)",Unfall 162853 (2021) Kat:3, Licht: 0,162853,3,3,5,5,8,5,1,0,1,1,0,0,0,0
"POINT (7.220789060000072 51.419614575000026)",Unfall 162871 (2021) Kat:3, Licht: 0,162871,3,6,0,4,12,7,0,0,1,1,0,0,0,0
"POINT (7.226902942000038 51.451014905000079)",Unfall 162873 (2021) Kat:3, Licht: 2,162873,3,2,6,1,18,1,0,2,0,1,1,0,0,0
"POINT (7.195458849000033 51.507662906000064)",Unfall 162878 (2021) Kat:3, Licht: 2,162878,3,2,0,10,19,7,1,2,0,1,0,1,0,0
"POINT (7.209298117000060 51.473497110000039)",Unfall 162885 (2021) Kat:3, Licht: 0,162885,3,7,5,3,15,3,0,0,0,1,0,1,0,0
"POINT (7.276345638000066 51.450419046000036)",Unfall 162888 (2021) Kat:2, Licht: 2,162888,2,5,1,3,19,6,0,2,0,1,0,1,0,0
"POINT (7.340061954000021 51.458084924000048)",Unfall 162898 (2021) Kat:3, Licht: 0,162898,3,1,8,5,9,3,1,0,0,1,0,0,0,0
"POINT (7.200239424000074 51.517400228000042)",Unfall 162919 (2021) Kat:3, Licht: 0,162919,3,6,3,6,7,4,0,0,1,1,0,0,0,0
"POINT (7.218614289000072 51.483217451000030)",Unfall 162923 (2021) Kat:3, Licht: 0,162923,3,2,5,4,12,3,0,0,1,1,0,0,0,0
"POINT (7.215416230000073 51.485030271000028)",Unfall 162931 (2021) Kat:3, Licht: 2,162931,3,5,1,12,17,3,0,2,1,1,0,0,0,0
"POINT (7.248017998000023 51.494545925000068)",Unfall 162932 (2021) Kat:3, Licht: 0,162932,3,3,5,6,15,6,0,0,1,1,0,0,0,0
"POINT (7.269090963000053 51.469750423000050)",Unfall 162936 (2021) Kat:3, Licht: 0,162936,3,7,0,2,15,7,0,0,0,1,1,0,0,0
"POINT (7.323373922000030 51.472803155000065)",Unfall 162985 (2021) Kat:3, Licht: 0,162985,3,5,1,9,12,1,0,0,0,1,0,0,0,1
"POINT (7.300081777000059 51.462862578000056)",Unfall 162988 (2021) Kat:3, Licht: 0,162988,3,7,2,4,7,3,0,0,0,1,0,0,0,1
"POINT (7.283231765000039 51.478423586000076)",Unfall 162996 (2021) Kat:3, Licht: 0,162996,3,1,0,5,6,3,1,0,0,0,0,0,0,1
"POINT (7.279701633000059 51.496567286000072)",Unfall 163005 (2021) Kat:3, Licht: 0,163005,3,7,1,11,12,2,1,0,0,1,0,0,0,0
"POINT (7.190572896000049 51.456475138000030)",Unfall 163008 (2021) Kat:3, Licht: 2,163008,3,3,5,10,20,5,0,2,0,1,0,0,0,0
"POINT (7.311900887000036 51.469722271000080)",Unfall 163013 (2021) Kat:3, Licht: 0,163013,3,6,2,9,15,6,0,0,0,1,0,0,0,0
"POINT (7.198219313000038 51.461664902000052)",Unfall 163049 (2021) Kat:3, Licht: 0,163049,3,4,6,11,15,5,0,0,0,1,1,0,0,0
"POINT (7.215960041000073 51.482436538000059)",Unfall 163052 (2021) Kat:3, Licht: 0,163052,3,5,1,12,15,3,0,0,1,1,0,0,0,0
"POINT (7.217431359000045 51.481988521000062)",Unfall 163079 (2021) Kat:2, Licht: 0,163079,2,1,8,10,15,1,0,0,1,0,0,0,0,0
"POINT (7.250615935000042 51.453913747000058)",Unfall 163095 (2021) Kat:2, Licht: 0,163095,2,1,0,4,15,4,1,0,1,0,0,0,0,0
"POINT (7.197286574000032 51.447352083000055)",Unfall 163100 (2021) Kat:3, Licht: 0,163100,3,3,5,6,6,6,0,0,1,1,0,0,0,0
"POINT (7.271151831000054 51.452752548000035)",Unfall 163107 (2021) Kat:2, Licht: 0,163107,2,7,0,6,14,4,0,0,1,0,0,0,0,0
"POINT (7.207044649000068 51.465053116000036)",Unfall 163108 (2021) Kat:2, Licht: 0,163108,2,7,5,3,12,6,0,0,1,1,0,0,0,0
"POINT (7.286782618000075 51.440655319000030)",Unfall 163122 (2021) Kat:3, Licht: 0,163122,3,6,4,3,7,2,1,0,0,1,0,1,0,0
"POINT (7.283398039000076 51.462219466000079)",Unfall 163135 (2021) Kat:3, Licht: 0,163135,3,6,3,10,13,2,0,0,0,1,0,0,1,0
"POINT (7.236175281000044 51.482341164000047)",Unfall 163150 (2021) Kat:2, Licht: 0,163150,2,2,5,5,16,2,0,0,1,1,0,0,0,0
"POINT (7.255226599000025 51.505870157000061)",Unfall 163156 (2021) Kat:2, Licht: 2,163156,2,1,1,2,20,1,0,2,0,1,0,0,1,0
"POINT (7.212787252000055 51.489728965000040)",Unfall 163167 (2021) Kat:3, Licht: 0,163167,3,7,0,1,16,4,0,0,1,0,0,0,0,0
"POINT (7.190266458000053 51.455087787000082)",Unfall 163168 (2021) Kat:3, Licht: 0,163168,3,5,0,9,14,2,0,0,1,0,0,0,0,1
"POINT (7.283158653000044 51.497919275000072)",Unfall 163170 (2021) Kat:3, Licht: 0,163170,3,3,5,5,8,7,0,0,0,1,0,0,0,0
"POINT (7.220121461000076 51.437434571000040)",Unfall 163178 (2021) Kat:3, Licht: 2,163178,3,5,1,5,23,7,1,2,1,1,0,0,0,0
"POINT (7.307752203000064 51.462938611000027)",Unfall 163185 (2021) Kat:3, Licht: 0,163185,3,3,5,6,18,1,0,0,0,1,0,0,0,0
"POINT (7.215696043000037 51.483941608000066)",Unfall 163186 (2021) Kat:3, Licht: 2,163186,3,5,1,3,19,6,0,2,1,1,0,0,0,0
"POINT (7.269367572000021 51.457977090000043)",Unfall 163189 (2021) Kat:3, Licht: 0,163189,3,1,7,11,14,2,0,0,0,1,0,0,0,0
"POINT (7.296784218000028 51.469912159000046)",Unfall 163195 (2021) Kat:2, Licht: 0,163195,2,3,5,10,17,6,0,0,0,1,0,0,0,0
"POINT (7.267246844000056 51.456153710000081)",Unfall 163203 (2021) Kat:3, Licht: 2,163203,3,4,6,11,18,3,1,2,0,1,1,0,0,0
"POINT (7.235309098000073 51.480210236000062)",Unfall 163208 (2021) Kat:3, Licht: 0,163208,3,2,4,11,8,5,0,0,0,1,0,0,0,0
"POINT (7.298938089000046 51.473663583000075)",Unfall 163209 (2021) Kat:3, Licht: 0,163209,3,3,5,4,14,7,0,0,0,1,0,0,0,0
"POINT (7.210117548000028 51.479555793000031)",Unfall 163223 (2021) Kat:3, Licht: 0,163223,3,2,4,5,12,5,0,0,1,1,0,0,0,0
"POINT (7.221132221000062 51.448249506000082)",Unfall 163224 (2021) Kat:3, Licht: 0,163224,3,7,5,10,15,4,1,0,1,1,0,0,0,0
"POINT (7.205880292000074 51.497334706000061)",Unfall 163238 (2021) Kat:3, Licht: 0,163238,3,1,0,4,18,6,0,0,0,0,0,0,0,1
"POINT (7.325047353000059 51.473184445000072)",Unfall 163240 (2021) Kat:3, Licht: 0,163240,3,6,4,2,16,6,0,0,1,0,0,0,0,0
"POINT (7.213570258000061 51.468297894000045)",Unfall 163241 (2021) Kat:3, Licht: 2,163241,3,2,5,12,7,5,0,2,1,1,0,0,0,0
"POINT (7.221483652000074 51.464253109000026)",Unfall 163257 (2021) Kat:3, Licht: 0,163257,3,5,1,3,7,6,0,0,1,1,0,0,0,0
"POINT (7.306831377000037 51.484319238000069)",Unfall 163271 (2021) Kat:3, Licht: 0,163271,3,2,5,9,11,3,0,0,0,1,0,0,0,0
"POINT (7.296655649000058 51.468617043000052)",Unfall 163283 (2021) Kat:3, Licht: 0,163283,3,1,0,2,11,5,0,0,0,0,0,1,0,0
"POINT (7.321566617000030 51.458835338000029)",Unfall 163289 (2021) Kat:3, Licht: 2,163289,3,6,2,12,18,3,0,2,0,1,0,0,0,0
"POINT (7.212976775000072 51.508603113000049)",Unfall 163290 (2021) Kat:3, Licht: 0,163290,3,5,1,12,14,6,1,0,1,1,0,0,0,0
"POINT (7.288245536000034 51.481130334000056)",Unfall 163293 (2021) Kat:3, Licht: 0,163293,3,1,1,3,16,4,0,0,0,1,0,1,0,0
"POINT (7.222309554000049 51.451550988000065)",Unfall 163305 (2021) Kat:3, Licht: 0,163305,3,5,1,9,9,4,1,0,1,1,0,0,0,0
"POINT (7.217772405000062 51.473225994000074)",Unfall 163313 (2021) Kat:3, Licht: 0,163313,3,5,3,3,12,4,0,0,1,1,0,0,0,0
"POINT (7.273498816000028 51.451628720000031)",Unfall 163317 (2021) Kat:3, Licht: 0,163317,3,4,6,12,10,3,1,0,0,1,1,0,0,0
"POINT (7.207234473000028 51.474755264000066)",Unfall 163318 (2021) Kat:3, Licht: 0,163318,3,6,0,4,11,3,1,0,0,1,0,1,0,0
"POINT (7.244810360000031 51.474744227000031)",Unfall 163322 (2021) Kat:3, Licht: 0,163322,3,7,1,5,14,2,0,0,0,1,0,0,0,0
"POINT (7.230489041000055 51.473202971000035)",Unfall 163323 (2021) Kat:3, Licht: 0,163323,3,3,5,9,7,5,0,0,1,1,0,0,0,0
"POINT (7.242675704000021 51.474202307000041)",Unfall 163338 (2021) Kat:3, Licht: 0,163338,3,6,3,6,10,4,0,0,1,1,0,0,0,0
"POINT (7.288679385000023 51.461339990000056)",Unfall 163348 (2021) Kat:3, Licht: 0,163348,3,6,3,5,12,3,1,0,0,1,0,0,1,0
"POINT (7.310712250000051 51.469663830000059)",Unfall 163356 (2021) Kat:3, Licht: 0,163356,3,5,2,6,9,2,0,0,0,1,0,0,0,1
"POINT (7.239831411000068 51.479662581000071)",Unfall 163365 (2021) Kat:3, Licht: 0,163365,3,1,0,2,13,5,2,0,1,0,0,0,0,0
"POINT (7.215811975000065 51.484308909000049)",Unfall 163367 (2021) Kat:3, Licht: 0,163367,3,7,4,12,9,3,1,0,1,0,0,0,0,1
"POINT (7.319240987000057 51.471060915000066)",Unfall 168915 (2021) Kat:3, Licht: 0,168915,3,3,5,7,17,5,0,0,0,1,0,0,0,0
"POINT (7.224391019000052 51.504418880000060)",Unfall 168919 (2021) Kat:3, Licht: 0,168919,3,5,1,7,10,5,0,0,1,1,0,0,0,0
"POINT (7.166443652000055 51.426791043000037)",Unfall 168921 (2021) Kat:3, Licht: 1,168921,3,2,5,8,18,7,1,1,1,1,0,0,0,0
"POINT (7.215077028000053 51.472949458000073)",Unfall 168949 (2021) Kat:2, Licht: 0,168949,2,1,8,8,10,6,0,0,0,1,0,0,0,0
"POINT (7.288491423000039 51.494336101000044)",Unfall 168963 (2021) Kat:3, Licht: 0,168963,3,2,2,8,17,2,0,0,0,1,0,0,0,0
"POINT (7.137587245000020 51.481635715000039)",Unfall 168983 (2021) Kat:3, Licht: 0,168983,3,6,0,8,14,3,0,0,0,1,0,0,0,1
"POINT (7.120758871000021 51.478823214000045)",Unfall 169078 (2021) Kat:3, Licht: 2,169078,3,3,5,8,20,1,1,2,0,1,0,0,0,0
"POINT (7.227672347000066 51.464756863000048)",Unfall 169091 (2021) Kat:3, Licht: 0,169091,3,1,0,8,16,2,0,0,1,0,0,0,0,0
"POINT (7.214438098000073 51.468396426000027)",Unfall 169114 (2021) Kat:3, Licht: 0,169114,3,3,5,7,9,6,0,0,1,1,0,0,0,0
"POINT (7.306887819000053 51.486558561000038)",Unfall 169138 (2021) Kat:2, Licht: 0,169138,2,3,5,8,11,7,0,0,0,1,0,1,0,0
"POINT (7.149329062000049 51.428752212000063)",Unfall 169216 (2021) Kat:3, Licht: 0,169216,3,6,4,8,18,7,0,0,1,0,0,0,0,0
"POINT (7.276732798000069 51.474806392000062)",Unfall 169234 (2021) Kat:3, Licht: 0,169234,3,3,5,8,16,1,1,0,0,1,0,1,0,0
"POINT (7.302277011000058 51.477238214000067)",Unfall 169351 (2021) Kat:3, Licht: 0,169351,3,2,6,6,10,7,0,0,0,1,1,0,0,0
"POINT (7.225012203000063 51.436241874000075)",Unfall 169358 (2021) Kat:3, Licht: 0,169358,3,6,4,8,17,1,1,0,0,1,0,0,0,0
"POINT (7.273427523000066 51.463082473000043)",Unfall 169373 (2021) Kat:3, Licht: 2,169373,3,6,9,8,21,3,1,2,0,1,0,0,0,0
"POINT (7.214089969000042 51.485485209000046)",Unfall 169439 (2021) Kat:2, Licht: 0,169439,2,1,8,8,7,3,0,0,0,1,0,0,0,0
"POINT (7.160601851000024 51.425954345000036)",Unfall 169463 (2021) Kat:3, Licht: 0,169463,3,6,2,7,14,4,0,0,0,1,0,0,0,0
"POINT (7.233104020000042 51.473776310000062)",Unfall 169493 (2021) Kat:3, Licht: 0,169493,3,5,1,7,14,7,0,0,1,1,0,0,0,0
"POINT (7.290477634000069 51.480632337000031)",Unfall 169597 (2021) Kat:3, Licht: 0,169597,3,1,0,7,13,1,0,0,0,0,0,1,0,0
"POINT (7.215709321000077 51.479254556000058)",Unfall 169646 (2021) Kat:3, Licht: 0,169646,3,1,8,8,6,5,1,0,0,0,0,0,0,1
"POINT (7.229109127000072 51.494211648000032)",Unfall 169671 (2021) Kat:3, Licht: 0,169671,3,4,6,8,8,4,0,0,0,1,1,0,0,0
"POINT (7.215682007000055 51.483897136000053)",Unfall 169682 (2021) Kat:3, Licht: 0,169682,3,1,0,3,17,3,0,0,1,0,0,0,0,0
"POINT (7.280551838000065 51.444886783000072)",Unfall 169688 (2021) Kat:1, Licht: 0,169688,1,6,4,6,8,3,0,0,0,1,0,1,0,0
"POINT (7.236188391000042 51.482380930000033)",Unfall 169811 (2021) Kat:3, Licht: 0,169811,3,2,5,8,18,3,1,0,0,1,0,0,0,0
"POINT (7.163707283000065 51.428039982000030)",Unfall 169829 (2021) Kat:3, Licht: 0,169829,3,6,6,8,10,5,0,0,0,0,1,0,0,1
"POINT (7.296801822000020 51.469949715000041)",Unfall 169912 (2021) Kat:3, Licht: 0,169912,3,2,5,6,14,7,0,0,0,1,0,0,0,0
"POINT (7.132607897000071 51.482879614000069)",Unfall 170247 (2021) Kat:3, Licht: 0,170247,3,5,1,8,14,5,0,0,0,1,0,0,0,0
"POINT (7.195504828000026 51.496666725000068)",Unfall 170433 (2021) Kat:3, Licht: 2,170433,3,7,1,8,5,1,0,2,0,1,0,0,0,0
"POINT (7.150507824000044 51.488761985000053)",Unfall 234393 (2021) Kat:3, Licht: 0,234393,3,1,0,9,17,2,0,0,1,0,0,0,0,0
"POINT (7.164111453000032 51.434041210000032)",Unfall 234404 (2021) Kat:3, Licht: 0,234404,3,1,0,9,13,3,0,0,1,0,0,0,0,0
"POINT (7.170194483000046 51.466951829000038)",Unfall 234413 (2021) Kat:2, Licht: 0,234413,2,1,0,10,17,7,0,0,1,0,0,0,0,0
"POINT (7.183560890000024 51.442987949000042)",Unfall 234422 (2021) Kat:2, Licht: 0,234422,2,7,0,3,17,2,0,0,1,0,0,0,0,1
"POINT (7.190135873000031 51.485608623000076)",Unfall 234426 (2021) Kat:3, Licht: 0,234426,3,1,0,5,17,5,0,0,1,0,0,0,0,0
"POINT (7.190361058000065 51.485841987000072)",Unfall 234427 (2021) Kat:2, Licht: 0,234427,2,1,0,2,12,1,0,0,1,0,0,0,0,0
"POINT (7.199707771000021 51.484396280000055)",Unfall 234433 (2021) Kat:3, Licht: 0,234433,3,6,2,7,14,7,0,0,1,0,0,0,0,0
"POINT (7.229173838000065 51.506199604000074)",Unfall 234448 (2021) Kat:3, Licht: 0,234448,3,1,0,4,18,6,0,0,1,0,0,0,0,0
"POINT (7.229272366000032 51.505739110000036)",Unfall 234449 (2021) Kat:3, Licht: 0,234449,3,1,0,9,17,3,0,0,1,0,0,0,0,0
"POINT (7.253255626000055 51.419805847000077)",Unfall 234455 (2021) Kat:3, Licht: 0,234455,3,1,0,9,15,3,0,0,1,0,0,0,0,0
"POINT (7.255338508000023 51.421199772000080)",Unfall 234456 (2021) Kat:3, Licht: 0,234456,3,6,4,4,18,3,0,0,1,0,0,0,0,0
"POINT (7.261476852000044 51.423771904000034)",Unfall 234459 (2021) Kat:2, Licht: 2,234459,2,7,0,9,20,4,0,2,1,0,0,0,0,0
"POINT (7.286154593000049 51.473849645000030)",Unfall 234466 (2021) Kat:3, Licht: 0,234466,3,6,6,11,11,7,0,0,1,0,1,0,0,0