WKT,Name,OBJECTID,UKATEGORIE,UTYP1,UART,UMONAT,USTUNDE,UWOCHENTAG,STRZUSTAND,ULICHTVERH,ISTRAD,ISTPKW,ISTFUSS,ISTKRAD,ISTGKFZ,ISTSONSTIG
"POINT (7.292062488000056 51.468717575000028)",Unfall 234468 (2021) Kat:2, Licht: 0,234468,2,7,0,10,15,5,0,0,1,0,1,0,0,0
"POINT (7.301252345000023 51.455841362000058)",Unfall 234469 (2021) Kat:3, Licht: 0,234469,3,1,0,2,16,7,0,0,1,0,0,0,0,0
"POINT (7.283955147000029 51.462565712000071)",Unfall 234916 (2021) Kat:2, Licht: 0,234916,2,1,0,8,12,1,0,0,1,0,0,0,0,0
"POINT (7.275858222000070 51.519799089999999)",Unfall 22062 (2022) Kat:3, Licht: 2,22062,3,2,5,01,18,7,0,2,1,1,0,0,0,0
"POINT (7.256123707000030 51.493649240000103)",Unfall 22566 (2022) Kat:3, Licht: 1,22566,3,2,4,01,19,5,1,1,0,1,0,0,0,0
"POINT (7.285625262000050 51.482007744999997)",Unfall 22938 (2022) Kat:2, Licht: 0,22938,2,1,8,01,15,1,0,0,0,1,0,0,0,0
"POINT (7.221632783000080 51.460827725999998)",Unfall 23019 (2022) Kat:3, Licht: 1,23019,3,3,5,01,17,1,0,1,0,1,0,0,0,0
"POINT (7.143589300000030 51.428135956000098)",Unfall 23568 (2022) Kat:3, Licht: 0,23568,3,7,2,01,09,3,1,0,1,0,0,0,0,1
"POINT (7.232291808000070 51.476614925000000)",Unfall 23885 (2022) Kat:3, Licht: 2,23885,3,7,3,01,16,3,1,2,0,1,0,0,0,0
"POINT (7.235692128000040 51.475410968000098)",Unfall 24721 (2022) Kat:2, Licht: 0,24721,2,3,5,01,12,3,1,0,1,1,0,0,0,0
"POINT (7.218423960000050 51.498564972000104)",Unfall 24792 (2022) Kat:3, Licht: 1,24792,3,6,2,01,17,2,0,1,0,1,0,0,0,1
"POINT (7.238241204000080 51.489771982000001)",Unfall 24872 (2022) Kat:3, Licht: 0,24872,3,2,6,01,16,5,0,0,0,1,1,0,0,0
"POINT (7.257951512000030 51.473215813000103)",Unfall 24904 (2022) Kat:3, Licht: 2,24904,3,1,9,01,23,5,1,2,0,1,0,0,0,0
"POINT (7.204871447000070 51.497474662000101)",Unfall 24920 (2022) Kat:3, Licht: 0,24920,3,6,2,01,15,5,1,0,0,1,0,0,1,0
"POINT (7.184063493000050 51.474829221999997)",Unfall 24958 (2022) Kat:2, Licht: 2,24958,2,5,1,01,03,3,1,2,0,0,0,0,1,1
"POINT (7.131589580000020 51.485107658000103)",Unfall 25018 (2022) Kat:3, Licht: 0,25018,3,3,5,01,09,3,2,0,0,1,0,0,0,0
"POINT (7.203708381000070 51.459354718999997)",Unfall 25059 (2022) Kat:3, Licht: 0,25059,3,6,9,01,13,6,1,0,0,1,0,0,0,0
"POINT (7.143722813000070 51.493851495999998)",Unfall 25077 (2022) Kat:3, Licht: 0,25077,3,5,1,01,09,2,0,0,0,1,0,0,0,0
"POINT (7.190679448000030 51.476354217000100)",Unfall 25123 (2022) Kat:3, Licht: 2,25123,3,4,6,01,07,5,0,2,0,1,1,0,0,0
"POINT (7.128981269000060 51.472886701000000)",Unfall 25135 (2022) Kat:3, Licht: 2,25135,3,7,9,01,04,7,1,2,0,1,0,0,0,0
"POINT (7.145106155000060 51.472931577000097)",Unfall 25248 (2022) Kat:2, Licht: 2,25248,2,1,8,01,19,5,1,2,0,1,0,0,0,0
"POINT (7.198079995000060 51.478010167999997)",Unfall 25275 (2022) Kat:3, Licht: 0,25275,3,2,3,01,14,1,0,0,0,1,0,0,0,1
"POINT (7.141947047000030 51.481667994000098)",Unfall 25364 (2022) Kat:3, Licht: 0,25364,3,2,6,01,13,5,0,0,0,1,1,0,0,0
"POINT (7.134673775000070 51.484891767000100)",Unfall 25535 (2022) Kat:3, Licht: 2,25535,3,2,6,01,07,6,0,2,0,1,1,0,0,0
"POINT (7.167755151000050 51.424214046000003)",Unfall 25545 (2022) Kat:3, Licht: 2,25545,3,6,4,01,18,5,0,2,0,1,0,0,0,0
"POINT (7.218997571000050 51.426678250000101)",Unfall 25567 (2022) Kat:3, Licht: 2,25567,3,1,4,01,07,3,2,2,0,1,0,0,0,0
"POINT (7.270962804000020 51.496711219000098)",Unfall 25706 (2022) Kat:3, Licht: 2,25706,3,6,2,01,17,2,1,2,0,1,0,0,0,0
"POINT (7.191397482000070 51.473571779000103)",Unfall 25720 (2022) Kat:3, Licht: 0,25720,3,4,6,01,12,1,0,0,0,1,1,0,0,0
"POINT (7.160492661000030 51.479805603000003)",Unfall 25795 (2022) Kat:3, Licht: 2,25795,3,1,0,01,18,3,0,2,1,0,0,0,0,0
"POINT (7.276535806000030 51.496840780000099)",Unfall 25839 (2022) Kat:3, Licht: 2,25839,3,6,8,01,18,3,0,2,0,1,0,0,1,0
"POINT (7.256666094000020 51.472153351000003)",Unfall 25866 (2022) Kat:3, Licht: 0,25866,3,3,5,01,12,2,1,0,1,0,0,0,0,1
"POINT (7.259863559000050 51.504632905000101)",Unfall 25950 (2022) Kat:3, Licht: 0,25950,3,6,3,02,15,7,0,0,0,1,0,0,0,0
"POINT (7.256123707000030 51.493649240000103)",Unfall 26012 (2022) Kat:3, Licht: 0,26012,3,6,2,02,14,5,1,0,0,1,0,0,0,0
"POINT (7.217162966000050 51.471370268999998)",Unfall 26114 (2022) Kat:3, Licht: 0,26114,3,2,5,02,08,3,0,0,1,1,0,0,0,1
"POINT (7.255407729000070 51.493718122000097)",Unfall 26197 (2022) Kat:3, Licht: 0,26197,3,6,2,02,10,7,0,0,0,1,0,0,0,0
"POINT (7.275844174000040 51.519801612999998)",Unfall 26226 (2022) Kat:3, Licht: 0,26226,3,2,2,02,14,1,0,0,0,1,0,0,0,0
"POINT (7.242110804000050 51.491171549000100)",Unfall 26303 (2022) Kat:3, Licht: 2,26303,3,5,1,01,00,1,0,2,1,1,0,0,0,0
"POINT (7.285861299000030 51.470318560000102)",Unfall 26311 (2022) Kat:3, Licht: 2,26311,3,6,2,02,18,5,0,2,0,1,0,0,0,0
"POINT (7.253520197000060 51.512172685000102)",Unfall 26317 (2022) Kat:3, Licht: 0,26317,3,6,3,02,10,5,1,0,0,1,0,0,0,1
"POINT (7.189226019000050 51.496858391000004)",Unfall 26471 (2022) Kat:3, Licht: 0,26471,3,6,2,02,18,4,0,0,0,1,0,0,0,0
"POINT (7.193414844000070 51.462179491000001)",Unfall 26565 (2022) Kat:3, Licht: 0,26565,3,2,2,01,13,2,1,0,0,1,0,0,0,1
"POINT (7.222781891000070 51.479642089999999)",Unfall 26606 (2022) Kat:3, Licht: 0,26606,3,1,0,01,13,2,0,0,1,0,0,0,0,0
"POINT (7.197491018000050 51.458340678000098)",Unfall 26651 (2022) Kat:3, Licht: 0,26651,3,2,6,02,12,6,0,0,0,1,1,0,0,0
"POINT (7.194697721000070 51.485088065000099)",Unfall 26855 (2022) Kat:3, Licht: 2,26855,3,3,5,02,06,3,1,2,1,1,0,0,0,0
"POINT (7.240628232000060 51.449871219999999)",Unfall 26977 (2022) Kat:3, Licht: 2,26977,3,3,5,02,03,5,0,2,0,1,0,0,0,0
"POINT (7.215586730000040 51.477589963000099)",Unfall 26978 (2022) Kat:3, Licht: 0,26978,3,5,0,01,14,7,1,0,0,1,0,0,0,1
"POINT (7.194677402000020 51.456087932999999)",Unfall 26988 (2022) Kat:3, Licht: 2,26988,3,6,2,02,19,2,0,2,0,1,0,0,0,0
"POINT (7.179395928000080 51.436396009000099)",Unfall 27052 (2022) Kat:3, Licht: 0,27052,3,3,0,02,16,1,0,0,0,1,0,1,0,0
"POINT (7.210542205000020 51.480904674999998)",Unfall 27084 (2022) Kat:3, Licht: 2,27084,3,1,1,01,20,7,1,2,0,1,0,0,0,0
"POINT (7.143394355000050 51.427409345999997)",Unfall 27107 (2022) Kat:3, Licht: 0,27107,3,7,9,02,14,6,0,0,0,1,0,0,0,0
"POINT (7.238308275000070 51.457595522000098)",Unfall 27149 (2022) Kat:3, Licht: 0,27149,3,2,5,02,13,5,1,0,0,1,0,0,0,1
"POINT (7.191959930000050 51.493703939000099)",Unfall 27227 (2022) Kat:3, Licht: 0,27227,3,6,2,01,13,2,1,0,0,1,0,0,0,0
"POINT (7.193326465000040 51.477011554000100)",Unfall 27249 (2022) Kat:3, Licht: 2,27249,3,6,3,01,18,2,0,2,0,1,1,0,0,0
"POINT (7.153971138000030 51.462416448000099)",Unfall 27389 (2022) Kat:3, Licht: 1,27389,3,6,2,02,17,6,1,1,0,1,0,0,0,0
"POINT (7.241790870000050 51.507864261000101)",Unfall 27425 (2022) Kat:3, Licht: 2,27425,3,6,2,02,20,6,0,2,0,1,0,0,0,0
"POINT (7.224500938000060 51.479647172000099)",Unfall 27506 (2022) Kat:3, Licht: 1,27506,3,7,3,01,16,5,1,1,0,1,0,0,0,0
"POINT (7.163965802000060 51.478225383999998)",Unfall 27566 (2022) Kat:3, Licht: 2,27566,3,1,8,03,04,7,0,2,0,1,0,0,0,0
"POINT (7.255407729000070 51.493718122000097)",Unfall 27567 (2022) Kat:3, Licht: 0,27567,3,6,2,02,10,2,0,0,0,1,0,0,0,0
"POINT (7.221632783000080 51.460827725999998)",Unfall 27705 (2022) Kat:3, Licht: 0,27705,3,7,6,03,16,6,0,0,1,0,1,0,0,0
"POINT (7.185072011000050 51.491443197000102)",Unfall 27744 (2022) Kat:3, Licht: 0,27744,3,6,2,02,14,4,1,0,0,1,0,0,0,0
"POINT (7.229085507000040 51.477354547000097)",Unfall 27831 (2022) Kat:3, Licht: 2,27831,3,2,5,02,05,2,0,2,1,1,0,0,0,0
"POINT (7.204582857000050 51.497440245000099)",Unfall 27963 (2022) Kat:3, Licht: 0,27963,3,6,2,03,09,4,0,0,0,1,0,0,0,0
"POINT (7.269621230000040 51.468623089000097)",Unfall 28041 (2022) Kat:3, Licht: 0,28041,3,2,2,03,15,4,0,0,0,1,0,1,0,0
"POINT (7.213012106000060 51.493140417000099)",Unfall 28068 (2022) Kat:3, Licht: 0,28068,3,2,4,03,15,2,0,0,1,1,0,0,0,0
"POINT (7.222898679000020 51.459073782000097)",Unfall 28083 (2022) Kat:3, Licht: 2,28083,3,5,5,03,23,7,0,2,0,1,0,0,0,1
"POINT (7.208681340000060 51.456623710000002)",Unfall 28084 (2022) Kat:3, Licht: 0,28084,3,6,3,02,09,5,0,0,0,1,0,0,1,0
"POINT (7.282398320000030 51.475027218999998)",Unfall 28100 (2022) Kat:3, Licht: 0,28100,3,6,2,02,07,2,1,0,0,1,0,0,0,0
"POINT (7.168306916000060 51.420934116000097)",Unfall 28419 (2022) Kat:3, Licht: 2,28419,3,2,5,02,05,1,1,2,0,1,0,0,0,0
"POINT (7.189899382000020 51.495265295000102)",Unfall 28423 (2022) Kat:3, Licht: 0,28423,3,3,5,02,16,6,1,0,0,1,0,0,0,0
"POINT (7.129438646000040 51.481319925999998)",Unfall 28433 (2022) Kat:3, Licht: 0,28433,3,2,5,02,14,7,0,0,0,1,0,0,0,0
"POINT (7.173966305000020 51.480195825000102)",Unfall 28449 (2022) Kat:3, Licht: 0,28449,3,6,2,03,14,3,0,0,0,1,0,0,0,0
"POINT (7.336189805000060 51.495776089000103)",Unfall 28602 (2022) Kat:3, Licht: 2,28602,3,6,3,02,21,6,1,2,0,1,0,0,1,0
"POINT (7.189791452000070 51.507609463000101)",Unfall 28630 (2022) Kat:3, Licht: 0,28630,3,3,0,02,11,5,0,0,0,1,0,0,0,0
"POINT (7.242678493000030 51.440913287999997)",Unfall 28641 (2022) Kat:3, Licht: 2,28641,3,1,0,02,01,7,0,2,1,0,0,0,0,0
"POINT (7.186669341000030 51.507576540000102)",Unfall 28672 (2022) Kat:3, Licht: 0,28672,3,1,0,03,15,4,0,0,0,0,0,0,0,1
"POINT (7.210119890000040 51.441824804000099)",Unfall 28686 (2022) Kat:3, Licht: 0,28686,3,2,5,02,07,6,1,0,0,1,1,0,0,0
"POINT (7.192515978000070 51.496308962999997)",Unfall 28707 (2022) Kat:3, Licht: 0,28707,3,6,2,02,13,5,0,0,0,1,0,0,0,0
"POINT (7.233340531000070 51.463484295000100)",Unfall 28729 (2022) Kat:3, Licht: 0,28729,3,3,5,03,07,3,0,0,0,1,0,0,0,0
"POINT (7.264156970000040 51.463225403000102)",Unfall 28734 (2022) Kat:3, Licht: 0,28734,3,6,2,03,15,3,0,0,0,1,0,0,0,0
"POINT (7.162593306000080 51.477794369000001)",Unfall 28796 (2022) Kat:3, Licht: 0,28796,3,6,2,03,16,4,0,0,0,1,0,0,0,1
"POINT (7.190079941000020 51.511698265000099)",Unfall 28877 (2022) Kat:3, Licht: 1,28877,3,2,2,02,17,2,0,1,0,1,0,0,1,0
"POINT (7.235371402000060 51.475529467000101)",Unfall 29031 (2022) Kat:3, Licht: 0,29031,3,7,3,03,17,7,0,0,0,1,0,0,0,0
"POINT (7.212216984000070 51.440344825000103)",Unfall 29065 (2022) Kat:3, Licht: 0,29065,3,2,5,03,11,6,0,0,1,1,0,0,0,0
"POINT (7.154989757000070 51.459826368999998)",Unfall 29078 (2022) Kat:3, Licht: 0,29078,3,4,6,02,08,6,1,0,0,1,1,0,0,0
"POINT (7.136735747000050 51.457991243000002)",Unfall 29135 (2022) Kat:2, Licht: 2,29135,2,3,5,03,19,4,0,2,0,1,0,0,0,1
"POINT (7.168115001000050 51.447333044000104)",Unfall 29151 (2022) Kat:3, Licht: 2,29151,3,3,5,02,22,5,1,2,0,1,0,0,0,0
"POINT (7.129573768000060 51.484970504000003)",Unfall 29161 (2022) Kat:3, Licht: 2,29161,3,4,6,03,19,5,0,2,0,1,1,0,0,0
"POINT (7.311643779000060 51.473462873000102)",Unfall 29164 (2022) Kat:3, Licht: 0,29164,3,6,2,03,15,4,0,0,0,1,0,0,0,0
"POINT (7.225624273000050 51.452056539000097)",Unfall 29376 (2022) Kat:3, Licht: 2,29376,3,6,2,02,00,2,0,2,0,1,0,0,0,0
"POINT (7.224337197000070 51.511409690999997)",Unfall 29404 (2022) Kat:3, Licht: 0,29404,3,6,2,03,15,5,0,0,0,1,0,0,0,0
"POINT (7.223416125000030 51.476839497000100)",Unfall 29432 (2022) Kat:3, Licht: 0,29432,3,3,5,03,15,5,0,0,0,1,0,0,0,0
"POINT (7.192960159000050 51.470455824000098)",Unfall 29466 (2022) Kat:3, Licht: 0,29466,3,3,5,02,15,2,1,0,0,1,0,0,0,1
"POINT (7.323305207000030 51.476145246000002)",Unfall 29505 (2022) Kat:3, Licht: 2,29505,3,4,6,03,06,5,0,2,0,1,1,0,0,0
"POINT (7.277870742000060 51.487117609999999)",Unfall 29506 (2022) Kat:2, Licht: 0,29506,2,6,2,03,15,6,0,0,0,1,0,0,0,0
"POINT (7.214011730000040 51.441417532000102)",Unfall 29541 (2022) Kat:3, Licht: 0,29541,3,7,6,02,15,5,0,0,0,1,1,0,0,0
"POINT (7.289320029000070 51.496711763000100)",Unfall 29567 (2022) Kat:3, Licht: 0,29567,3,6,2,02,13,5,0,0,0,1,0,0,0,0
"POINT (7.214329005000020 51.472126853000098)",Unfall 29592 (2022) Kat:3, Licht: 0,29592,3,6,2,02,07,7,1,0,0,1,0,1,0,0
"POINT (7.274894242000070 51.496380821000102)",Unfall 29621 (2022) Kat:3, Licht: 0,29621,3,6,2,03,17,6,0,0,0,1,0,0,0,0
"POINT (7.175616949000070 51.457123320000100)",Unfall 29634 (2022) Kat:3, Licht: 0,29634,3,2,6,02,14,2,0,0,0,1,1,0,0,0
"POINT (7.231284187000030 51.457344317000000)",Unfall 29676 (2022) Kat:3, Licht: 0,29676,3,6,2,02,15,3,1,0,0,1,0,0,0,1
"POINT (7.201996891000020 51.490664089000099)",Unfall 29851 (2022) Kat:3, Licht: 0,29851,3,1,0,03,12,4,0,0,1,0,0,0,0,0
"POINT (7.189513031000050 51.471997981000101)",Unfall 29900 (2022) Kat:3, Licht: 0,29900,3,1,8,03,12,3,0,0,0,1,0,0,0,0
"POINT (7.161553173000070 51.480036871999999)",Unfall 29951 (2022) Kat:3, Licht: 0,29951,3,1,0,03,12,3,0,0,1,0,0,0,0,0
"POINT (7.271202987000040 51.515318817000001)",Unfall 29986 (2022) Kat:2, Licht: 2,29986,2,3,5,03,03,7,0,2,0,1,0,0,0,0
"POINT (7.218342015000080 51.460800083000002)",Unfall 30051 (2022) Kat:3, Licht: 0,30051,3,3,5,03,12,2,0,0,0,1,0,0,0,0
"POINT (7.130410500000040 51.470936251000097)",Unfall 30082 (2022) Kat:2, Licht: 0,30082,2,7,9,03,10,1,0,0,0,1,0,0,0,0
"POINT (7.217236023000050 51.443027160000000)",Unfall 30090 (2022) Kat:3, Licht: 0,30090,3,2,3,03,08,2,1,0,1,1,0,0,0,0
"POINT (7.235727199000050 51.430826250000102)",Unfall 30126 (2022) Kat:1, Licht: 0,30126,1,1,8,03,17,1,0,0,0,1,0,1,0,0
"POINT (7.191412328000070 51.491988843999998)",Unfall 30133 (2022) Kat:2, Licht: 0,30133,2,2,0,03,09,6,0,0,0,0,0,0,0,1
"POINT (7.126365679000060 51.478186395000101)",Unfall 30182 (2022) Kat:3, Licht: 0,30182,3,6,1,03,16,7,0,0,0,1,0,0,0,0
"POINT (7.221521951000060 51.444585832000001)",Unfall 30275 (2022) Kat:3, Licht: 0,30275,3,1,0,03,10,4,0,0,1,0,0,0,0,0
"POINT (7.301443383000050 51.468073916000002)",Unfall 30279 (2022) Kat:3, Licht: 0,30279,3,1,0,03,09,3,0,0,1,0,0,0,0,0
"POINT (7.313581905000040 51.472008213000002)",Unfall 30317 (2022) Kat:3, Licht: 0,30317,3,6,2,03,16,5,0,0,1,0,0,0,0,1
"POINT (7.189459664000030 51.503812229000097)",Unfall 30335 (2022) Kat:2, Licht: 0,30335,2,1,0,03,14,3,0,0,1,0,0,0,1,0
"POINT (7.117924069000030 51.472379951999997)",Unfall 30387 (2022) Kat:3, Licht: 0,30387,3,6,3,03,14,4,0,0,0,1,0,0,1,0
"POINT (7.218564427000050 51.512932659999997)",Unfall 30448 (2022) Kat:3, Licht: 0,30448,3,6,2,03,15,5,0,0,0,1,0,0,0,1
"POINT (7.129359551000050 51.481323385000103)",Unfall 30452 (2022) Kat:3, Licht: 2,30452,3,6,2,03,20,4,0,2,0,1,0,0,0,0
"POINT (7.240971744000030 51.473435461000101)",Unfall 30472 (2022) Kat:3, Licht: 0,30472,3,5,1,03,11,2,0,0,0,1,0,0,0,0
"POINT (7.245210436000040 51.492040019999997)",Unfall 30565 (2022) Kat:2, Licht: 0,30565,2,1,0,03,15,2,1,0,1,0,0,0,0,0
"POINT (7.225485607000050 51.446484521999999)",Unfall 30654 (2022) Kat:3, Licht: 0,30654,3,7,2,03,16,6,0,0,0,1,0,1,0,0
"POINT (7.213492511000030 51.500266752000101)",Unfall 30698 (2022) Kat:3, Licht: 1,30698,3,7,5,03,17,4,0,1,0,1,0,1,0,0
"POINT (7.214126555000060 51.479383861000002)",Unfall 30729 (2022) Kat:3, Licht: 0,30729,3,6,3,03,14,7,0,0,0,1,0,0,0,1
"POINT (7.209199318000060 51.439031476000103)",Unfall 30820 (2022) Kat:3, Licht: 0,30820,3,7,2,03,12,2,0,0,0,1,0,1,0,0
"POINT (7.224924461000060 51.481988645999998)",Unfall 30888 (2022) Kat:3, Licht: 2,30888,3,1,9,03,20,5,0,2,0,1,0,0,0,0
"POINT (7.177569470000040 51.455630247000002)",Unfall 30931 (2022) Kat:3, Licht: 0,30931,3,3,5,03,10,4,0,0,1,1,0,0,0,0
"POINT (7.212207444000060 51.497249351999997)",Unfall 30957 (2022) Kat:3, Licht: 2,30957,3,3,5,03,05,6,0,2,1,1,0,0,0,0
"POINT (7.207395887000080 51.497631270000099)",Unfall 30961 (2022) Kat:2, Licht: 0,30961,2,1,2,03,17,4,0,0,0,1,0,0,0,1
"POINT (7.246650896000060 51.509510036000101)",Unfall 30985 (2022) Kat:3, Licht: 0,30985,3,4,6,03,14,6,0,0,0,1,1,0,0,0
"POINT (7.257655766000030 51.506907142999999)",Unfall 30986 (2022) Kat:3, Licht: 0,30986,3,3,5,03,15,4,0,0,1,1,0,0,0,0
"POINT (7.169325632000040 51.479581435999997)",Unfall 30991 (2022) Kat:3, Licht: 2,30991,3,7,8,03,05,2,1,2,0,1,0,0,0,0
"POINT (7.223279007000030 51.494518081000102)",Unfall 31037 (2022) Kat:3, Licht: 0,31037,3,7,2,04,14,2,1,0,0,1,0,0,0,0
"POINT (7.171551468000080 51.428027814000103)",Unfall 31055 (2022) Kat:3, Licht: 0,31055,3,7,9,04,16,3,0,0,0,1,0,0,0,0
"POINT (7.212316323000040 51.496709021000100)",Unfall 31118 (2022) Kat:2, Licht: 0,31118,2,6,1,04,16,2,0,0,0,1,0,0,0,0
"POINT (7.217384543000040 51.470772914000101)",Unfall 31252 (2022) Kat:3, Licht: 0,31252,3,7,5,03,19,2,0,0,1,1,0,0,0,0
"POINT (7.214523820000070 51.454059778000001)",Unfall 31557 (2022) Kat:2, Licht: 2,31557,2,1,9,04,23,3,1,2,0,1,0,0,0,1
"POINT (7.288298973000050 51.455883008999997)",Unfall 31565 (2022) Kat:3, Licht: 0,31565,3,6,1,04,15,2,1,0,0,1,0,0,0,0
"POINT (7.306509841000040 51.484970867000101)",Unfall 31665 (2022) Kat:3, Licht: 1,31665,3,2,2,04,19,6,1,1,0,1,0,0,0,0
"POINT (7.213342561000050 51.487540903000102)",Unfall 31710 (2022) Kat:3, Licht: 2,31710,3,1,0,04,03,1,0,2,0,1,0,0,0,0
"POINT (7.210161577000060 51.487974500000099)",Unfall 31743 (2022) Kat:3, Licht: 0,31743,3,6,1,03,13,3,0,0,0,1,0,0,0,0
"POINT (7.212183661000040 51.497366390000103)",Unfall 31849 (2022) Kat:3, Licht: 0,31849,3,3,5,04,08,3,0,0,1,1,0,0,0,0
"POINT (7.229856163000020 51.435010470000101)",Unfall 31862 (2022) Kat:2, Licht: 2,31862,2,1,8,04,20,6,2,2,0,1,0,0,0,0
"POINT (7.211124199000040 51.513799100000000)",Unfall 31928 (2022) Kat:3, Licht: 1,31928,3,2,5,03,19,5,1,1,0,0,0,1,0,1
"POINT (7.251525195000060 51.455812523000098)",Unfall 31982 (2022) Kat:3, Licht: 0,31982,3,5,1,03,16,1,0,0,1,1,0,0,0,0
"POINT (7.214407183000050 51.441596726000100)",Unfall 32050 (2022) Kat:3, Licht: 0,32050,3,7,6,03,13,4,0,0,0,1,1,0,0,0
"POINT (7.209105308000060 51.488587510999999)",Unfall 32189 (2022) Kat:3, Licht: 0,32189,3,2,3,04,14,3,0,0,1,0,0,0,0,1
"POINT (7.285021025000050 51.512801814000099)",Unfall 32229 (2022) Kat:2, Licht: 0,32229,2,7,4,03,09,1,0,0,0,1,0,0,0,0
"POINT (7.206746703000020 51.480026237000097)",Unfall 32253 (2022) Kat:3, Licht: 0,32253,3,6,2,04,08,4,0,0,0,1,0,0,0,0
"POINT (7.151979142000070 51.464005907999997)",Unfall 32289 (2022) Kat:3, Licht: 0,32289,3,2,2,03,08,4,0,0,0,1,0,0,0,0
"POINT (7.321486416000030 51.473647879000097)",Unfall 32384 (2022) Kat:3, Licht: 0,32384,3,6,2,04,17,2,0,0,0,1,0,0,0,0
"POINT (7.139099039000030 51.458734811000099)",Unfall 32407 (2022) Kat:3, Licht: 0,32407,3,5,3,04,12,4,0,0,0,1,0,0,0,1
"POINT (7.212316323000040 51.496709021000100)",Unfall 32522 (2022) Kat:3, Licht: 0,32522,3,6,2,04,10,5,0,0,0,1,0,0,0,0
"POINT (7.279120140000030 51.480704941000099)",Unfall 32591 (2022) Kat:3, Licht: 0,32591,3,7,2,04,15,5,1,0,0,1,0,0,0,1
"POINT (7.145300705000070 51.461020621999999)",Unfall 32624 (2022) Kat:3, Licht: 0,32624,3,3,5,04,14,1,0,0,0,1,0,0,0,0
"POINT (7.198752912000030 51.463425006000101)",Unfall 32660 (2022) Kat:3, Licht: 0,32660,3,6,1,05,10,3,0,0,0,1,0,0,1,0
"POINT (7.282446969000030 51.508690661000102)",Unfall 32784 (2022) Kat:3, Licht: 0,32784,3,2,3,05,17,4,0,0,1,1,0,0,0,0
"POINT (7.211687227000030 51.481173603000101)",Unfall 32834 (2022) Kat:3, Licht: 0,32834,3,1,0,05,14,4,0,0,1,0,0,0,0,0
"POINT (7.194690053000040 51.492557247999997)",Unfall 32865 (2022) Kat:3, Licht: 0,32865,3,6,2,04,19,3,0,0,0,1,0,0,0,0
"POINT (7.147802139000020 51.432037421000103)",Unfall 32871 (2022) Kat:3, Licht: 0,32871,3,7,2,04,17,1,0,0,0,1,0,1,0,0
"POINT (7.255070720000050 51.458489526000101)",Unfall 33052 (2022) Kat:3, Licht: 0,33052,3,3,0,04,18,6,0,0,0,0,0,0,0,1
"POINT (7.192245790000070 51.476747279000101)",Unfall 33084 (2022) Kat:3, Licht: 0,33084,3,6,2,04,17,4,0,0,0,1,0,0,0,0
"POINT (7.272138971000060 51.516381606000003)",Unfall 33118 (2022) Kat:3, Licht: 2,33118,3,3,5,04,20,5,0,2,1,1,0,0,0,0
"POINT (7.143837863000040 51.493899472000102)",Unfall 33120 (2022) Kat:3, Licht: 1,33120,3,7,6,04,20,3,0,1,0,1,1,0,0,0
"POINT (7.212183661000040 51.497366390000103)",Unfall 33354 (2022) Kat:3, Licht: 0,33354,3,4,6,05,07,5,0,0,0,0,1,0,0,1
"POINT (7.209827959000050 51.497874213000003)",Unfall 33389 (2022) Kat:3, Licht: 0,33389,3,6,2,04,15,4,0,0,0,1,0,0,0,0
"POINT (7.128640242000070 51.474357972000099)",Unfall 33431 (2022) Kat:3, Licht: 0,33431,3,6,2,04,13,5,0,0,0,1,0,0,0,0
"POINT (7.231355443000040 51.476834822000100)",Unfall 33492 (2022) Kat:3, Licht: 0,33492,3,2,2,04,15,4,0,0,1,0,0,0,0,1
"POINT (7.228420498000050 51.499900379000103)",Unfall 33580 (2022) Kat:3, Licht: 0,33580,3,3,5,04,06,2,1,0,0,1,0,1,0,0
"POINT (7.310700908000060 51.492552825000097)",Unfall 33665 (2022) Kat:3, Licht: 0,33665,3,2,3,05,18,3,0,0,0,1,0,1,0,0
"POINT (7.212368289000040 51.482041909000003)",Unfall 33691 (2022) Kat:1, Licht: 2,33691,1,2,6,04,23,6,0,2,0,1,1,0,0,0
"POINT (7.212395746000030 51.496313660000098)",Unfall 33744 (2022) Kat:3, Licht: 0,33744,3,3,5,05,18,5,0,0,1,1,0,0,0,0
"POINT (7.214695058000070 51.498242990999998)",Unfall 33783 (2022) Kat:3, Licht: 0,33783,3,6,2,04,15,3,1,0,0,1,0,0,1,0
"POINT (7.212002486000070 51.500696677000100)",Unfall 33980 (2022) Kat:3, Licht: 0,33980,3,2,5,04,09,7,0,0,1,1,0,0,0,0
"POINT (7.150216826000080 51.465255112000101)",Unfall 34008 (2022) Kat:3, Licht: 0,34008,3,3,5,04,09,4,0,0,0,1,0,0,0,1
"POINT (7.196851633000050 51.462883816999998)",Unfall 34025 (2022) Kat:3, Licht: 0,34025,3,3,5,05,15,3,0,0,0,1,0,0,0,0
"POINT (7.194188428000070 51.447512771000000)",Unfall 34057 (2022) Kat:3, Licht: 0,34057,3,4,6,04,17,2,0,0,0,1,1,0,0,0
"POINT (7.246139638000050 51.471857473000100)",Unfall 34096 (2022) Kat:3, Licht: 0,34096,3,6,2,04,14,5,0,0,0,1,0,0,0,0