WKT,Name,OBJECTID,UKATEGORIE,UTYP1,UART,UMONAT,USTUNDE,UWOCHENTAG,STRZUSTAND,ULICHTVERH,ISTRAD,ISTPKW,ISTFUSS,ISTKRAD,ISTGKFZ,ISTSONSTIG
"POINT (7.198435712000050 51.491556195999998)",Unfall 34138 (2022) Kat:3, Licht: 0,34138,3,6,3,04,16,6,0,0,1,1,0,0,0,0
"POINT (7.155742260000070 51.446430198000002)",Unfall 34170 (2022) Kat:3, Licht: 0,34170,3,6,9,05,14,7,1,0,0,1,0,0,1,0
"POINT (7.174372205000050 51.452568769000003)",Unfall 34188 (2022) Kat:2, Licht: 2,34188,2,1,8,04,23,6,0,2,1,0,0,0,0,0
"POINT (7.304708560000050 51.496383489000003)",Unfall 34227 (2022) Kat:3, Licht: 0,34227,3,6,2,04,20,7,0,0,0,1,0,0,0,0
"POINT (7.318901499000050 51.457294302999998)",Unfall 34246 (2022) Kat:3, Licht: 0,34246,3,7,3,05,09,7,0,0,0,1,0,0,0,1
"POINT (7.151979142000070 51.464005907999997)",Unfall 34350 (2022) Kat:2, Licht: 0,34350,2,2,5,04,17,4,0,0,0,1,0,0,0,1
"POINT (7.210413678000070 51.511739462000001)",Unfall 34361 (2022) Kat:3, Licht: 0,34361,3,6,2,05,18,4,0,0,0,1,0,0,0,0
"POINT (7.320862274000040 51.494354252999997)",Unfall 34415 (2022) Kat:3, Licht: 0,34415,3,7,8,04,19,4,0,0,0,1,0,0,0,0
"POINT (7.308033673000070 51.496227087000101)",Unfall 34464 (2022) Kat:3, Licht: 0,34464,3,6,2,05,06,6,0,0,0,1,0,0,1,0
"POINT (7.224794262000050 51.475188638000098)",Unfall 34532 (2022) Kat:3, Licht: 0,34532,3,2,5,05,18,5,0,0,1,1,0,0,0,0
"POINT (7.192111841000040 51.453723423000000)",Unfall 34562 (2022) Kat:3, Licht: 0,34562,3,6,2,04,11,6,0,0,0,1,0,0,0,0
"POINT (7.323818769000070 51.470638186000002)",Unfall 34725 (2022) Kat:2, Licht: 0,34725,2,1,0,05,14,6,0,0,1,0,0,0,0,0
"POINT (7.201099964000040 51.497019829000102)",Unfall 34728 (2022) Kat:3, Licht: 0,34728,3,6,2,05,15,2,0,0,0,1,0,1,0,0
"POINT (7.240963562000050 51.495079068000102)",Unfall 34895 (2022) Kat:3, Licht: 2,34895,3,6,2,04,13,7,0,2,0,1,0,0,0,0
"POINT (7.232074904000060 51.457703504000101)",Unfall 34908 (2022) Kat:3, Licht: 1,34908,3,6,3,05,20,6,0,1,0,1,0,0,1,0
"POINT (7.227796929000020 51.462734500000103)",Unfall 34914 (2022) Kat:3, Licht: 0,34914,3,3,5,04,13,1,0,0,1,1,0,0,0,0
"POINT (7.165844045000030 51.422409389000101)",Unfall 34952 (2022) Kat:2, Licht: 0,34952,2,1,9,05,17,5,0,0,0,1,0,1,0,0
"POINT (7.117741722000060 51.472336858000098)",Unfall 34985 (2022) Kat:3, Licht: 0,34985,3,6,2,05,09,2,0,0,0,1,0,0,0,0
"POINT (7.167978262000080 51.422530033000001)",Unfall 35217 (2022) Kat:3, Licht: 0,35217,3,2,5,05,07,2,0,0,0,1,0,0,0,0
"POINT (7.216341174000040 51.426087594000101)",Unfall 35348 (2022) Kat:2, Licht: 0,35348,2,7,8,05,17,4,0,0,0,1,0,0,0,0
"POINT (7.170049031000080 51.481698789000099)",Unfall 35353 (2022) Kat:3, Licht: 0,35353,3,6,2,05,07,2,0,0,0,1,0,0,0,0
"POINT (7.172124252000060 51.479788889000098)",Unfall 35390 (2022) Kat:2, Licht: 0,35390,2,1,8,05,13,3,0,0,0,1,0,0,0,0
"POINT (7.202721598000040 51.497218418000003)",Unfall 35501 (2022) Kat:3, Licht: 0,35501,3,6,2,05,15,6,0,0,0,1,0,0,0,0
"POINT (7.166043052000020 51.470637065000098)",Unfall 35557 (2022) Kat:3, Licht: 0,35557,3,1,9,05,13,2,0,0,0,1,0,0,0,0
"POINT (7.256480939000030 51.494016930000001)",Unfall 35755 (2022) Kat:3, Licht: 0,35755,3,6,2,05,08,3,0,0,0,1,0,0,0,0
"POINT (7.162443349000060 51.423570329000000)",Unfall 35774 (2022) Kat:3, Licht: 0,35774,3,1,0,05,17,7,0,0,1,0,0,0,0,0
"POINT (7.147699970000080 51.448657490000102)",Unfall 35844 (2022) Kat:3, Licht: 0,35844,3,3,5,05,12,3,0,0,0,1,0,0,0,0
"POINT (7.212084449000030 51.515933691000001)",Unfall 35869 (2022) Kat:3, Licht: 0,35869,3,6,2,05,13,1,0,0,0,1,0,0,0,0
"POINT (7.275342626000050 51.519241071000103)",Unfall 35908 (2022) Kat:3, Licht: 0,35908,3,1,0,05,07,2,0,0,1,0,0,0,0,0
"POINT (7.179541599000060 51.435478345000000)",Unfall 35981 (2022) Kat:3, Licht: 0,35981,3,6,2,05,15,5,0,0,0,1,0,0,0,1
"POINT (7.225779593000030 51.448504745999998)",Unfall 36017 (2022) Kat:2, Licht: 0,36017,2,6,0,05,13,1,0,0,0,1,0,1,0,0
"POINT (7.261330374000070 51.494137228000099)",Unfall 36060 (2022) Kat:3, Licht: 0,36060,3,3,5,05,09,4,0,0,0,1,0,1,0,0
"POINT (7.191907507000050 51.442425134000104)",Unfall 36061 (2022) Kat:3, Licht: 0,36061,3,1,0,05,12,7,0,0,1,0,0,0,0,0
"POINT (7.222615129000080 51.511953323999997)",Unfall 36137 (2022) Kat:3, Licht: 0,36137,3,6,2,05,07,3,1,0,0,1,0,0,0,0
"POINT (7.177205508000040 51.481471016999997)",Unfall 36140 (2022) Kat:3, Licht: 0,36140,3,6,2,05,07,5,0,0,0,1,0,0,0,0
"POINT (7.141388091000070 51.480843710000002)",Unfall 36243 (2022) Kat:3, Licht: 0,36243,3,3,5,05,11,4,0,0,1,1,0,0,0,0
"POINT (7.247543122000020 51.462147678000100)",Unfall 36371 (2022) Kat:3, Licht: 0,36371,3,6,3,06,09,4,0,0,0,1,0,0,1,0
"POINT (7.166553277000050 51.478890806000003)",Unfall 36446 (2022) Kat:3, Licht: 0,36446,3,6,2,05,16,4,0,0,0,1,0,0,0,0
"POINT (7.168115001000050 51.447333044000104)",Unfall 36450 (2022) Kat:3, Licht: 0,36450,3,2,5,05,11,7,0,0,1,1,0,0,0,0
"POINT (7.213097749000040 51.492685446000102)",Unfall 36542 (2022) Kat:3, Licht: 1,36542,3,3,5,05,07,3,1,1,0,0,0,0,0,1
"POINT (7.165599136000030 51.478671755000100)",Unfall 36545 (2022) Kat:3, Licht: 0,36545,3,6,3,05,17,5,1,0,0,1,0,0,1,0
"POINT (7.215643511000050 51.478061485000097)",Unfall 36562 (2022) Kat:3, Licht: 0,36562,3,6,2,05,18,2,1,0,0,1,0,0,0,0
"POINT (7.241473113000040 51.490893551000099)",Unfall 36656 (2022) Kat:3, Licht: 0,36656,3,3,5,05,16,4,0,0,1,1,0,0,0,0
"POINT (7.229264311000070 51.477309805000097)",Unfall 36664 (2022) Kat:3, Licht: 0,36664,3,6,2,05,17,2,1,0,0,1,0,0,0,0
"POINT (7.141092356000060 51.442521878999997)",Unfall 36762 (2022) Kat:3, Licht: 0,36762,3,3,5,05,12,4,0,0,1,1,0,0,0,0
"POINT (7.280916229000070 51.477046078999997)",Unfall 36847 (2022) Kat:3, Licht: 0,36847,3,6,2,05,12,4,0,0,0,1,0,0,1,1
"POINT (7.144893020000040 51.471863320000097)",Unfall 36850 (2022) Kat:3, Licht: 0,36850,3,6,2,06,16,4,0,0,0,1,0,0,0,0
"POINT (7.335576520000070 51.495775827000003)",Unfall 37028 (2022) Kat:3, Licht: 0,37028,3,6,2,05,16,2,0,0,0,1,0,0,0,0
"POINT (7.245525962000040 51.418345934000101)",Unfall 37150 (2022) Kat:3, Licht: 0,37150,3,3,5,05,18,1,0,0,0,1,0,1,0,0
"POINT (7.236378196000030 51.459837856000000)",Unfall 37166 (2022) Kat:2, Licht: 0,37166,2,7,5,05,12,2,0,0,0,1,0,0,0,1
"POINT (7.198827210000050 51.478189030000102)",Unfall 37222 (2022) Kat:3, Licht: 1,37222,3,6,2,05,17,2,1,1,0,1,0,0,0,0
"POINT (7.234087069000050 51.488209773999998)",Unfall 37264 (2022) Kat:3, Licht: 0,37264,3,3,5,05,16,6,1,0,0,1,0,0,0,0
"POINT (7.211994876000060 51.515738166000098)",Unfall 37334 (2022) Kat:2, Licht: 0,37334,2,1,0,05,15,4,0,0,1,0,0,0,0,0
"POINT (7.204937049000020 51.489980349000099)",Unfall 37338 (2022) Kat:2, Licht: 0,37338,2,1,0,05,12,4,0,0,1,0,0,0,0,0
"POINT (7.233076780000030 51.432637448999998)",Unfall 37358 (2022) Kat:2, Licht: 0,37358,2,4,6,06,19,5,0,0,0,0,1,0,0,1
"POINT (7.307877244000050 51.470340135000100)",Unfall 37470 (2022) Kat:3, Licht: 0,37470,3,6,3,05,20,3,0,0,0,1,0,1,0,0
"POINT (7.178527521000030 51.458973372999999)",Unfall 37508 (2022) Kat:3, Licht: 0,37508,3,1,0,06,11,4,0,0,0,1,0,0,0,0
"POINT (7.141154110000060 51.481677438000098)",Unfall 37576 (2022) Kat:3, Licht: 0,37576,3,3,5,05,15,6,0,0,0,1,0,0,0,0
"POINT (7.232270774000030 51.463356226000002)",Unfall 37597 (2022) Kat:3, Licht: 0,37597,3,2,5,05,15,7,0,0,1,1,0,0,0,0
"POINT (7.284992427000020 51.481454657000000)",Unfall 37682 (2022) Kat:3, Licht: 0,37682,3,5,1,06,17,5,0,0,0,1,0,0,0,1
"POINT (7.225871710000040 51.474108215999998)",Unfall 37683 (2022) Kat:3, Licht: 0,37683,3,6,1,05,19,5,0,0,0,1,0,0,0,0
"POINT (7.129907044000050 51.468647724000000)",Unfall 37687 (2022) Kat:3, Licht: 0,37687,3,5,6,05,14,2,0,0,0,1,0,0,0,1
"POINT (7.157068030000060 51.458948936000098)",Unfall 37740 (2022) Kat:3, Licht: 0,37740,3,6,6,05,10,5,0,0,1,0,1,0,0,0
"POINT (7.240452456000070 51.473627604000100)",Unfall 37830 (2022) Kat:3, Licht: 0,37830,3,3,5,06,11,5,1,0,0,1,0,0,0,0
"POINT (7.212438516000020 51.471231375000102)",Unfall 37876 (2022) Kat:3, Licht: 0,37876,3,4,6,06,07,2,1,0,0,1,1,0,0,0
"POINT (7.234902849000040 51.461502582999998)",Unfall 38228 (2022) Kat:3, Licht: 0,38228,3,6,3,06,18,2,0,0,0,1,0,0,0,0
"POINT (7.190260283000040 51.471214928000101)",Unfall 38270 (2022) Kat:3, Licht: 0,38270,3,6,3,06,18,4,1,0,0,1,0,0,1,0
"POINT (7.225740466000050 51.453791050000099)",Unfall 38296 (2022) Kat:3, Licht: 0,38296,3,6,2,06,16,5,0,0,0,1,0,0,0,0
"POINT (7.215512643000070 51.477118797999999)",Unfall 38302 (2022) Kat:3, Licht: 0,38302,3,5,3,06,13,2,0,0,1,1,0,0,0,0
"POINT (7.151429952000060 51.447508088000099)",Unfall 38342 (2022) Kat:3, Licht: 0,38342,3,2,3,06,10,3,0,0,0,1,0,0,0,1
"POINT (7.210470176000060 51.511490249000097)",Unfall 38412 (2022) Kat:3, Licht: 0,38412,3,2,5,06,15,6,0,0,1,0,0,1,0,0
"POINT (7.274140200000030 51.518121365000098)",Unfall 38490 (2022) Kat:3, Licht: 0,38490,3,6,2,06,15,2,0,0,0,1,0,0,0,0
"POINT (7.252593132000070 51.511838453999999)",Unfall 38636 (2022) Kat:3, Licht: 0,38636,3,6,2,06,14,6,0,0,0,1,0,0,0,0
"POINT (7.149498346000030 51.447993375000102)",Unfall 38648 (2022) Kat:3, Licht: 0,38648,3,6,2,06,07,5,0,0,0,1,0,0,0,1
"POINT (7.200062290000060 51.491123113000100)",Unfall 38685 (2022) Kat:3, Licht: 0,38685,3,7,6,06,15,1,0,0,0,1,1,0,0,0
"POINT (7.232828504000050 51.457844858000001)",Unfall 38711 (2022) Kat:3, Licht: 1,38711,3,6,2,06,21,3,0,1,0,1,0,0,0,0
"POINT (7.231314774000050 51.476844446000001)",Unfall 38771 (2022) Kat:3, Licht: 0,38771,3,5,1,06,18,5,0,0,1,1,0,0,0,0
"POINT (7.118760446000070 51.472577607000098)",Unfall 38778 (2022) Kat:3, Licht: 0,38778,3,6,2,06,08,4,0,0,0,1,0,0,0,1
"POINT (7.155070821000040 51.478899340000098)",Unfall 38955 (2022) Kat:3, Licht: 0,38955,3,5,1,06,19,1,0,0,0,1,0,1,0,0
"POINT (7.239662232000060 51.449664093000102)",Unfall 39076 (2022) Kat:3, Licht: 0,39076,3,7,8,06,15,5,0,0,0,1,0,0,0,0
"POINT (7.182863450000070 51.460500931000098)",Unfall 39118 (2022) Kat:3, Licht: 0,39118,3,1,0,06,11,7,0,0,1,0,0,0,0,0
"POINT (7.181103471000030 51.436279198000101)",Unfall 39203 (2022) Kat:3, Licht: 0,39203,3,6,2,06,18,6,0,0,0,1,0,0,0,0
"POINT (7.211899935000080 51.481223930000098)",Unfall 39248 (2022) Kat:3, Licht: 0,39248,3,1,0,06,07,6,1,0,1,0,0,0,0,0
"POINT (7.318784153000020 51.459359914000103)",Unfall 39255 (2022) Kat:3, Licht: 0,39255,3,4,6,06,11,6,0,0,0,1,1,0,0,0
"POINT (7.275306728000030 51.519202934000099)",Unfall 39345 (2022) Kat:3, Licht: 1,39345,3,7,8,06,05,7,0,1,0,1,0,0,0,0
"POINT (7.244558243000030 51.472071275000097)",Unfall 39405 (2022) Kat:2, Licht: 0,39405,2,2,6,06,11,4,0,0,0,1,1,0,0,0
"POINT (7.282446969000030 51.508690661000102)",Unfall 39569 (2022) Kat:3, Licht: 0,39569,3,3,5,06,15,4,0,0,0,1,0,1,0,0
"POINT (7.216523426000040 51.486357418000097)",Unfall 39574 (2022) Kat:3, Licht: 0,39574,3,4,6,06,10,4,0,0,1,0,1,0,0,0
"POINT (7.127412456000060 51.487300688000097)",Unfall 39763 (2022) Kat:3, Licht: 0,39763,3,2,5,06,19,5,0,0,0,1,0,0,0,1
"POINT (7.211779928000060 51.499400666000000)",Unfall 39780 (2022) Kat:3, Licht: 0,39780,3,6,2,06,15,4,0,0,1,0,0,0,0,1
"POINT (7.208740831000060 51.488805954000000)",Unfall 39823 (2022) Kat:2, Licht: 0,39823,2,1,0,06,12,1,0,0,0,0,0,0,0,1
"POINT (7.194619197000070 51.445780077000101)",Unfall 39875 (2022) Kat:3, Licht: 0,39875,3,7,1,06,15,5,0,0,0,1,0,0,1,0
"POINT (7.216916754000070 51.478719284000100)",Unfall 39986 (2022) Kat:3, Licht: 0,39986,3,7,6,06,19,6,0,0,0,1,1,0,0,0
"POINT (7.226878763000060 51.446833085999998)",Unfall 40025 (2022) Kat:3, Licht: 0,40025,3,6,2,06,16,3,0,0,0,1,0,0,0,1
"POINT (7.214943314000040 51.498178095000100)",Unfall 40089 (2022) Kat:3, Licht: 0,40089,3,7,3,06,12,5,0,0,0,1,0,0,0,0
"POINT (7.289276305000040 51.497483924999997)",Unfall 40224 (2022) Kat:3, Licht: 0,40224,3,6,2,06,19,5,0,0,0,1,0,0,0,0
"POINT (7.203796328000070 51.479341085999998)",Unfall 40259 (2022) Kat:3, Licht: 0,40259,3,1,0,07,09,3,0,0,1,0,0,0,0,0
"POINT (7.215720799000050 51.498311322000099)",Unfall 40329 (2022) Kat:3, Licht: 0,40329,3,6,2,06,16,3,0,0,0,1,0,1,0,0
"POINT (7.245754118000040 51.492147195000001)",Unfall 40364 (2022) Kat:3, Licht: 0,40364,3,1,0,06,08,2,1,0,1,0,0,0,0,0
"POINT (7.151429952000060 51.447508088000099)",Unfall 40607 (2022) Kat:2, Licht: 0,40607,2,3,5,07,09,1,0,0,0,1,0,0,0,0
"POINT (7.201303631000030 51.478776450000097)",Unfall 40654 (2022) Kat:3, Licht: 0,40654,3,3,5,06,15,4,0,0,0,1,0,0,0,1
"POINT (7.126698995000030 51.487712832000099)",Unfall 40659 (2022) Kat:3, Licht: 0,40659,3,1,0,06,12,3,0,0,1,0,0,0,0,0
"POINT (7.224133356000040 51.480134169999999)",Unfall 40799 (2022) Kat:3, Licht: 0,40799,3,6,1,06,12,4,0,0,0,1,0,0,0,0
"POINT (7.217497444000060 51.478574187000000)",Unfall 40880 (2022) Kat:3, Licht: 0,40880,3,6,3,06,18,2,1,0,1,1,0,0,0,0
"POINT (7.261609106000040 51.495371364999997)",Unfall 41087 (2022) Kat:3, Licht: 0,41087,3,6,2,07,16,5,0,0,0,1,0,0,0,0
"POINT (7.333901063000040 51.458761103000001)",Unfall 41103 (2022) Kat:3, Licht: 1,41103,3,1,0,07,21,1,0,1,0,0,0,0,0,1
"POINT (7.261772203000020 51.494808923000100)",Unfall 41237 (2022) Kat:3, Licht: 2,41237,3,3,5,06,23,2,0,2,0,1,0,0,1,0
"POINT (7.228266883000060 51.499978904999999)",Unfall 41283 (2022) Kat:3, Licht: 0,41283,3,3,5,06,09,7,0,0,1,1,0,0,0,0
"POINT (7.247046668000050 51.453651160000000)",Unfall 41292 (2022) Kat:3, Licht: 0,41292,3,1,0,06,18,2,1,0,0,0,0,1,0,0
"POINT (7.295439405000020 51.466158939000103)",Unfall 41377 (2022) Kat:3, Licht: 0,41377,3,2,5,06,11,7,0,0,1,1,0,0,0,0
"POINT (7.215643786000040 51.478810699000100)",Unfall 41441 (2022) Kat:3, Licht: 0,41441,3,7,0,07,16,1,1,0,0,0,0,0,0,1
"POINT (7.210412660000030 51.511748588000003)",Unfall 41470 (2022) Kat:3, Licht: 0,41470,3,2,3,07,18,2,0,0,1,1,0,0,0,0
"POINT (7.189184758000070 51.503347278000000)",Unfall 41534 (2022) Kat:3, Licht: 0,41534,3,4,0,07,20,3,0,0,0,0,1,0,0,1
"POINT (7.216912499000050 51.485639025000097)",Unfall 41560 (2022) Kat:3, Licht: 0,41560,3,1,8,07,05,1,0,0,0,1,0,0,0,0
"POINT (7.221363809000020 51.478776018000097)",Unfall 41574 (2022) Kat:3, Licht: 1,41574,3,1,0,07,19,6,0,1,0,0,0,1,0,0
"POINT (7.240628232000060 51.449871219999999)",Unfall 41677 (2022) Kat:3, Licht: 2,41677,3,3,5,07,01,4,0,2,0,1,0,0,0,1
"POINT (7.222150031000070 51.444838756000102)",Unfall 41732 (2022) Kat:3, Licht: 0,41732,3,3,5,07,12,2,0,0,0,1,0,0,0,1
"POINT (7.148891525000070 51.496665884999999)",Unfall 41767 (2022) Kat:3, Licht: 0,41767,3,7,0,07,19,3,0,0,1,0,0,0,0,0
"POINT (7.212875209000060 51.493851829000100)",Unfall 41788 (2022) Kat:3, Licht: 0,41788,3,6,3,07,07,3,0,0,0,1,0,0,0,1
"POINT (7.171014924000080 51.457895471000000)",Unfall 41837 (2022) Kat:3, Licht: 0,41837,3,1,0,07,19,4,1,0,1,0,0,0,0,0
"POINT (7.209317064000060 51.488464491000101)",Unfall 41911 (2022) Kat:3, Licht: 0,41911,3,1,0,07,18,1,0,0,1,0,0,0,0,0
"POINT (7.266099394000040 51.500156538000098)",Unfall 41958 (2022) Kat:3, Licht: 0,41958,3,6,2,07,11,3,0,0,0,1,0,1,0,0
"POINT (7.245002996000040 51.424069276000097)",Unfall 42015 (2022) Kat:3, Licht: 0,42015,3,6,2,07,11,5,0,0,0,1,0,1,0,0
"POINT (7.282729341000050 51.508828031000100)",Unfall 42061 (2022) Kat:3, Licht: 0,42061,3,3,5,07,18,2,0,0,1,1,0,0,0,0
"POINT (7.324293326000030 51.473854511000098)",Unfall 42062 (2022) Kat:3, Licht: 0,42062,3,1,0,07,07,3,0,0,1,0,0,0,0,0
"POINT (7.310700908000060 51.492552825000097)",Unfall 42078 (2022) Kat:3, Licht: 0,42078,3,1,0,07,06,4,0,0,1,0,0,0,0,0
"POINT (7.224224714000060 51.458086764000001)",Unfall 42086 (2022) Kat:3, Licht: 0,42086,3,6,3,07,20,7,0,0,0,1,0,0,0,0
"POINT (7.162131793000070 51.480160996999999)",Unfall 42099 (2022) Kat:3, Licht: 0,42099,3,6,4,07,12,5,1,0,0,1,0,0,0,1
"POINT (7.219472313000040 51.465396781999999)",Unfall 42151 (2022) Kat:3, Licht: 0,42151,3,1,0,07,18,7,0,0,1,0,0,0,0,0
"POINT (7.193329003000030 51.478412959000103)",Unfall 42152 (2022) Kat:3, Licht: 0,42152,3,6,3,07,17,2,0,0,1,1,0,0,0,0
"POINT (7.195588394000030 51.448910278000000)",Unfall 42279 (2022) Kat:3, Licht: 0,42279,3,3,5,07,11,7,0,0,1,1,0,0,0,0
"POINT (7.129844541000070 51.472990737000003)",Unfall 42299 (2022) Kat:3, Licht: 0,42299,3,3,5,07,11,1,0,0,0,1,0,0,0,0
"POINT (7.218083970000070 51.468934648000101)",Unfall 42475 (2022) Kat:3, Licht: 0,42475,3,3,5,07,11,3,0,0,0,1,0,0,0,0
"POINT (7.212169202000040 51.482311070000002)",Unfall 42530 (2022) Kat:3, Licht: 0,42530,3,3,5,07,09,3,0,0,0,1,0,0,0,1
"POINT (7.136735747000050 51.457991243000002)",Unfall 42531 (2022) Kat:3, Licht: 0,42531,3,6,2,07,15,5,1,0,0,1,0,0,0,0
"POINT (7.254106135000030 51.472268806000002)",Unfall 42550 (2022) Kat:2, Licht: 0,42550,2,2,6,07,07,3,0,0,0,1,1,0,0,0
"POINT (7.239891267000080 51.490399277999998)",Unfall 42716 (2022) Kat:3, Licht: 0,42716,3,2,0,07,07,7,0,0,0,1,0,1,0,0
"POINT (7.227796929000020 51.462734500000103)",Unfall 42753 (2022) Kat:3, Licht: 0,42753,3,3,5,07,11,3,0,0,0,1,0,0,0,1
"POINT (7.147004162000030 51.431422007000002)",Unfall 42771 (2022) Kat:3, Licht: 0,42771,3,1,0,07,16,5,0,0,0,0,0,1,0,0
"POINT (7.135074966000050 51.459649365000097)",Unfall 42864 (2022) Kat:3, Licht: 0,42864,3,2,2,07,20,4,0,0,0,0,0,1,0,0
"POINT (7.278078323000050 51.486072519000103)",Unfall 42917 (2022) Kat:3, Licht: 0,42917,3,6,2,07,12,7,0,0,0,1,0,0,0,0
"POINT (7.154619640000020 51.461161492000002)",Unfall 43084 (2022) Kat:3, Licht: 0,43084,3,6,4,07,21,3,0,0,0,1,0,1,0,0
"POINT (7.163750824000030 51.470079920000003)",Unfall 43186 (2022) Kat:3, Licht: 2,43186,3,1,0,08,22,1,0,2,0,0,0,1,0,0
"POINT (7.202054638000050 51.461993700999997)",Unfall 43313 (2022) Kat:3, Licht: 2,43313,3,2,5,08,05,3,0,2,1,1,0,0,0,0
"POINT (7.154357585000070 51.461942970999999)",Unfall 43346 (2022) Kat:2, Licht: 0,43346,2,4,6,08,06,2,0,0,0,1,1,0,0,0
"POINT (7.164814002000070 51.445312891000100)",Unfall 43367 (2022) Kat:3, Licht: 0,43367,3,4,6,08,07,3,0,0,0,1,1,0,0,0
"POINT (7.215953433000040 51.474111151000002)",Unfall 43379 (2022) Kat:3, Licht: 2,43379,3,7,0,08,22,6,0,2,0,1,0,0,0,1
"POINT (7.236356843000070 51.475165691000001)",Unfall 43501 (2022) Kat:3, Licht: 0,43501,3,6,3,07,16,5,0,0,0,1,0,1,0,0
"POINT (7.225871710000040 51.474108215999998)",Unfall 43502 (2022) Kat:3, Licht: 1,43502,3,2,5,07,21,1,1,1,0,1,0,1,0,0
"POINT (7.185017748000060 51.491722862000103)",Unfall 43511 (2022) Kat:3, Licht: 0,43511,3,6,2,07,15,6,0,0,0,1,0,0,0,0
"POINT (7.312713638000050 51.493010711000103)",Unfall 43559 (2022) Kat:2, Licht: 0,43559,2,2,5,08,17,7,0,0,0,1,0,1,0,0
"POINT (7.191164317000070 51.480488577000102)",Unfall 43641 (2022) Kat:2, Licht: 0,43641,2,3,5,08,16,2,0,0,0,1,0,0,0,0
"POINT (7.250064165000030 51.493271161999999)",Unfall 43733 (2022) Kat:3, Licht: 2,43733,3,7,9,08,23,2,0,2,0,1,0,0,0,0
"POINT (7.203051706000050 51.462778125000099)",Unfall 43787 (2022) Kat:3, Licht: 2,43787,3,3,5,07,23,7,0,2,0,1,0,0,0,1
"POINT (7.225211121000030 51.482466799000100)",Unfall 43799 (2022) Kat:3, Licht: 2,43799,3,2,0,07,23,6,0,2,0,1,0,1,0,0
"POINT (7.254096772000030 51.465211846000003)",Unfall 43831 (2022) Kat:3, Licht: 0,43831,3,3,5,08,10,1,0,0,0,1,0,1,0,0
"POINT (7.252097515000060 51.455894092999998)",Unfall 43909 (2022) Kat:3, Licht: 0,43909,3,1,0,08,12,6,1,0,1,0,0,0,0,0
"POINT (7.221363809000020 51.478776018000097)",Unfall 43919 (2022) Kat:3, Licht: 0,43919,3,2,5,08,08,6,0,0,0,1,0,0,0,1
"POINT (7.202616080000040 51.454192469000098)",Unfall 43955 (2022) Kat:3, Licht: 0,43955,3,5,0,07,18,7,0,0,1,1,0,0,0,0
"POINT (7.177918700000020 51.434660563000101)",Unfall 43981 (2022) Kat:3, Licht: 0,43981,3,6,2,08,12,7,0,0,0,1,0,0,0,0
"POINT (7.203894156000050 51.455781598000002)",Unfall 44091 (2022) Kat:3, Licht: 0,44091,3,2,0,08,12,3,0,0,0,1,1,0,0,0
"POINT (7.145544629000030 51.468616496999999)",Unfall 44194 (2022) Kat:3, Licht: 0,44194,3,3,5,08,19,2,0,0,1,1,0,0,0,0
"POINT (7.238580055000060 51.474324264000103)",Unfall 44237 (2022) Kat:3, Licht: 0,44237,3,3,5,08,08,1,0,0,0,1,0,0,0,0
"POINT (7.239972718000050 51.438590804000100)",Unfall 44273 (2022) Kat:2, Licht: 0,44273,2,7,8,08,11,3,0,0,0,1,0,0,0,0
"POINT (7.218083970000070 51.468934648000101)",Unfall 44325 (2022) Kat:3, Licht: 0,44325,3,6,1,08,18,3,0,0,0,1,0,0,0,0
"POINT (7.210598073000030 51.480917755000100)",Unfall 44326 (2022) Kat:3, Licht: 2,44326,3,1,0,07,21,7,1,2,0,0,0,0,0,1
"POINT (7.141510366000030 51.427445716000101)",Unfall 44364 (2022) Kat:3, Licht: 0,44364,3,3,5,08,18,6,0,0,1,1,0,0,0,0
"POINT (7.320031458000070 51.462565525999999)",Unfall 44402 (2022) Kat:3, Licht: 0,44402,3,6,8,08,09,4,0,0,0,1,0,0,0,0
"POINT (7.307309416000070 51.491679238000103)",Unfall 44405 (2022) Kat:3, Licht: 0,44405,3,7,8,08,12,7,0,0,0,1,0,0,0,0
"POINT (7.289443445000070 51.495421421000103)",Unfall 44439 (2022) Kat:2, Licht: 0,44439,2,6,0,07,09,5,0,0,0,1,0,0,0,1
"POINT (7.258522798000060 51.472087276000103)",Unfall 44442 (2022) Kat:3, Licht: 0,44442,3,6,4,08,17,2,0,0,0,1,0,0,0,0
"POINT (7.263479858000040 51.471231576999998)",Unfall 44460 (2022) Kat:3, Licht: 0,44460,3,1,0,08,18,4,0,0,1,0,0,0,0,0
"POINT (7.145365924000030 51.450111192000101)",Unfall 44534 (2022) Kat:3, Licht: 0,44534,3,6,2,08,15,2,0,0,0,1,0,0,0,0
"POINT (7.213792040000040 51.489223920000001)",Unfall 44638 (2022) Kat:3, Licht: 1,44638,3,6,2,08,20,2,0,1,0,1,0,0,0,0
"POINT (7.274810390000030 51.518706964000003)",Unfall 44644 (2022) Kat:3, Licht: 0,44644,3,4,6,08,21,4,0,0,0,1,1,0,0,0
"POINT (7.302145627000070 51.490678985000002)",Unfall 44698 (2022) Kat:3, Licht: 1,44698,3,6,2,08,21,6,0,1,0,1,0,0,0,0