WKT,Name,OBJECTID,UKATEGORIE,UTYP1,UART,UMONAT,USTUNDE,UWOCHENTAG,STRZUSTAND,ULICHTVERH,ISTRAD,ISTPKW,ISTFUSS,ISTKRAD,ISTGKFZ,ISTSONSTIG
"POINT (7.210541349000040 51.493005224999997)",Unfall 173353 (2022) Kat:3, Licht: 0,173353,3,6,6,05,13,2,0,0,0,1,1,0,0,0
"POINT (7.284375177000070 51.520651543000000)",Unfall 173480 (2022) Kat:3, Licht: 2,173480,3,5,1,05,01,7,0,2,0,1,0,0,0,0
"POINT (7.200948607000040 51.459177443999998)",Unfall 173695 (2022) Kat:2, Licht: 2,173695,2,5,1,05,02,7,0,2,0,1,0,0,0,1
"POINT (7.141086776000070 51.473791457000097)",Unfall 173748 (2022) Kat:3, Licht: 0,173748,3,6,1,05,16,5,0,0,0,1,0,0,0,0
"POINT (7.207784981000030 51.448809020000098)",Unfall 173818 (2022) Kat:3, Licht: 0,173818,3,5,1,05,16,4,0,0,1,0,0,0,0,1
"POINT (7.145309017000050 51.480137151000100)",Unfall 173822 (2022) Kat:3, Licht: 0,173822,3,3,5,05,15,4,0,0,1,1,0,0,0,0
"POINT (7.320540510000060 51.474887990000099)",Unfall 174104 (2022) Kat:3, Licht: 0,174104,3,1,0,06,17,1,0,0,1,0,0,0,0,0
"POINT (7.269640410000020 51.458267827000000)",Unfall 174295 (2022) Kat:3, Licht: 0,174295,3,5,4,06,19,3,1,0,0,1,0,0,0,0
"POINT (7.222210230000030 51.480324890000098)",Unfall 174351 (2022) Kat:3, Licht: 0,174351,3,1,0,05,08,6,0,0,1,0,0,0,0,0
"POINT (7.301867505000080 51.477769504000001)",Unfall 174368 (2022) Kat:3, Licht: 0,174368,3,2,2,06,17,5,0,0,1,1,0,0,0,0
"POINT (7.149329062000050 51.428752212000099)",Unfall 174432 (2022) Kat:3, Licht: 0,174432,3,3,5,05,16,7,0,0,1,1,0,0,0,0
"POINT (7.230456282000030 51.473146029000098)",Unfall 174481 (2022) Kat:3, Licht: 0,174481,3,3,5,06,07,6,0,0,1,1,0,0,0,0
"POINT (7.307854877000070 51.482280109999998)",Unfall 174512 (2022) Kat:3, Licht: 0,174512,3,1,0,06,17,1,1,0,0,0,0,1,0,0
"POINT (7.153406442000060 51.462799072000102)",Unfall 174698 (2022) Kat:3, Licht: 0,174698,3,5,0,06,17,6,0,0,1,1,0,0,0,0
"POINT (7.138385178000020 51.433314479000003)",Unfall 174728 (2022) Kat:2, Licht: 0,174728,2,1,0,06,13,5,0,0,1,0,0,0,0,0
"POINT (7.258217763000060 51.507488314000099)",Unfall 174759 (2022) Kat:3, Licht: 0,174759,3,3,5,06,07,2,1,0,1,1,0,0,0,0
"POINT (7.266372767000060 51.473052321000097)",Unfall 174895 (2022) Kat:3, Licht: 0,174895,3,6,2,06,13,7,0,0,0,1,0,1,0,0
"POINT (7.117616824000040 51.484053529999997)",Unfall 175033 (2022) Kat:3, Licht: 0,175033,3,2,2,06,16,7,0,0,0,1,0,0,0,0
"POINT (7.210847281000040 51.452755114000098)",Unfall 175037 (2022) Kat:3, Licht: 2,175037,3,1,9,06,00,5,0,2,1,0,0,0,0,0
"POINT (7.220717861000030 51.476533439999997)",Unfall 175081 (2022) Kat:3, Licht: 0,175081,3,2,4,06,13,7,0,0,1,1,0,0,0,0
"POINT (7.235915153000060 51.481546798000103)",Unfall 175101 (2022) Kat:3, Licht: 0,175101,3,1,0,06,17,4,0,0,1,0,0,0,0,0
"POINT (7.140767261000060 51.474022884000100)",Unfall 175238 (2022) Kat:3, Licht: 0,175238,3,6,2,06,12,4,0,0,0,1,0,0,1,0
"POINT (7.293864636000020 51.476468474000100)",Unfall 175278 (2022) Kat:3, Licht: 0,175278,3,2,2,06,15,4,0,0,0,1,0,1,0,0
"POINT (7.136886128000070 51.478761366000100)",Unfall 175324 (2022) Kat:2, Licht: 0,175324,2,7,0,07,09,6,0,0,0,1,0,1,0,0
"POINT (7.220085570000040 51.491798157000098)",Unfall 175408 (2022) Kat:3, Licht: 0,175408,3,3,5,06,08,3,0,0,0,1,0,1,0,0
"POINT (7.149113794000070 51.473443363999998)",Unfall 175502 (2022) Kat:3, Licht: 0,175502,3,2,4,06,17,6,0,0,0,1,0,0,0,0
"POINT (7.145911470000040 51.456172510999998)",Unfall 175516 (2022) Kat:3, Licht: 0,175516,3,3,5,06,13,6,0,0,1,1,0,0,0,0
"POINT (7.278421566000080 51.516256597000101)",Unfall 175532 (2022) Kat:3, Licht: 0,175532,3,6,4,06,11,5,0,0,1,1,0,0,0,0
"POINT (7.278225396000040 51.500975788000098)",Unfall 175599 (2022) Kat:3, Licht: 0,175599,3,6,6,06,18,4,0,0,0,1,1,0,0,0
"POINT (7.244493729000060 51.474459366000097)",Unfall 175666 (2022) Kat:3, Licht: 0,175666,3,2,5,06,15,6,0,0,0,1,0,0,0,0
"POINT (7.275926398000020 51.457562739000103)",Unfall 175683 (2022) Kat:3, Licht: 0,175683,3,3,5,06,18,5,0,0,0,1,0,0,0,0
"POINT (7.219557442000050 51.482574049999997)",Unfall 175696 (2022) Kat:3, Licht: 0,175696,3,3,5,07,20,6,0,0,1,1,0,0,0,0
"POINT (7.253201432000030 51.448923925000003)",Unfall 175699 (2022) Kat:3, Licht: 0,175699,3,6,1,06,18,3,0,0,1,1,0,0,0,0
"POINT (7.291409841000070 51.522943830000003)",Unfall 175768 (2022) Kat:3, Licht: 1,175768,3,3,5,06,05,4,0,1,0,1,0,1,0,0
"POINT (7.340922465000060 51.464045130000002)",Unfall 176048 (2022) Kat:3, Licht: 0,176048,3,1,1,07,16,2,0,0,1,1,0,0,0,0
"POINT (7.218941907000040 51.473468252000004)",Unfall 176051 (2022) Kat:2, Licht: 0,176051,2,1,1,07,15,2,0,0,0,1,0,1,0,0
"POINT (7.318770945000040 51.458453540999997)",Unfall 176098 (2022) Kat:3, Licht: 0,176098,3,6,3,07,15,5,1,0,0,1,0,0,0,0
"POINT (7.214394332000040 51.486040553000102)",Unfall 176124 (2022) Kat:3, Licht: 0,176124,3,5,3,07,10,5,1,0,1,1,0,0,0,0
"POINT (7.255556660000020 51.444549132000098)",Unfall 176203 (2022) Kat:3, Licht: 0,176203,3,6,0,07,15,3,0,0,1,0,0,0,0,0
"POINT (7.211798171000050 51.471670357000100)",Unfall 176252 (2022) Kat:3, Licht: 0,176252,3,3,5,07,15,7,1,0,1,1,0,0,0,0
"POINT (7.219036057000040 51.477428404000101)",Unfall 176320 (2022) Kat:3, Licht: 2,176320,3,7,6,07,00,7,0,2,0,1,1,0,0,0
"POINT (7.198975150000020 51.510495511999999)",Unfall 176404 (2022) Kat:3, Licht: 0,176404,3,6,4,07,15,4,0,0,0,1,0,0,0,0
"POINT (7.298862591000050 51.473672378000103)",Unfall 176466 (2022) Kat:3, Licht: 0,176466,3,2,5,07,18,3,0,0,0,1,0,0,0,0
"POINT (7.213530283000070 51.451104676000099)",Unfall 176477 (2022) Kat:3, Licht: 0,176477,3,3,5,07,12,7,0,0,1,0,0,0,0,0
"POINT (7.176975951000030 51.425294289000099)",Unfall 176499 (2022) Kat:3, Licht: 0,176499,3,5,1,07,08,5,0,0,0,1,0,0,0,1
"POINT (7.311311883000030 51.472244611000100)",Unfall 176627 (2022) Kat:3, Licht: 0,176627,3,2,6,07,15,4,0,0,0,1,1,0,0,0
"POINT (7.154178771000030 51.481367419999998)",Unfall 176658 (2022) Kat:3, Licht: 0,176658,3,3,5,07,20,5,0,0,0,1,0,0,0,0
"POINT (7.195834075000050 51.460325581000099)",Unfall 176706 (2022) Kat:3, Licht: 0,176706,3,7,6,07,11,7,0,0,0,1,1,0,0,0
"POINT (7.217461219000030 51.483946568000100)",Unfall 176741 (2022) Kat:3, Licht: 2,176741,3,1,8,07,00,7,0,2,0,0,0,0,0,1
"POINT (7.160941932000070 51.426099002999997)",Unfall 176764 (2022) Kat:3, Licht: 0,176764,3,1,0,07,18,1,0,0,1,0,0,0,0,0
"POINT (7.205402411000020 51.499083342000098)",Unfall 176830 (2022) Kat:2, Licht: 0,176830,2,1,0,07,09,4,0,0,1,0,0,0,0,0
"POINT (7.183826940000070 51.433740268000101)",Unfall 176853 (2022) Kat:3, Licht: 0,176853,3,3,5,07,07,2,0,0,0,1,0,0,0,1
"POINT (7.233306543000030 51.476291118000098)",Unfall 176900 (2022) Kat:3, Licht: 0,176900,3,2,2,07,16,5,0,0,0,1,0,0,0,0
"POINT (7.325068551000070 51.457395376000100)",Unfall 176976 (2022) Kat:2, Licht: 2,176976,2,1,9,07,02,7,0,2,0,1,0,0,0,0
"POINT (7.128263235000080 51.472784627000102)",Unfall 177035 (2022) Kat:3, Licht: 0,177035,3,7,2,08,13,1,0,0,0,1,0,1,0,0
"POINT (7.129773818000050 51.472982432000002)",Unfall 177080 (2022) Kat:3, Licht: 0,177080,3,6,2,07,15,6,0,0,0,1,0,0,0,0
"POINT (7.229656678000030 51.433082625000097)",Unfall 177100 (2022) Kat:3, Licht: 0,177100,3,1,0,08,16,4,0,0,1,0,0,0,0,0
"POINT (7.253201432000030 51.448923925000003)",Unfall 177250 (2022) Kat:3, Licht: 2,177250,3,1,0,07,21,6,0,2,1,0,0,0,0,0
"POINT (7.213579344000040 51.485985939999999)",Unfall 177257 (2022) Kat:3, Licht: 0,177257,3,5,1,08,08,5,0,0,1,1,0,0,0,0
"POINT (7.221393779000040 51.486052428999997)",Unfall 177339 (2022) Kat:3, Licht: 0,177339,3,3,5,07,14,6,0,0,0,1,0,0,0,1
"POINT (7.289848662000050 51.480646088000100)",Unfall 177365 (2022) Kat:3, Licht: 0,177365,3,1,0,07,17,1,1,0,1,0,0,0,0,0
"POINT (7.115582340000060 51.471662205000001)",Unfall 177396 (2022) Kat:3, Licht: 0,177396,3,2,3,07,18,7,0,0,1,1,0,0,0,0
"POINT (7.157951217000060 51.431834655999999)",Unfall 177500 (2022) Kat:3, Licht: 0,177500,3,7,0,07,14,6,0,0,0,0,0,0,0,1
"POINT (7.219029058000050 51.479546859999999)",Unfall 177547 (2022) Kat:3, Licht: 0,177547,3,4,6,08,09,4,0,0,0,1,1,0,0,0
"POINT (7.256730515000070 51.500392143000099)",Unfall 177574 (2022) Kat:2, Licht: 0,177574,2,3,5,08,11,7,0,0,1,1,0,0,0,0
"POINT (7.146401153000060 51.480062203000003)",Unfall 177684 (2022) Kat:3, Licht: 0,177684,3,2,6,08,19,4,0,0,0,1,1,0,0,0
"POINT (7.128432396000050 51.455055815999998)",Unfall 177688 (2022) Kat:3, Licht: 0,177688,3,6,8,07,15,7,0,0,0,1,0,0,0,0
"POINT (7.203475049000080 51.492668294000097)",Unfall 177730 (2022) Kat:3, Licht: 0,177730,3,2,5,08,09,4,0,0,1,1,0,0,0,0
"POINT (7.133932777000040 51.482704818999999)",Unfall 177765 (2022) Kat:3, Licht: 0,177765,3,4,0,07,12,4,0,0,0,0,1,0,0,1
"POINT (7.160775319000040 51.431362573999998)",Unfall 177841 (2022) Kat:3, Licht: 0,177841,3,5,0,07,08,2,0,0,0,1,0,0,0,0
"POINT (7.306441401000030 51.478800851000102)",Unfall 177874 (2022) Kat:3, Licht: 0,177874,3,3,5,08,16,3,0,0,0,0,0,0,0,1
"POINT (7.224339466000060 51.482074202000000)",Unfall 177939 (2022) Kat:3, Licht: 0,177939,3,5,1,07,15,4,0,0,0,1,0,0,0,1
"POINT (7.138962899000030 51.480226415000097)",Unfall 177958 (2022) Kat:3, Licht: 0,177958,3,6,7,08,21,3,0,0,0,0,0,1,0,0
"POINT (7.138413402000030 51.491123625000100)",Unfall 177981 (2022) Kat:3, Licht: 0,177981,3,3,5,07,13,1,0,0,0,1,0,0,0,0
"POINT (7.216495861000060 51.463932749000001)",Unfall 178041 (2022) Kat:3, Licht: 0,178041,3,4,6,08,13,3,0,0,1,0,1,0,0,0
"POINT (7.333317333000020 51.476041610999999)",Unfall 178171 (2022) Kat:3, Licht: 0,178171,3,2,5,08,10,6,0,0,0,1,0,0,0,0
"POINT (7.214204736000060 51.477852140000003)",Unfall 178269 (2022) Kat:2, Licht: 2,178269,2,1,0,08,00,7,1,2,1,0,0,0,0,0
"POINT (7.165359241000030 51.420774278000103)",Unfall 178298 (2022) Kat:3, Licht: 0,178298,3,3,5,08,13,6,0,0,1,1,0,0,0,0
"POINT (7.251011509000020 51.486304504000003)",Unfall 178336 (2022) Kat:3, Licht: 0,178336,3,1,0,08,18,4,0,0,1,0,0,0,0,0
"POINT (7.213785024000060 51.485869600000100)",Unfall 178339 (2022) Kat:3, Licht: 0,178339,3,5,0,08,14,7,0,0,1,1,0,0,0,0
"POINT (7.134830513000050 51.479319098000097)",Unfall 178373 (2022) Kat:3, Licht: 0,178373,3,3,5,08,08,7,0,0,0,1,0,0,0,0
"POINT (7.232178006000030 51.493178133000100)",Unfall 178976 (2022) Kat:3, Licht: 0,178976,3,6,2,08,13,6,0,0,0,1,0,0,0,0
"POINT (7.205129800000070 51.498675650000102)",Unfall 179021 (2022) Kat:3, Licht: 0,179021,3,3,5,08,10,4,0,0,1,1,0,0,0,0
"POINT (7.142479030000060 51.471217027000101)",Unfall 179116 (2022) Kat:2, Licht: 2,179116,2,7,9,08,22,1,0,2,0,0,0,0,0,1
"POINT (7.161860076000040 51.440106088999997)",Unfall 179201 (2022) Kat:3, Licht: 0,179201,3,3,5,09,12,3,0,0,1,1,0,0,0,0
"POINT (7.131431657000060 51.484780386000097)",Unfall 179211 (2022) Kat:3, Licht: 0,179211,3,3,5,09,17,2,0,0,0,1,0,1,0,0
"POINT (7.253043211000030 51.450713485999998)",Unfall 179350 (2022) Kat:3, Licht: 0,179350,3,6,2,09,15,1,0,0,0,1,0,0,0,0
"POINT (7.304629750000060 51.467326190999998)",Unfall 179425 (2022) Kat:3, Licht: 0,179425,3,3,0,09,07,2,0,0,0,1,0,1,0,0
"POINT (7.258217763000060 51.507488314000099)",Unfall 179462 (2022) Kat:3, Licht: 0,179462,3,3,5,09,08,4,1,0,1,1,0,0,0,0
"POINT (7.270072759000070 51.497681512000000)",Unfall 179680 (2022) Kat:3, Licht: 0,179680,3,6,2,09,09,4,0,0,0,1,0,0,0,0
"POINT (7.253201432000030 51.448923925000003)",Unfall 179715 (2022) Kat:3, Licht: 1,179715,3,3,5,09,19,1,0,1,0,1,0,0,0,0
"POINT (7.205700418000050 51.476215918999998)",Unfall 179727 (2022) Kat:3, Licht: 0,179727,3,3,5,09,16,4,0,0,0,1,0,1,0,0
"POINT (7.221460610000070 51.480221413000002)",Unfall 179781 (2022) Kat:3, Licht: 0,179781,3,4,6,08,19,3,0,0,0,1,1,0,0,0
"POINT (7.130224006000050 51.473028432000000)",Unfall 179827 (2022) Kat:3, Licht: 0,179827,3,5,1,09,09,3,0,0,0,1,0,0,0,0
"POINT (7.213530283000070 51.451104676000099)",Unfall 179920 (2022) Kat:2, Licht: 2,179920,2,1,9,09,02,6,1,2,0,0,0,1,0,0
"POINT (7.142426617000070 51.491502333000000)",Unfall 179950 (2022) Kat:3, Licht: 0,179950,3,6,0,09,16,6,0,0,1,1,0,0,0,0
"POINT (7.155938460000070 51.424030134000098)",Unfall 180007 (2022) Kat:3, Licht: 0,180007,3,1,0,09,15,7,0,0,1,1,0,0,0,0
"POINT (7.218307992000060 51.462056845000099)",Unfall 180026 (2022) Kat:3, Licht: 0,180026,3,5,1,09,08,1,0,0,0,1,0,0,0,0
"POINT (7.206759459000070 51.489062603999997)",Unfall 180107 (2022) Kat:3, Licht: 1,180107,3,4,6,09,18,5,0,1,0,1,1,0,0,0
"POINT (7.215521824000060 51.449629104000103)",Unfall 180109 (2022) Kat:3, Licht: 2,180109,3,2,5,09,20,6,0,2,0,1,0,1,0,0
"POINT (7.140143671000030 51.475278373000002)",Unfall 180125 (2022) Kat:3, Licht: 0,180125,3,2,6,09,17,1,1,0,0,1,1,0,0,0
"POINT (7.304606155000040 51.487082536999999)",Unfall 180227 (2022) Kat:2, Licht: 2,180227,2,1,0,10,00,2,0,2,1,0,0,0,0,0
"POINT (7.144445536000030 51.475520034000098)",Unfall 180325 (2022) Kat:3, Licht: 1,180325,3,5,1,09,19,2,1,1,1,1,0,0,0,0
"POINT (7.209041270000060 51.515185815999999)",Unfall 180335 (2022) Kat:3, Licht: 1,180335,3,3,5,09,06,5,0,1,1,1,0,0,0,0
"POINT (7.130675520000070 51.473069017999997)",Unfall 180439 (2022) Kat:3, Licht: 0,180439,3,3,5,09,15,6,0,0,0,1,0,1,0,0
"POINT (7.140742706000030 51.478332498999997)",Unfall 180454 (2022) Kat:3, Licht: 0,180454,3,6,1,09,17,3,0,0,0,1,0,1,0,0
"POINT (7.225075867000040 51.505460079000002)",Unfall 180486 (2022) Kat:3, Licht: 0,180486,3,3,5,09,17,5,0,0,0,1,0,0,0,0
"POINT (7.155658939000030 51.503405522999998)",Unfall 180489 (2022) Kat:3, Licht: 0,180489,3,6,6,09,17,5,0,0,0,1,1,0,0,0
"POINT (7.215357076000030 51.449509573000100)",Unfall 180498 (2022) Kat:3, Licht: 1,180498,3,4,6,09,07,4,0,1,0,1,1,0,0,0
"POINT (7.142804110000040 51.426872273000100)",Unfall 180534 (2022) Kat:2, Licht: 0,180534,2,7,6,09,13,5,0,0,0,1,1,0,0,0
"POINT (7.236143219000040 51.496867559000101)",Unfall 180540 (2022) Kat:2, Licht: 0,180540,2,1,0,09,16,3,0,0,1,0,0,0,0,0
"POINT (7.211543894000040 51.472060044000003)",Unfall 180554 (2022) Kat:3, Licht: 0,180554,3,1,0,09,13,4,1,0,0,1,0,0,0,0
"POINT (7.151370645000040 51.464928725999997)",Unfall 180647 (2022) Kat:3, Licht: 0,180647,3,2,6,09,17,2,0,0,0,1,1,0,0,0
"POINT (7.141333981000060 51.454578581000099)",Unfall 180698 (2022) Kat:3, Licht: 0,180698,3,3,5,09,17,5,0,0,1,1,0,0,0,0
"POINT (7.209041270000060 51.515185815999999)",Unfall 180743 (2022) Kat:3, Licht: 2,180743,3,1,0,09,03,7,0,2,0,0,0,0,0,1
"POINT (7.140339003000070 51.480044672000098)",Unfall 180966 (2022) Kat:2, Licht: 0,180966,2,1,0,09,08,3,1,0,0,0,0,0,0,1
"POINT (7.267170805000030 51.455762438000100)",Unfall 181059 (2022) Kat:3, Licht: 0,181059,3,2,5,09,16,6,1,0,1,1,0,0,0,0
"POINT (7.129547603000050 51.456342900999999)",Unfall 181165 (2022) Kat:3, Licht: 0,181165,3,6,0,10,14,3,0,0,1,1,0,0,0,0
"POINT (7.142488678000060 51.459272482000102)",Unfall 181242 (2022) Kat:2, Licht: 2,181242,2,6,2,10,21,1,0,2,0,1,0,1,0,0
"POINT (7.216225421000050 51.468662113000100)",Unfall 181371 (2022) Kat:3, Licht: 0,181371,3,3,5,10,11,2,0,0,1,1,0,0,0,0
"POINT (7.237866426000040 51.482148783000099)",Unfall 181461 (2022) Kat:3, Licht: 2,181461,3,7,0,10,06,6,1,2,0,0,0,1,0,0
"POINT (7.216016166000030 51.481893030999998)",Unfall 181472 (2022) Kat:3, Licht: 2,181472,3,3,5,10,21,4,0,2,1,1,0,0,0,0
"POINT (7.158798821000060 51.435783379999997)",Unfall 181537 (2022) Kat:3, Licht: 0,181537,3,4,6,10,10,4,0,0,0,1,1,0,0,0
"POINT (7.327187013000070 51.464433122999999)",Unfall 181814 (2022) Kat:3, Licht: 0,181814,3,7,1,10,12,2,0,0,0,1,0,0,0,0
"POINT (7.147001544000030 51.473642038000001)",Unfall 181876 (2022) Kat:3, Licht: 0,181876,3,2,5,10,14,1,0,0,0,1,0,1,0,0
"POINT (7.232085195000020 51.492099053000103)",Unfall 181879 (2022) Kat:3, Licht: 0,181879,3,2,5,10,17,4,0,0,1,1,0,0,0,0
"POINT (7.301729871000020 51.462774766999999)",Unfall 181944 (2022) Kat:3, Licht: 2,181944,3,2,2,10,20,6,1,2,0,1,0,0,0,0
"POINT (7.192265796000070 51.507846020000002)",Unfall 181963 (2022) Kat:3, Licht: 0,181963,3,7,1,10,12,5,0,0,0,1,0,0,0,0
"POINT (7.162612041000050 51.420349816000098)",Unfall 182044 (2022) Kat:3, Licht: 0,182044,3,4,6,10,11,4,0,0,0,1,1,0,0,0
"POINT (7.318104228000040 51.472569200000102)",Unfall 182137 (2022) Kat:3, Licht: 0,182137,3,4,6,10,15,6,1,0,0,1,1,0,0,0
"POINT (7.278336546000050 51.438338629999997)",Unfall 182145 (2022) Kat:3, Licht: 0,182145,3,3,5,10,16,4,0,0,1,1,0,0,0,0
"POINT (7.296787430000050 51.469949875000097)",Unfall 182378 (2022) Kat:3, Licht: 0,182378,3,3,5,10,17,5,0,0,0,1,0,0,0,0
"POINT (7.161348063000050 51.424479992999999)",Unfall 182418 (2022) Kat:3, Licht: 0,182418,3,6,2,10,16,1,0,0,0,1,0,0,0,0
"POINT (7.157520080000040 51.487324634000103)",Unfall 182442 (2022) Kat:3, Licht: 2,182442,3,7,1,11,17,5,1,2,0,1,0,0,0,0
"POINT (7.250478176000060 51.471850597000099)",Unfall 182456 (2022) Kat:3, Licht: 0,182456,3,7,6,10,14,7,0,0,0,1,1,0,0,0
"POINT (7.131517824000070 51.483077341000097)",Unfall 182459 (2022) Kat:3, Licht: 1,182459,3,3,5,10,18,2,1,1,1,1,0,0,0,0
"POINT (7.275997623000020 51.457536144000102)",Unfall 182504 (2022) Kat:3, Licht: 0,182504,3,3,5,11,08,5,0,0,1,1,0,0,0,0
"POINT (7.143025671000030 51.480016503999998)",Unfall 182523 (2022) Kat:3, Licht: 0,182523,3,2,2,11,10,7,0,0,0,1,0,0,0,1
"POINT (7.160874075000040 51.422343572999999)",Unfall 182587 (2022) Kat:3, Licht: 0,182587,3,1,0,11,13,2,1,0,1,0,0,0,0,0
"POINT (7.159729541000050 51.492031419000099)",Unfall 182617 (2022) Kat:3, Licht: 0,182617,3,7,6,11,17,3,0,0,0,1,1,0,0,0
"POINT (7.331929010000070 51.475661568000099)",Unfall 182676 (2022) Kat:3, Licht: 0,182676,3,4,6,10,09,2,0,0,0,1,1,0,0,0
"POINT (7.140887838000030 51.474038340000000)",Unfall 182704 (2022) Kat:3, Licht: 0,182704,3,3,5,10,08,4,0,0,0,1,0,0,0,0
"POINT (7.217427433000070 51.477269480000103)",Unfall 182756 (2022) Kat:3, Licht: 0,182756,3,3,5,11,13,4,0,0,1,1,0,0,0,0
"POINT (7.147770246000050 51.478461412000101)",Unfall 182773 (2022) Kat:3, Licht: 0,182773,3,1,0,11,12,4,0,0,0,0,0,1,0,0
"POINT (7.254728232000050 51.444272970999997)",Unfall 182779 (2022) Kat:3, Licht: 1,182779,3,1,8,10,16,6,0,1,0,1,0,0,0,0
"POINT (7.217135023000030 51.480544117000100)",Unfall 182784 (2022) Kat:3, Licht: 2,182784,3,6,6,11,17,5,1,2,0,0,1,0,0,1
"POINT (7.139336267000030 51.478971141999999)",Unfall 182888 (2022) Kat:3, Licht: 0,182888,3,7,0,10,13,3,0,0,0,1,0,0,0,1
"POINT (7.204287513000050 51.477713575999999)",Unfall 183045 (2022) Kat:2, Licht: 0,183045,2,2,5,10,16,1,0,0,1,1,0,0,0,0
"POINT (7.220276725000080 51.480826974000102)",Unfall 183079 (2022) Kat:3, Licht: 0,183079,3,1,6,11,15,7,0,0,0,0,1,0,0,1
"POINT (7.309030663000040 51.484967907000097)",Unfall 183090 (2022) Kat:2, Licht: 0,183090,2,3,5,10,13,4,0,0,0,1,0,1,0,0
"POINT (7.228744395000040 51.486672215000098)",Unfall 183147 (2022) Kat:3, Licht: 0,183147,3,3,5,10,14,5,0,0,1,1,0,0,0,0
"POINT (7.321194957000050 51.472620574000103)",Unfall 183210 (2022) Kat:3, Licht: 0,183210,3,7,0,11,13,7,0,0,0,1,0,0,0,0
"POINT (7.274785744000040 51.450486056000003)",Unfall 183221 (2022) Kat:3, Licht: 1,183221,3,3,5,11,16,3,0,1,1,1,0,0,0,0
"POINT (7.218931597000050 51.479369656000102)",Unfall 183243 (2022) Kat:3, Licht: 1,183243,3,5,1,11,15,3,0,1,0,1,0,0,0,0
"POINT (7.151445425000080 51.482757071000002)",Unfall 183416 (2022) Kat:3, Licht: 2,183416,3,6,6,11,18,3,0,2,1,0,1,0,0,0
"POINT (7.228777653000070 51.469972649000098)",Unfall 183509 (2022) Kat:3, Licht: 0,183509,3,6,2,11,13,1,0,0,1,0,0,0,0,0
"POINT (7.140644766000040 51.496220837000102)",Unfall 183523 (2022) Kat:3, Licht: 1,183523,3,5,1,11,17,3,0,1,0,1,0,0,0,1
"POINT (7.178227292000030 51.498024979000000)",Unfall 183641 (2022) Kat:3, Licht: 0,183641,3,2,3,11,13,7,1,0,0,1,0,0,0,1
"POINT (7.218445135000020 51.472118280000103)",Unfall 183861 (2022) Kat:3, Licht: 2,183861,3,6,4,11,18,5,1,2,1,0,0,0,0,0
"POINT (7.302934426000040 51.478738315999998)",Unfall 183985 (2022) Kat:3, Licht: 0,183985,3,3,5,11,14,6,0,0,0,1,0,0,0,0
"POINT (7.287175152000030 51.494186130000102)",Unfall 184103 (2022) Kat:3, Licht: 2,184103,3,6,0,12,17,5,0,2,0,1,0,0,0,0
"POINT (7.219073161000040 51.479800685000001)",Unfall 184178 (2022) Kat:3, Licht: 0,184178,3,2,6,11,10,4,0,0,0,1,1,0,0,0
"POINT (7.253376041000020 51.473147623999999)",Unfall 184240 (2022) Kat:3, Licht: 1,184240,3,2,5,11,17,2,1,1,1,1,0,0,0,0
"POINT (7.140692670000020 51.478354465999999)",Unfall 184389 (2022) Kat:3, Licht: 2,184389,3,4,6,12,07,4,0,2,0,1,1,0,0,0
"POINT (7.217332518000030 51.483434215000003)",Unfall 184502 (2022) Kat:3, Licht: 0,184502,3,7,6,12,10,6,0,0,0,0,1,0,0,1
"POINT (7.232557307000040 51.464710626000098)",Unfall 184509 (2022) Kat:3, Licht: 2,184509,3,1,8,12,03,3,0,2,0,0,0,0,0,1
"POINT (7.275907750000040 51.466876607000103)",Unfall 184592 (2022) Kat:3, Licht: 2,184592,3,2,5,12,05,6,1,2,1,1,0,0,0,0
"POINT (7.144385105000030 51.457035000000097)",Unfall 184723 (2022) Kat:3, Licht: 0,184723,3,2,5,12,14,6,0,0,0,1,0,0,0,0
"POINT (7.164863662000070 51.480395651999999)",Unfall 184856 (2022) Kat:3, Licht: 0,184856,3,4,6,12,11,5,1,0,0,1,1,0,0,0
"POINT (7.309184535000040 51.467272702000102)",Unfall 184920 (2022) Kat:3, Licht: 1,184920,3,4,6,12,07,3,0,1,0,1,1,0,0,0
"POINT (7.148178201000060 51.479958398000100)",Unfall 184974 (2022) Kat:3, Licht: 0,184974,3,4,6,12,14,5,0,0,0,0,1,0,1,0
"POINT (7.330503958000070 51.475273404000099)",Unfall 185034 (2022) Kat:3, Licht: 2,185034,3,1,9,12,00,2,0,2,0,1,0,1,0,0
"POINT (7.152259464000050 51.480097340000000)",Unfall 185054 (2022) Kat:3, Licht: 0,185054,3,4,6,12,11,7,0,0,0,1,1,0,0,0