WKT,Name,OBJECTID,UKATEGORIE,UTYP1,UART,UMONAT,USTUNDE,UWOCHENTAG,STRZUSTAND,ULICHTVERH,ISTRAD,ISTPKW,ISTFUSS,ISTKRAD,ISTGKFZ,ISTSONSTIG
"POINT (7.215421722000030 51.450352668000100)",Unfall 186253 (2022) Kat:3, Licht: 2,186253,3,3,5,01,07,2,0,2,0,1,0,0,0,0
"POINT (7.215461573000027 51.476818438000066)",Unfall 22315 (2023) Kat:3, Licht: 0,22315,3,4,6,01,10,4,1,0,0,0,1,1,0,0
"POINT (7.245525962000045 51.418345934000058)",Unfall 22351 (2023) Kat:3, Licht: 0,22351,3,3,5,01,13,3,0,0,0,1,0,0,0,1
"POINT (7.259257924000053 51.460356733000026)",Unfall 22398 (2023) Kat:3, Licht: 0,22398,3,7,3,01,15,2,1,0,0,1,0,0,0,0
"POINT (7.142209695000076 51.452845630000070)",Unfall 22399 (2023) Kat:3, Licht: 2,22399,3,2,5,01,17,2,1,2,0,1,0,0,0,0
"POINT (7.217138516000034 51.478594405000081)",Unfall 22400 (2023) Kat:3, Licht: 0,22400,3,5,2,01,17,2,0,0,0,1,0,0,0,0
"POINT (7.226018436000061 51.454559474000064)",Unfall 22435 (2023) Kat:3, Licht: 2,22435,3,6,2,01,18,1,1,2,0,1,0,0,0,0
"POINT (7.215322396000033 51.472593213000039)",Unfall 22437 (2023) Kat:3, Licht: 2,22437,3,1,4,01,18,1,1,2,0,1,0,0,0,0
"POINT (7.266389367000045 51.472389277000048)",Unfall 22740 (2023) Kat:3, Licht: 2,22740,3,2,5,01,18,1,1,2,0,1,0,0,0,0
"POINT (7.229856425000037 51.463047962000076)",Unfall 25605 (2023) Kat:3, Licht: 1,25605,3,6,2,01,07,3,1,1,0,1,0,0,0,0
"POINT (7.147093285000039 51.466902910000044)",Unfall 25606 (2023) Kat:2, Licht: 0,25606,2,1,8,01,09,3,1,0,0,1,0,0,0,0
"POINT (7.219910636000066 51.512657301000047)",Unfall 25711 (2023) Kat:3, Licht: 0,25711,3,6,2,01,07,2,0,0,0,1,0,0,0,0
"POINT (7.216490819000057 51.426173203000076)",Unfall 25716 (2023) Kat:3, Licht: 0,25716,3,1,8,01,13,2,1,0,0,1,0,0,0,0
"POINT (7.215723766000053 51.474723490000031)",Unfall 25717 (2023) Kat:3, Licht: 2,25717,3,7,2,01,19,2,1,2,0,1,0,1,0,1
"POINT (7.286932881000041 51.500603934000026)",Unfall 25771 (2023) Kat:3, Licht: 0,25771,3,3,5,01,15,1,0,0,1,1,0,0,0,0
"POINT (7.212658767000050 51.517178317000059)",Unfall 25772 (2023) Kat:3, Licht: 0,25772,3,1,0,01,09,1,1,0,0,0,0,1,0,0
"POINT (7.214668348000032 51.454111827000077)",Unfall 25834 (2023) Kat:3, Licht: 2,25834,3,1,8,01,22,7,1,2,0,1,0,0,0,0
"POINT (7.288741072000050 51.461333021000030)",Unfall 25856 (2023) Kat:3, Licht: 0,25856,3,1,8,01,15,2,1,0,0,1,0,0,1,1
"POINT (7.236801340000056 51.494388748000063)",Unfall 25948 (2023) Kat:3, Licht: 2,25948,3,1,2,01,08,6,0,2,0,1,0,0,0,0
"POINT (7.153331871000034 51.484130420000042)",Unfall 25958 (2023) Kat:3, Licht: 0,25958,3,3,5,01,09,6,1,0,0,1,0,0,0,0
"POINT (7.215675875000045 51.487666045000026)",Unfall 25959 (2023) Kat:3, Licht: 0,25959,3,6,0,01,15,6,1,0,0,1,0,1,0,0
"POINT (7.141133054000022 51.481679560000032)",Unfall 25960 (2023) Kat:3, Licht: 1,25960,3,3,5,01,16,6,1,1,0,1,0,0,0,0
"POINT (7.157715325000026 51.476390816000048)",Unfall 26094 (2023) Kat:3, Licht: 2,26094,3,1,2,01,17,5,1,2,0,1,0,0,1,0
"POINT (7.138623517000042 51.496090650000042)",Unfall 26100 (2023) Kat:3, Licht: 0,26100,3,2,6,01,15,5,1,0,0,1,1,0,0,0
"POINT (7.224147738000056 51.511603645000037)",Unfall 26217 (2023) Kat:3, Licht: 0,26217,3,6,1,01,08,4,1,0,0,1,0,0,0,0
"POINT (7.242332015000045 51.428430413000058)",Unfall 26229 (2023) Kat:3, Licht: 0,26229,3,7,0,01,15,4,0,0,0,1,1,0,0,0
"POINT (7.227416812000058 51.436701914000082)",Unfall 26230 (2023) Kat:2, Licht: 1,26230,2,6,2,01,07,4,1,1,0,1,0,0,0,0
"POINT (7.313724536000052 51.471819972000048)",Unfall 26231 (2023) Kat:3, Licht: 1,26231,3,3,0,01,16,4,0,1,1,0,0,0,0,1
"POINT (7.143841987000030 51.474569409000026)",Unfall 26347 (2023) Kat:3, Licht: 2,26347,3,7,2,01,23,3,1,2,0,1,0,0,0,0
"POINT (7.263432685000055 51.462624635000054)",Unfall 26355 (2023) Kat:3, Licht: 0,26355,3,3,5,01,14,3,0,0,0,1,0,1,0,0
"POINT (7.206913959000076 51.489553337000075)",Unfall 26357 (2023) Kat:3, Licht: 0,26357,3,2,5,01,15,3,0,0,1,1,0,0,0,0
"POINT (7.194730211000035 51.485953513000027)",Unfall 26414 (2023) Kat:3, Licht: 0,26414,3,2,2,01,11,3,1,0,0,1,0,0,0,0
"POINT (7.258721627000057 51.462616566000065)",Unfall 26446 (2023) Kat:3, Licht: 2,26446,3,1,2,01,07,2,1,2,0,1,0,0,0,0
"POINT (7.271880456000076 51.520674321000058)",Unfall 26455 (2023) Kat:3, Licht: 0,26455,3,7,1,01,10,2,1,0,0,1,0,0,0,0
"POINT (7.145501794000040 51.473757814000066)",Unfall 26456 (2023) Kat:3, Licht: 2,26456,3,2,6,01,18,2,1,2,0,1,1,0,0,0
"POINT (7.151782918000038 51.463923735000037)",Unfall 26457 (2023) Kat:3, Licht: 2,26457,3,2,6,01,18,2,1,2,0,1,1,0,0,0
"POINT (7.208821457000056 51.455428034000079)",Unfall 26573 (2023) Kat:3, Licht: 0,26573,3,6,3,01,14,7,0,0,0,1,0,1,0,0
"POINT (7.216436252000051 51.472852431000035)",Unfall 26654 (2023) Kat:3, Licht: 2,26654,3,2,6,01,19,6,1,2,0,1,1,0,0,0
"POINT (7.157389658000056 51.476316666000059)",Unfall 26848 (2023) Kat:3, Licht: 1,26848,3,6,1,02,07,2,1,1,0,1,0,0,0,1
"POINT (7.189915962000043 51.509383598000056)",Unfall 26852 (2023) Kat:2, Licht: 2,26852,2,4,6,02,02,2,1,2,0,1,1,0,0,0
"POINT (7.258371781000051 51.493666904000065)",Unfall 26889 (2023) Kat:3, Licht: 0,26889,3,3,0,02,11,1,1,0,1,1,0,0,0,0
"POINT (7.242466864000050 51.461046824000050)",Unfall 26945 (2023) Kat:3, Licht: 0,26945,3,1,2,02,15,7,0,0,0,1,0,0,0,0
"POINT (7.217506669000045 51.470452931000068)",Unfall 27012 (2023) Kat:2, Licht: 0,27012,2,6,3,02,12,6,1,0,0,1,0,1,0,0
"POINT (7.325832584000068 51.458010052000077)",Unfall 27126 (2023) Kat:3, Licht: 0,27126,3,6,2,02,07,5,1,0,0,1,0,0,0,0
"POINT (7.160610138000038 51.444434244000036)",Unfall 27199 (2023) Kat:3, Licht: 1,27199,3,6,0,02,17,4,1,1,0,1,0,0,0,1
"POINT (7.266430075000073 51.472397368000031)",Unfall 27200 (2023) Kat:3, Licht: 2,27200,3,2,5,02,18,4,1,2,0,1,0,0,0,0
"POINT (7.221104018000062 51.478859435000061)",Unfall 27201 (2023) Kat:2, Licht: 0,27201,2,7,6,02,11,4,0,0,0,1,1,0,0,0
"POINT (7.288223505000076 51.496908981000047)",Unfall 27266 (2023) Kat:3, Licht: 2,27266,3,7,8,01,01,3,0,2,0,1,0,0,0,0
"POINT (7.160046397000031 51.476989640000056)",Unfall 27267 (2023) Kat:3, Licht: 0,27267,3,6,2,01,15,3,1,0,0,1,0,0,0,0
"POINT (7.230841403000056 51.431663926000056)",Unfall 27273 (2023) Kat:3, Licht: 0,27273,3,6,2,01,07,3,0,0,0,1,0,0,0,0
"POINT (7.231168318000073 51.476879103000044)",Unfall 27274 (2023) Kat:3, Licht: 0,27274,3,7,1,01,09,3,1,0,0,1,0,0,0,0
"POINT (7.293109434000030 51.456946373000051)",Unfall 27377 (2023) Kat:3, Licht: 2,27377,3,2,5,01,18,2,1,2,0,1,0,0,0,0
"POINT (7.143102314000032 51.452070607000053)",Unfall 27378 (2023) Kat:2, Licht: 2,27378,2,7,4,01,18,2,0,2,0,1,0,0,0,0
"POINT (7.202190976000054 51.461927110000033)",Unfall 27406 (2023) Kat:3, Licht: 2,27406,3,2,6,01,20,1,0,2,0,1,1,0,0,0
"POINT (7.270556619000047 51.495526229000063)",Unfall 27449 (2023) Kat:3, Licht: 0,27449,3,6,2,01,15,7,0,0,0,1,0,0,0,0
"POINT (7.197346304000064 51.477836019000051)",Unfall 27452 (2023) Kat:3, Licht: 2,27452,3,1,0,01,17,7,2,2,0,1,0,1,0,0
"POINT (7.184996803000047 51.491843570000071)",Unfall 27528 (2023) Kat:3, Licht: 1,27528,3,6,2,01,17,6,1,1,0,1,0,0,0,0
"POINT (7.219674340000040 51.464136108000048)",Unfall 27536 (2023) Kat:3, Licht: 0,27536,3,2,5,01,13,6,1,0,0,1,0,0,0,0
"POINT (7.211357514000042 51.486976168000069)",Unfall 27537 (2023) Kat:3, Licht: 0,27537,3,6,3,01,16,6,1,0,0,1,0,0,0,0
"POINT (7.254361344000074 51.462952926000071)",Unfall 27621 (2023) Kat:3, Licht: 0,27621,3,6,2,01,07,5,1,0,0,1,0,0,0,0
"POINT (7.189659271000039 51.471751425000036)",Unfall 27708 (2023) Kat:3, Licht: 2,27708,3,6,2,01,21,4,0,2,0,1,0,0,0,0
"POINT (7.128147909000063 51.456770698000071)",Unfall 27798 (2023) Kat:3, Licht: 0,27798,3,6,2,01,07,3,0,0,0,1,0,0,0,0
"POINT (7.192384046000029 51.477599313000042)",Unfall 27799 (2023) Kat:3, Licht: 0,27799,3,5,1,01,10,3,0,0,0,1,0,1,0,0
"POINT (7.225727660000075 51.511268859000040)",Unfall 27868 (2023) Kat:3, Licht: 2,27868,3,6,2,01,17,2,0,2,0,1,0,0,0,0
"POINT (7.260167784000032 51.495113714000070)",Unfall 27957 (2023) Kat:2, Licht: 2,27957,2,6,2,01,05,7,1,2,0,1,0,0,0,0
"POINT (7.186496472000044 51.494993609000062)",Unfall 27985 (2023) Kat:3, Licht: 2,27985,3,7,0,01,23,4,0,2,0,1,0,0,0,0
"POINT (7.232571520000022 51.463163448000046)",Unfall 28072 (2023) Kat:3, Licht: 0,28072,3,6,2,01,14,6,0,0,0,1,0,0,0,0
"POINT (7.306334573000072 51.482603710000035)",Unfall 28073 (2023) Kat:3, Licht: 0,28073,3,1,0,01,09,6,1,0,1,0,0,0,0,0
"POINT (7.185054859000047 51.491531256000030)",Unfall 28184 (2023) Kat:3, Licht: 0,28184,3,1,2,01,08,5,1,0,0,1,0,0,0,1
"POINT (7.246431027000028 51.452956673000074)",Unfall 28253 (2023) Kat:3, Licht: 0,28253,3,7,0,01,07,5,0,0,0,0,0,0,0,1
"POINT (7.224039604000041 51.498228639000047)",Unfall 28353 (2023) Kat:3, Licht: 0,28353,3,6,2,01,13,4,0,0,0,1,0,0,0,1
"POINT (7.131589580000025 51.485107658000061)",Unfall 28359 (2023) Kat:2, Licht: 0,28359,2,7,6,01,09,4,0,0,0,0,1,0,1,0
"POINT (7.185142413000051 51.479122284000027)",Unfall 28510 (2023) Kat:2, Licht: 0,28510,2,6,2,03,08,3,1,0,0,1,0,0,0,0
"POINT (7.154695429000071 51.465304919000062)",Unfall 28517 (2023) Kat:3, Licht: 2,28517,3,6,2,03,17,3,1,2,0,1,0,0,0,1
"POINT (7.229425998000067 51.510491366000053)",Unfall 28566 (2023) Kat:3, Licht: 1,28566,3,6,2,03,17,2,1,1,0,1,0,0,0,0
"POINT (7.259655890000033 51.503033501000061)",Unfall 28567 (2023) Kat:3, Licht: 0,28567,3,1,8,03,10,2,1,0,0,1,0,0,0,0
"POINT (7.131684892000067 51.465120498000033)",Unfall 28597 (2023) Kat:3, Licht: 0,28597,3,6,2,03,09,1,1,0,0,1,0,0,0,0
"POINT (7.278751852000028 51.482675682000036)",Unfall 28636 (2023) Kat:3, Licht: 0,28636,3,6,2,03,13,7,0,0,0,1,0,0,0,0
"POINT (7.283200584000042 51.505415793000054)",Unfall 28637 (2023) Kat:2, Licht: 0,28637,2,1,0,03,11,7,0,0,1,0,0,0,0,0
"POINT (7.259373573000062 51.501915493000070)",Unfall 28638 (2023) Kat:3, Licht: 2,28638,3,1,9,03,22,7,0,2,0,1,0,0,0,0
"POINT (7.200810302000036 51.439425898000081)",Unfall 28705 (2023) Kat:3, Licht: 0,28705,3,7,1,03,16,6,0,0,0,1,0,0,0,0
"POINT (7.235390783000071 51.458990991000064)",Unfall 28785 (2023) Kat:3, Licht: 2,28785,3,7,7,03,05,5,0,2,0,0,0,0,0,1
"POINT (7.211860781000041 51.422490696000068)",Unfall 28788 (2023) Kat:3, Licht: 0,28788,3,6,2,03,13,5,0,0,0,1,0,0,0,0
"POINT (7.194587850000062 51.487176611000052)",Unfall 28950 (2023) Kat:3, Licht: 1,28950,3,3,5,02,07,3,0,1,1,1,0,0,0,0
"POINT (7.186619289000021 51.480861872000048)",Unfall 29032 (2023) Kat:3, Licht: 2,29032,3,4,6,02,06,2,0,2,0,1,1,0,0,0
"POINT (7.212466084000027 51.495962798000050)",Unfall 29066 (2023) Kat:3, Licht: 0,29066,3,4,6,02,09,1,0,0,0,1,1,0,0,0
"POINT (7.269334351000055 51.468807347000052)",Unfall 29208 (2023) Kat:3, Licht: 2,29208,3,7,9,03,21,2,1,2,0,1,0,0,0,0
"POINT (7.170906174000038 51.481753568000045)",Unfall 29249 (2023) Kat:3, Licht: 2,29249,3,1,0,03,20,1,1,2,0,0,0,0,0,1
"POINT (7.191187197000033 51.480484281000031)",Unfall 29314 (2023) Kat:3, Licht: 1,29314,3,3,5,02,07,5,1,1,0,1,0,1,0,0
"POINT (7.224861902000043 51.479460993000032)",Unfall 29315 (2023) Kat:3, Licht: 0,29315,3,7,0,02,14,5,1,0,0,1,0,0,0,0
"POINT (7.223954887000048 51.511644363000073)",Unfall 29392 (2023) Kat:3, Licht: 0,29392,3,6,2,02,15,4,0,0,0,1,0,0,0,1
"POINT (7.162621633000072 51.445521143000065)",Unfall 29470 (2023) Kat:3, Licht: 2,29470,3,3,5,02,20,3,0,2,0,1,0,0,0,0
"POINT (7.207731717000058 51.480253957000059)",Unfall 29471 (2023) Kat:3, Licht: 0,29471,3,6,0,02,12,3,0,0,0,0,0,0,0,1
"POINT (7.192331198000034 51.477036397000063)",Unfall 29520 (2023) Kat:3, Licht: 0,29520,3,5,2,02,12,2,0,0,0,1,0,1,0,0
"POINT (7.221240633000036 51.478735550000067)",Unfall 29564 (2023) Kat:3, Licht: 2,29564,3,2,2,02,22,1,1,2,0,1,0,0,0,0
"POINT (7.257643576000021 51.498533234000035)",Unfall 29719 (2023) Kat:3, Licht: 2,29719,3,6,1,02,20,6,1,2,0,1,0,0,0,0
"POINT (7.147713430000067 51.448651461000054)",Unfall 29809 (2023) Kat:3, Licht: 0,29809,3,2,5,02,14,5,0,0,0,1,0,0,0,0
"POINT (7.143259455000020 51.427193367000029)",Unfall 29810 (2023) Kat:3, Licht: 2,29810,3,3,5,02,06,5,0,2,1,0,0,0,0,1
"POINT (7.302554967000049 51.489912784000069)",Unfall 29927 (2023) Kat:3, Licht: 0,29927,3,5,1,02,15,4,0,0,1,1,0,0,0,0
"POINT (7.230215883000028 51.477097792000052)",Unfall 29928 (2023) Kat:3, Licht: 0,29928,3,1,4,02,14,4,0,0,0,1,0,0,0,0
"POINT (7.212004076000028 51.517566971000065)",Unfall 30056 (2023) Kat:3, Licht: 0,30056,3,6,2,02,10,3,0,0,0,1,0,0,0,1
"POINT (7.184637795000071 51.479480741000032)",Unfall 30057 (2023) Kat:3, Licht: 0,30057,3,6,2,02,07,3,1,0,0,1,0,0,0,0
"POINT (7.217241630000046 51.470730069000069)",Unfall 30063 (2023) Kat:3, Licht: 0,30063,3,3,5,02,09,3,0,0,0,1,0,0,0,0
"POINT (7.143816865000076 51.446335929000043)",Unfall 30064 (2023) Kat:2, Licht: 0,30064,2,2,6,02,15,3,0,0,0,1,1,0,0,0
"POINT (7.211021661000075 51.484261517000050)",Unfall 30108 (2023) Kat:3, Licht: 2,30108,3,6,2,02,19,5,1,2,0,1,0,0,0,0
"POINT (7.225897307000025 51.511232895000035)",Unfall 30170 (2023) Kat:3, Licht: 0,30170,3,6,2,02,14,4,0,0,0,0,0,0,0,1
"POINT (7.216259437000076 51.473688744000071)",Unfall 30174 (2023) Kat:3, Licht: 0,30174,3,2,5,02,14,4,0,0,0,1,0,0,0,1
"POINT (7.226589085000057 51.511086238000075)",Unfall 30181 (2023) Kat:3, Licht: 0,30181,3,6,2,02,14,2,0,0,0,1,0,0,0,0
"POINT (7.282672172000048 51.508848040000032)",Unfall 30185 (2023) Kat:3, Licht: 0,30185,3,3,5,02,11,2,0,0,1,1,0,0,0,0
"POINT (7.191907880000031 51.475304982000068)",Unfall 30186 (2023) Kat:3, Licht: 0,30186,3,1,0,02,14,2,0,0,1,0,0,0,0,0
"POINT (7.138727424000024 51.495433478000052)",Unfall 30187 (2023) Kat:3, Licht: 2,30187,3,6,3,02,18,2,0,2,1,1,0,0,0,0
"POINT (7.148418520000064 51.432722830000046)",Unfall 30188 (2023) Kat:2, Licht: 0,30188,2,2,5,02,08,2,0,0,0,1,0,1,0,0
"POINT (7.186532931000045 51.439365550000048)",Unfall 30315 (2023) Kat:2, Licht: 0,30315,2,1,1,02,14,7,0,0,0,1,1,0,0,0
"POINT (7.213945270000067 51.488196842000036)",Unfall 30318 (2023) Kat:3, Licht: 0,30318,3,6,2,02,15,7,0,0,0,1,0,1,0,0
"POINT (7.321091158000058 51.464943775000052)",Unfall 30347 (2023) Kat:3, Licht: 0,30347,3,5,1,02,09,2,0,0,0,0,0,0,1,1
"POINT (7.238192927000057 51.457334108000055)",Unfall 30455 (2023) Kat:3, Licht: 2,30455,3,2,6,02,20,6,0,2,0,1,1,0,0,0
"POINT (7.245521224000072 51.492101608000041)",Unfall 30456 (2023) Kat:3, Licht: 0,30456,3,4,6,02,14,6,0,0,0,1,1,0,0,0
"POINT (7.210538334000034 51.511273248000066)",Unfall 30462 (2023) Kat:3, Licht: 0,30462,3,6,2,02,17,3,0,0,0,1,0,0,0,0
"POINT (7.292160343000035 51.496469547000061)",Unfall 30542 (2023) Kat:3, Licht: 0,30542,3,6,2,02,15,5,0,0,0,1,0,0,0,0
"POINT (7.142219849000071 51.479108305000068)",Unfall 30549 (2023) Kat:3, Licht: 0,30549,3,3,5,02,12,5,0,0,1,1,0,0,0,0
"POINT (7.134970981000038 51.486259875000030)",Unfall 30550 (2023) Kat:3, Licht: 2,30550,3,3,5,02,19,5,0,2,0,1,0,0,0,0
"POINT (7.256213521000063 51.495358643000031)",Unfall 30551 (2023) Kat:3, Licht: 2,30551,3,6,1,02,17,5,0,2,0,1,0,0,0,0
"POINT (7.190218951000077 51.511192623000056)",Unfall 30567 (2023) Kat:3, Licht: 2,30567,3,7,3,02,19,5,1,2,0,1,0,0,0,0
"POINT (7.216749020000066 51.471931865000045)",Unfall 30655 (2023) Kat:3, Licht: 2,30655,3,7,7,02,06,4,1,2,1,0,1,0,0,0
"POINT (7.149052756000060 51.483268611000028)",Unfall 30722 (2023) Kat:3, Licht: 2,30722,3,1,0,02,00,6,1,2,1,0,0,0,0,0
"POINT (7.153162573000031 51.475683201000038)",Unfall 30781 (2023) Kat:3, Licht: 0,30781,3,6,2,02,12,3,0,0,0,1,0,0,0,0
"POINT (7.119273783000040 51.472698917000059)",Unfall 30783 (2023) Kat:3, Licht: 0,30783,3,6,1,02,17,3,0,0,0,1,0,0,0,0
"POINT (7.226620614000069 51.470953937000047)",Unfall 30838 (2023) Kat:3, Licht: 0,30838,3,3,5,03,15,3,0,0,1,1,0,0,0,0
"POINT (7.196151229000066 51.457264080000073)",Unfall 30839 (2023) Kat:2, Licht: 0,30839,2,1,0,03,12,3,1,0,1,0,0,0,0,0
"POINT (7.192451481000035 51.452523468000038)",Unfall 30840 (2023) Kat:3, Licht: 0,30840,3,2,5,03,14,3,0,0,1,1,0,0,0,0
"POINT (7.215200109000023 51.476153401000033)",Unfall 30841 (2023) Kat:3, Licht: 0,30841,3,3,5,03,16,3,0,0,1,1,0,0,0,0
"POINT (7.316952944000036 51.472805589000075)",Unfall 30914 (2023) Kat:2, Licht: 0,30914,2,3,5,03,15,2,0,0,1,1,0,0,0,0
"POINT (7.215655581000021 51.478161720000060)",Unfall 30915 (2023) Kat:3, Licht: 2,30915,3,6,0,03,19,2,1,2,1,1,0,0,0,0
"POINT (7.240946037000072 51.439910725000061)",Unfall 30966 (2023) Kat:3, Licht: 2,30966,3,1,9,03,23,1,1,2,0,1,0,0,0,0
"POINT (7.165271067000049 51.480832130000067)",Unfall 30967 (2023) Kat:3, Licht: 2,30967,3,5,1,03,06,1,0,2,0,1,0,0,0,1
"POINT (7.287663771000041 51.467321297000069)",Unfall 31053 (2023) Kat:3, Licht: 0,31053,3,6,1,03,15,7,0,0,0,1,0,0,0,0
"POINT (7.129993368000044 51.482911854000065)",Unfall 31059 (2023) Kat:3, Licht: 0,31059,3,6,2,03,16,7,0,0,0,1,0,0,0,0
"POINT (7.203708694000056 51.497208890000081)",Unfall 31136 (2023) Kat:3, Licht: 0,31136,3,6,2,03,16,6,0,0,0,1,0,0,0,1
"POINT (7.147081723000042 51.466913129000034)",Unfall 31142 (2023) Kat:3, Licht: 1,31142,3,7,8,03,18,6,0,1,0,1,0,0,0,0
"POINT (7.157308206000039 51.476452580000057)",Unfall 31301 (2023) Kat:3, Licht: 0,31301,3,6,2,03,06,4,0,0,0,1,0,0,0,1
"POINT (7.141613632000031 51.480129212000065)",Unfall 31305 (2023) Kat:3, Licht: 0,31305,3,5,2,03,18,4,0,0,1,1,0,0,0,0
"POINT (7.225203604000058 51.446392332000073)",Unfall 31306 (2023) Kat:2, Licht: 0,31306,2,5,0,03,15,4,0,0,1,1,0,0,0,1
"POINT (7.115146934000052 51.471918653000046)",Unfall 31381 (2023) Kat:3, Licht: 0,31381,3,6,2,03,14,3,0,0,0,1,0,0,0,0
"POINT (7.158397751000052 51.503664829000058)",Unfall 31393 (2023) Kat:3, Licht: 0,31393,3,3,5,03,14,6,0,0,0,1,0,0,0,0
"POINT (7.169568082000069 51.448091691000059)",Unfall 31471 (2023) Kat:3, Licht: 0,31471,3,4,6,03,14,2,0,0,0,1,1,0,0,0
"POINT (7.297081418000062 51.466659046000075)",Unfall 31592 (2023) Kat:3, Licht: 0,31592,3,6,1,03,13,7,0,0,0,1,0,0,0,0
"POINT (7.212912245000041 51.481187187000046)",Unfall 31705 (2023) Kat:3, Licht: 2,31705,3,6,2,03,18,6,1,2,0,1,0,1,0,0
"POINT (7.234760740000070 51.494437226000059)",Unfall 31799 (2023) Kat:3, Licht: 0,31799,3,1,9,03,08,5,1,0,0,0,0,1,0,0
"POINT (7.205618178000066 51.447893163000060)",Unfall 31931 (2023) Kat:3, Licht: 0,31931,3,3,5,03,07,2,0,0,0,1,0,0,0,1
"POINT (7.145104074000074 51.482047715000078)",Unfall 32076 (2023) Kat:3, Licht: 0,32076,3,7,5,04,17,1,0,0,0,1,0,0,0,0
"POINT (7.190001647000031 51.510592242000030)",Unfall 32250 (2023) Kat:2, Licht: 0,32250,2,6,3,04,17,5,0,0,0,1,0,0,1,0
"POINT (7.194211607000057 51.477142622000031)",Unfall 32261 (2023) Kat:2, Licht: 1,32261,2,6,2,04,07,6,1,1,0,1,0,0,0,1
"POINT (7.119195358000070 51.472822521000069)",Unfall 32324 (2023) Kat:2, Licht: 1,32324,2,6,2,04,19,4,0,1,0,1,0,0,0,1
"POINT (7.300854799000035 51.496632903000034)",Unfall 32325 (2023) Kat:3, Licht: 0,32325,3,6,2,04,08,4,0,0,0,1,0,0,0,1
"POINT (7.322253154000066 51.467503745000045)",Unfall 32331 (2023) Kat:3, Licht: 0,32331,3,3,5,04,12,4,0,0,0,1,0,0,0,0
"POINT (7.169747998000048 51.486785660000066)",Unfall 32333 (2023) Kat:3, Licht: 0,32333,3,6,2,04,08,4,0,0,0,1,0,0,0,0
"POINT (7.228361032000066 51.477606638000054)",Unfall 32334 (2023) Kat:3, Licht: 2,32334,3,3,5,04,23,4,0,2,1,1,0,0,0,0
"POINT (7.138750946000073 51.483204917000080)",Unfall 32399 (2023) Kat:3, Licht: 0,32399,3,3,5,04,14,6,1,0,0,1,0,0,0,0
"POINT (7.244355656000039 51.472130920000041)",Unfall 32429 (2023) Kat:3, Licht: 0,32429,3,7,5,04,10,3,0,0,0,1,0,0,0,1
"POINT (7.203322805000028 51.455609816000049)",Unfall 32430 (2023) Kat:3, Licht: 0,32430,3,3,5,04,07,3,0,0,1,1,0,0,0,0
"POINT (7.193943870000055 51.469404213000075)",Unfall 32515 (2023) Kat:3, Licht: 0,32515,3,7,4,04,14,2,0,0,0,1,0,0,0,1
"POINT (7.232552283000075 51.476540965000027)",Unfall 32516 (2023) Kat:3, Licht: 0,32516,3,6,3,04,14,2,0,0,1,1,0,0,0,0
"POINT (7.189367687000072 51.475941508000062)",Unfall 32640 (2023) Kat:3, Licht: 0,32640,3,6,1,04,14,7,1,0,0,1,0,0,0,0
"POINT (7.144697086000065 51.474495295000054)",Unfall 32740 (2023) Kat:3, Licht: 2,32740,3,6,2,03,05,6,1,2,0,1,0,0,0,0
"POINT (7.231898136000041 51.509973836000029)",Unfall 32742 (2023) Kat:3, Licht: 0,32742,3,6,2,03,13,6,1,0,0,1,0,0,0,0
"POINT (7.230189950000067 51.447761170000035)",Unfall 32749 (2023) Kat:3, Licht: 0,32749,3,1,9,03,16,6,1,0,0,1,0,1,0,0
"POINT (7.275451661000034 51.492743817000076)",Unfall 32845 (2023) Kat:3, Licht: 0,32845,3,6,2,03,16,5,1,0,0,1,0,0,0,0
"POINT (7.238201428000025 51.494481084000029)",Unfall 33167 (2023) Kat:3, Licht: 0,33167,3,1,0,03,13,2,0,0,0,1,0,1,0,0
"POINT (7.226792155000055 51.437083502000064)",Unfall 33176 (2023) Kat:3, Licht: 0,33176,3,6,6,03,14,2,0,0,1,0,1,0,0,0
"POINT (7.235743850000063 51.430827148000049)",Unfall 33177 (2023) Kat:3, Licht: 0,33177,3,3,5,03,11,2,0,0,0,1,0,0,0,0
"POINT (7.139088940000022 51.491113791000032)",Unfall 33309 (2023) Kat:3, Licht: 1,33309,3,2,5,03,18,7,1,1,1,1,0,0,0,0
"POINT (7.203886021000073 51.490227305000076)",Unfall 33427 (2023) Kat:3, Licht: 0,33427,3,5,0,03,17,6,1,0,1,1,0,0,0,0
"POINT (7.192131538000069 51.453481490000058)",Unfall 33504 (2023) Kat:3, Licht: 0,33504,3,4,6,03,07,6,0,0,0,1,1,0,0,0
"POINT (7.236986502000036 51.459122685000068)",Unfall 33508 (2023) Kat:3, Licht: 0,33508,3,6,1,03,15,5,1,0,0,1,0,0,0,0
"POINT (7.153558412000052 51.484269762000054)",Unfall 33510 (2023) Kat:3, Licht: 0,33510,3,2,6,03,09,5,0,0,0,1,1,0,0,0