WKT,Name,OBJECTID,UKATEGORIE,UTYP1,UART,UMONAT,USTUNDE,UWOCHENTAG,STRZUSTAND,ULICHTVERH,ISTRAD,ISTPKW,ISTFUSS,ISTKRAD,ISTGKFZ,ISTSONSTIG
"POINT (7.220302851000042 51.484179759000028)",Unfall 33511 (2023) Kat:3, Licht: 0,33511,3,6,6,03,11,5,1,0,1,0,1,0,0,0
"POINT (7.231716693000067 51.463450645000080)",Unfall 33587 (2023) Kat:3, Licht: 0,33587,3,4,0,04,14,7,1,0,0,0,1,0,0,1
"POINT (7.198839803000055 51.459421327000030)",Unfall 33606 (2023) Kat:3, Licht: 0,33606,3,5,1,03,15,4,0,0,0,1,0,0,0,1
"POINT (7.154480763000038 51.465191683000057)",Unfall 33607 (2023) Kat:3, Licht: 0,33607,3,2,5,03,07,4,0,0,0,1,0,1,0,0
"POINT (7.222696945000052 51.477632921000065)",Unfall 33764 (2023) Kat:3, Licht: 2,33764,3,2,3,05,00,5,0,2,1,1,0,0,0,0
"POINT (7.262191893000022 51.495350421000069)",Unfall 33867 (2023) Kat:2, Licht: 0,33867,2,1,0,05,15,4,0,0,1,0,0,0,0,0
"POINT (7.306386915000076 51.496449316000053)",Unfall 33940 (2023) Kat:3, Licht: 0,33940,3,6,1,05,07,3,1,0,0,1,0,0,0,1
"POINT (7.293963140000074 51.496618257000080)",Unfall 33941 (2023) Kat:3, Licht: 0,33941,3,1,2,05,17,3,0,0,0,1,0,0,0,0
"POINT (7.158064638000042 51.486042932000032)",Unfall 34012 (2023) Kat:3, Licht: 0,34012,3,3,5,05,10,2,0,0,0,1,0,0,0,0
"POINT (7.203386457000022 51.479250089000061)",Unfall 34013 (2023) Kat:3, Licht: 0,34013,3,6,2,05,12,2,0,0,0,1,0,0,0,0
"POINT (7.225754911000024 51.454629376000071)",Unfall 34264 (2023) Kat:3, Licht: 0,34264,3,2,4,04,14,6,0,0,0,1,0,0,0,0
"POINT (7.238192674000061 51.457334318000051)",Unfall 34265 (2023) Kat:2, Licht: 0,34265,2,4,6,04,12,6,0,0,0,0,1,0,0,1
"POINT (7.180873299000041 51.459281669000063)",Unfall 34267 (2023) Kat:3, Licht: 0,34267,3,3,5,04,17,6,0,0,0,1,0,0,0,0
"POINT (7.289327640000067 51.496515817000045)",Unfall 34268 (2023) Kat:3, Licht: 0,34268,3,6,2,04,13,6,0,0,0,1,0,0,0,0
"POINT (7.194743337000034 51.486847215000068)",Unfall 34363 (2023) Kat:3, Licht: 0,34363,3,1,0,04,19,5,0,0,0,0,0,1,0,0
"POINT (7.251964381000050 51.511335132000056)",Unfall 34437 (2023) Kat:3, Licht: 0,34437,3,3,5,04,15,4,0,0,0,1,0,0,0,0
"POINT (7.153431652000052 51.484185009000043)",Unfall 34438 (2023) Kat:3, Licht: 0,34438,3,1,0,04,12,4,0,0,0,0,0,1,0,0
"POINT (7.200843171000031 51.490927216000046)",Unfall 34439 (2023) Kat:3, Licht: 0,34439,3,2,5,04,09,4,0,0,0,1,0,0,0,1
"POINT (7.189188923000074 51.497928644000069)",Unfall 34450 (2023) Kat:3, Licht: 0,34450,3,1,9,05,13,4,0,0,0,1,1,0,0,0
"POINT (7.302284086000043 51.496605715000044)",Unfall 34507 (2023) Kat:3, Licht: 0,34507,3,6,2,05,10,5,0,0,0,1,0,0,0,0
"POINT (7.237683334000053 51.460091292000072)",Unfall 34534 (2023) Kat:3, Licht: 0,34534,3,6,5,04,13,3,0,0,0,1,0,0,1,0
"POINT (7.150316122000049 51.447784608000063)",Unfall 34634 (2023) Kat:3, Licht: 0,34634,3,7,7,04,09,2,1,0,0,1,0,0,0,0
"POINT (7.164628443000026 51.450511999000071)",Unfall 34635 (2023) Kat:3, Licht: 2,34635,3,5,1,04,22,2,0,2,0,1,0,0,0,0
"POINT (7.141023734000044 51.453945325000063)",Unfall 34803 (2023) Kat:3, Licht: 0,34803,3,6,2,04,11,7,0,0,0,1,0,0,0,0
"POINT (7.147293928000067 51.448871802000042)",Unfall 34881 (2023) Kat:3, Licht: 2,34881,3,6,2,05,22,5,0,2,0,1,0,0,0,0
"POINT (7.202220301000068 51.497032676000060)",Unfall 34908 (2023) Kat:3, Licht: 0,34908,3,6,2,04,17,6,0,0,0,1,0,0,0,1
"POINT (7.164626130000045 51.480700923000029)",Unfall 34918 (2023) Kat:3, Licht: 0,34918,3,3,0,04,12,6,0,0,1,0,0,0,0,1
"POINT (7.193941852000023 51.477116856000066)",Unfall 35145 (2023) Kat:2, Licht: 0,35145,2,6,3,04,17,6,0,0,0,1,0,1,0,0
"POINT (7.245892816000037 51.461783120000064)",Unfall 35159 (2023) Kat:3, Licht: 0,35159,3,6,3,04,06,4,0,0,0,1,0,0,1,0
"POINT (7.319865278000066 51.494178110000064)",Unfall 35170 (2023) Kat:3, Licht: 2,35170,3,6,4,04,21,4,0,2,0,1,0,0,0,1
"POINT (7.215936475000035 51.478652963000059)",Unfall 35172 (2023) Kat:3, Licht: 0,35172,3,4,6,04,15,4,0,0,0,1,1,0,0,0
"POINT (7.218316746000028 51.484879821000050)",Unfall 35273 (2023) Kat:3, Licht: 0,35273,3,3,5,04,10,7,0,0,0,1,0,0,0,0
"POINT (7.215353620000030 51.475689341000077)",Unfall 35296 (2023) Kat:3, Licht: 0,35296,3,6,2,04,18,3,0,0,0,1,0,0,0,0
"POINT (7.259028887000056 51.502526177000050)",Unfall 35298 (2023) Kat:2, Licht: 0,35298,2,3,5,04,19,3,0,0,1,1,0,0,0,0
"POINT (7.184560411000064 51.487843985000040)",Unfall 35421 (2023) Kat:3, Licht: 0,35421,3,6,2,04,15,2,0,0,0,1,0,0,0,0
"POINT (7.234905288000050 51.475701405000052)",Unfall 35428 (2023) Kat:3, Licht: 0,35428,3,7,5,04,17,2,0,0,0,1,0,1,0,0
"POINT (7.208237389000033 51.480370696000080)",Unfall 35429 (2023) Kat:3, Licht: 0,35429,3,3,5,04,13,2,0,0,1,1,0,0,0,0
"POINT (7.338836888000060 51.494946705000075)",Unfall 35458 (2023) Kat:3, Licht: 1,35458,3,6,2,04,20,1,0,1,0,1,0,0,0,0
"POINT (7.151639445000058 51.463863664000030)",Unfall 35463 (2023) Kat:3, Licht: 0,35463,3,6,2,04,12,1,0,0,0,1,0,0,0,0
"POINT (7.279100538000023 51.522093595000058)",Unfall 35533 (2023) Kat:3, Licht: 0,35533,3,3,5,04,13,7,0,0,0,1,0,0,0,0
"POINT (7.127205389000039 51.474094850000029)",Unfall 35647 (2023) Kat:2, Licht: 0,35647,2,7,9,04,09,6,0,0,0,1,0,0,1,0
"POINT (7.206519771000046 51.466729780000037)",Unfall 35652 (2023) Kat:3, Licht: 0,35652,3,6,3,04,14,6,0,0,1,0,0,0,0,1
"POINT (7.256203452000022 51.493859223000072)",Unfall 35653 (2023) Kat:3, Licht: 0,35653,3,6,1,04,16,6,0,0,0,1,0,0,0,0
"POINT (7.181382272000064 51.481333098000050)",Unfall 35654 (2023) Kat:3, Licht: 0,35654,3,6,1,04,08,6,0,0,0,1,0,0,0,0
"POINT (7.242923674000053 51.491434976000050)",Unfall 35655 (2023) Kat:3, Licht: 0,35655,3,4,6,04,14,6,0,0,1,0,1,0,0,0
"POINT (7.231480494000039 51.447808147000046)",Unfall 35685 (2023) Kat:3, Licht: 0,35685,3,2,5,04,07,4,0,0,1,1,0,0,0,0
"POINT (7.236468338000066 51.463954583000032)",Unfall 35745 (2023) Kat:3, Licht: 0,35745,3,1,0,04,11,5,1,0,0,0,0,1,0,0
"POINT (7.244871845000034 51.445192526000028)",Unfall 35864 (2023) Kat:3, Licht: 0,35864,3,3,5,04,18,4,1,0,1,1,0,0,0,0
"POINT (7.266027083000040 51.496061559000054)",Unfall 35957 (2023) Kat:3, Licht: 2,35957,3,1,8,04,22,3,0,2,0,1,0,0,0,0
"POINT (7.249004432000049 51.455062218000080)",Unfall 35960 (2023) Kat:3, Licht: 0,35960,3,3,5,04,18,3,0,0,0,1,0,1,0,0
"POINT (7.171361898000043 51.457735606000028)",Unfall 35962 (2023) Kat:2, Licht: 0,35962,2,1,8,04,14,3,0,0,0,0,0,1,0,0
"POINT (7.129864043000055 51.456657271000040)",Unfall 35963 (2023) Kat:3, Licht: 0,35963,3,6,3,04,15,3,0,0,1,1,0,0,0,0
"POINT (7.297675999000035 51.489112800000044)",Unfall 36078 (2023) Kat:3, Licht: 0,36078,3,3,5,05,15,2,0,0,0,1,0,0,0,1
"POINT (7.216500145000055 51.460338470000067)",Unfall 36254 (2023) Kat:3, Licht: 0,36254,3,6,3,05,14,7,0,0,1,1,0,0,0,1
"POINT (7.335750255000050 51.459472921000042)",Unfall 36255 (2023) Kat:3, Licht: 0,36255,3,6,2,05,09,7,0,0,0,1,0,0,0,0
"POINT (7.147328035000044 51.448853800000052)",Unfall 36256 (2023) Kat:2, Licht: 0,36256,2,6,2,05,12,7,0,0,0,1,0,1,0,0
"POINT (7.198897850000037 51.478205939000077)",Unfall 36257 (2023) Kat:3, Licht: 0,36257,3,6,0,05,20,7,0,0,0,1,0,0,0,1
"POINT (7.176309017000051 51.484118370000033)",Unfall 36258 (2023) Kat:3, Licht: 0,36258,3,2,3,05,18,7,0,0,0,1,0,0,0,1
"POINT (7.264484259000028 51.500879288000078)",Unfall 36373 (2023) Kat:3, Licht: 0,36373,3,6,2,05,16,6,0,0,0,1,0,0,0,0
"POINT (7.284427316000063 51.510025431000031)",Unfall 36378 (2023) Kat:3, Licht: 0,36378,3,6,2,05,07,6,1,0,0,1,0,1,0,0
"POINT (7.210964729000068 51.510177432000035)",Unfall 36379 (2023) Kat:3, Licht: 0,36379,3,2,5,05,19,6,0,0,1,1,0,0,0,0
"POINT (7.231160270000032 51.495613222000031)",Unfall 36484 (2023) Kat:3, Licht: 0,36484,3,6,2,05,16,5,1,0,0,1,0,0,0,0
"POINT (7.299760284000058 51.496514757000057)",Unfall 36485 (2023) Kat:3, Licht: 0,36485,3,6,2,05,07,5,0,0,0,1,0,0,0,0
"POINT (7.271130702000050 51.496785369000065)",Unfall 36488 (2023) Kat:3, Licht: 2,36488,3,1,9,05,21,5,1,2,0,1,0,0,0,0
"POINT (7.127583365000021 51.475197144000049)",Unfall 36490 (2023) Kat:2, Licht: 0,36490,2,6,2,05,18,5,0,0,0,1,0,0,0,0
"POINT (7.225558699000032 51.450988485000039)",Unfall 36687 (2023) Kat:3, Licht: 0,36687,3,6,2,05,16,3,0,0,0,1,0,0,0,0
"POINT (7.252100893000033 51.447438198000043)",Unfall 36688 (2023) Kat:3, Licht: 0,36688,3,6,2,05,16,3,0,0,0,1,0,0,0,0
"POINT (7.179050593000056 51.463897509000049)",Unfall 36689 (2023) Kat:3, Licht: 0,36689,3,7,9,05,11,3,0,0,0,1,0,0,0,0
"POINT (7.192627316000028 51.496313390000068)",Unfall 36807 (2023) Kat:2, Licht: 0,36807,2,6,2,05,17,2,0,0,0,1,0,0,0,0
"POINT (7.285714632000065 51.516025945000081)",Unfall 36810 (2023) Kat:3, Licht: 0,36810,3,6,2,05,13,2,0,0,0,1,0,0,0,0
"POINT (7.323417347000031 51.475284902000055)",Unfall 36884 (2023) Kat:3, Licht: 0,36884,3,6,1,05,10,1,0,0,0,1,0,0,0,1
"POINT (7.228857579000021 51.447242412000037)",Unfall 37000 (2023) Kat:2, Licht: 1,37000,2,1,0,05,19,7,1,1,1,0,0,0,0,0
"POINT (7.211108336000052 51.513765095000053)",Unfall 37001 (2023) Kat:3, Licht: 0,37001,3,2,4,05,16,7,0,0,0,1,0,0,0,0
"POINT (7.228344056000026 51.459238067000058)",Unfall 37139 (2023) Kat:3, Licht: 0,37139,3,7,3,05,08,6,0,0,0,1,0,1,0,0
"POINT (7.189135628000031 51.502448373000050)",Unfall 37140 (2023) Kat:3, Licht: 0,37140,3,6,1,05,14,6,1,0,0,1,0,0,0,0
"POINT (7.224640233000059 51.511499383000057)",Unfall 37205 (2023) Kat:3, Licht: 0,37205,3,6,2,05,16,3,0,0,0,1,0,0,0,0
"POINT (7.199337125000056 51.453623477000065)",Unfall 37210 (2023) Kat:3, Licht: 0,37210,3,2,2,05,16,3,0,0,0,1,0,1,0,0
"POINT (7.254339198000025 51.472257510000077)",Unfall 37211 (2023) Kat:3, Licht: 0,37211,3,2,0,05,14,3,0,0,0,1,1,0,0,0
"POINT (7.259986314000059 51.504457148000029)",Unfall 37212 (2023) Kat:3, Licht: 0,37212,3,6,2,05,12,3,0,0,0,1,0,1,0,0
"POINT (7.234233855000070 51.509332239000059)",Unfall 37290 (2023) Kat:3, Licht: 0,37290,3,6,2,05,13,2,0,0,0,1,0,0,0,0
"POINT (7.217414943000051 51.513588571000071)",Unfall 37291 (2023) Kat:1, Licht: 2,37291,1,1,8,05,00,2,0,2,0,1,0,0,0,0
"POINT (7.223335474000066 51.511782266000068)",Unfall 37292 (2023) Kat:3, Licht: 0,37292,3,6,2,05,19,2,0,0,0,1,0,0,0,0
"POINT (7.165923702000043 51.448937985000043)",Unfall 37297 (2023) Kat:3, Licht: 0,37297,3,4,1,05,14,2,0,0,0,1,1,1,0,0
"POINT (7.162194737000050 51.445536456000070)",Unfall 37298 (2023) Kat:3, Licht: 0,37298,3,6,2,05,14,2,0,0,0,1,0,0,0,1
"POINT (7.231219465000038 51.476866999000038)",Unfall 37299 (2023) Kat:3, Licht: 0,37299,3,5,1,05,14,2,0,0,0,1,0,0,0,1
"POINT (7.146114114000056 51.474743881000052)",Unfall 37810 (2023) Kat:3, Licht: 0,37810,3,6,2,05,08,4,0,0,0,1,0,0,0,0
"POINT (7.152509670000029 51.463659489000065)",Unfall 37906 (2023) Kat:3, Licht: 0,37906,3,4,6,05,16,3,0,0,0,1,1,0,0,0
"POINT (7.216605741000023 51.472779660000072)",Unfall 38025 (2023) Kat:3, Licht: 0,38025,3,6,2,05,17,2,0,0,0,1,0,1,0,0
"POINT (7.210969839000029 51.484789819000071)",Unfall 38026 (2023) Kat:3, Licht: 0,38026,3,2,5,05,18,2,0,0,1,1,0,0,0,0
"POINT (7.242748043000063 51.491378966000070)",Unfall 38028 (2023) Kat:3, Licht: 0,38028,3,5,1,05,08,2,0,0,1,1,0,0,0,0
"POINT (7.178481029000068 51.458973637000042)",Unfall 38099 (2023) Kat:3, Licht: 0,38099,3,3,5,05,14,1,0,0,0,1,0,0,0,0
"POINT (7.153269401000045 51.475849457000038)",Unfall 38176 (2023) Kat:3, Licht: 2,38176,3,1,0,05,22,7,0,2,0,1,0,0,0,0
"POINT (7.289439013000049 51.495441084000049)",Unfall 38183 (2023) Kat:3, Licht: 0,38183,3,6,3,05,12,7,0,0,0,1,0,0,0,0
"POINT (7.200087284000062 51.478489262000039)",Unfall 38424 (2023) Kat:3, Licht: 1,38424,3,7,0,05,04,5,0,1,0,0,0,0,0,1
"POINT (7.288258744000075 51.496731978000071)",Unfall 38573 (2023) Kat:3, Licht: 0,38573,3,1,9,05,18,4,0,0,0,1,0,0,0,0
"POINT (7.206237748000035 51.465523001000065)",Unfall 38582 (2023) Kat:3, Licht: 2,38582,3,7,5,05,04,4,0,2,0,1,0,0,0,0
"POINT (7.212090059000047 51.422700351000060)",Unfall 38583 (2023) Kat:3, Licht: 0,38583,3,6,2,05,18,4,0,0,1,1,0,0,0,0
"POINT (7.309714157000030 51.473505756000066)",Unfall 38584 (2023) Kat:3, Licht: 0,38584,3,1,1,05,10,4,0,0,0,1,0,0,0,0
"POINT (7.129696672000023 51.485857659000033)",Unfall 38585 (2023) Kat:3, Licht: 0,38585,3,6,1,05,15,4,0,0,0,1,0,1,0,0
"POINT (7.213769431000060 51.489292240000054)",Unfall 38664 (2023) Kat:2, Licht: 0,38664,2,2,5,05,11,6,0,0,1,1,0,0,0,0
"POINT (7.241179170000066 51.448829184000033)",Unfall 38723 (2023) Kat:3, Licht: 0,38723,3,4,6,05,13,3,0,0,0,1,1,0,0,0
"POINT (7.256017499000052 51.493532717000051)",Unfall 38725 (2023) Kat:3, Licht: 0,38725,3,2,4,05,19,3,0,0,0,1,0,0,0,0
"POINT (7.221601141000065 51.460880365000037)",Unfall 38831 (2023) Kat:3, Licht: 0,38831,3,6,3,06,16,5,0,0,1,0,0,1,0,0
"POINT (7.309536439000055 51.523972910000055)",Unfall 38832 (2023) Kat:2, Licht: 0,38832,2,2,2,06,12,5,0,0,0,1,0,1,0,0
"POINT (7.129827129000034 51.473033818000033)",Unfall 38833 (2023) Kat:3, Licht: 0,38833,3,3,5,06,09,5,0,0,0,1,0,1,0,0
"POINT (7.192558237000071 51.476834701000030)",Unfall 38834 (2023) Kat:3, Licht: 0,38834,3,4,6,06,17,5,0,0,0,1,1,0,0,0
"POINT (7.126159077000068 51.473968438000043)",Unfall 38952 (2023) Kat:3, Licht: 2,38952,3,6,3,06,22,4,0,2,0,1,0,0,1,0
"POINT (7.139004693000061 51.474452587000030)",Unfall 38953 (2023) Kat:3, Licht: 0,38953,3,6,2,06,07,4,0,0,0,1,0,0,0,0
"POINT (7.158344669000030 51.467226930000038)",Unfall 38958 (2023) Kat:2, Licht: 0,38958,2,6,2,06,08,4,0,0,1,1,0,0,0,0
"POINT (7.128926892000038 51.486209419000033)",Unfall 39084 (2023) Kat:3, Licht: 0,39084,3,6,2,06,06,3,0,0,0,1,0,0,0,0
"POINT (7.199268218000043 51.491330038000058)",Unfall 39085 (2023) Kat:3, Licht: 0,39085,3,2,5,06,15,3,0,0,1,1,0,0,0,0
"POINT (7.293317964000039 51.456863405000036)",Unfall 39271 (2023) Kat:3, Licht: 0,39271,3,2,5,06,14,5,0,0,1,1,0,0,0,0
"POINT (7.196582036000052 51.462823751000030)",Unfall 39369 (2023) Kat:3, Licht: 0,39369,3,6,2,06,11,7,0,0,0,1,0,0,0,0
"POINT (7.221230503000072 51.478731927000069)",Unfall 39370 (2023) Kat:3, Licht: 0,39370,3,2,5,06,14,7,0,0,1,1,0,0,0,0
"POINT (7.184876669000062 51.493190883000068)",Unfall 39505 (2023) Kat:3, Licht: 0,39505,3,6,3,06,13,6,0,0,0,0,0,1,1,0
"POINT (7.243214767000040 51.446314414000028)",Unfall 39512 (2023) Kat:3, Licht: 0,39512,3,5,1,06,11,6,0,0,1,1,0,0,0,0
"POINT (7.129688331000068 51.484391555000059)",Unfall 39513 (2023) Kat:3, Licht: 0,39513,3,3,5,06,11,6,0,0,0,1,0,0,0,1
"POINT (7.218395992000069 51.478657331000079)",Unfall 39514 (2023) Kat:3, Licht: 0,39514,3,6,6,06,20,6,0,0,0,0,1,0,0,1
"POINT (7.136655412000039 51.484225889000072)",Unfall 39594 (2023) Kat:3, Licht: 0,39594,3,5,1,06,18,5,0,0,0,1,0,0,0,0
"POINT (7.187353972000039 51.473904617000073)",Unfall 39722 (2023) Kat:3, Licht: 0,39722,3,5,1,06,10,4,1,0,0,1,0,0,1,0
"POINT (7.227721664000057 51.462562542000057)",Unfall 39730 (2023) Kat:3, Licht: 0,39730,3,3,2,06,10,4,1,0,1,1,0,0,0,0
"POINT (7.305034727000020 51.491369552000037)",Unfall 39844 (2023) Kat:3, Licht: 0,39844,3,4,6,06,15,3,0,0,0,1,1,0,0,0
"POINT (7.254555207000067 51.490587274000063)",Unfall 39845 (2023) Kat:3, Licht: 0,39845,3,7,9,06,11,3,0,0,0,0,0,1,0,0
"POINT (7.214141694000034 51.472038769000051)",Unfall 39846 (2023) Kat:3, Licht: 0,39846,3,7,0,06,16,3,0,0,0,0,1,0,1,0
"POINT (7.216881344000058 51.460442163000039)",Unfall 39949 (2023) Kat:3, Licht: 0,39949,3,1,1,06,14,3,0,0,0,1,0,0,0,0
"POINT (7.288706866000041 51.461336885000037)",Unfall 40001 (2023) Kat:2, Licht: 0,40001,2,1,9,06,08,2,0,0,0,0,0,1,0,0
"POINT (7.213631023000062 51.480263106000052)",Unfall 40008 (2023) Kat:3, Licht: 0,40008,3,6,2,06,13,2,0,0,0,1,0,0,0,0
"POINT (7.236552667000069 51.489138696000055)",Unfall 40010 (2023) Kat:3, Licht: 0,40010,3,1,3,06,17,2,0,0,0,1,0,1,0,0
"POINT (7.212672794000071 51.504729991000033)",Unfall 40011 (2023) Kat:3, Licht: 0,40011,3,2,5,06,11,2,0,0,1,1,0,0,0,0
"POINT (7.232825106000064 51.494899415000077)",Unfall 40112 (2023) Kat:3, Licht: 0,40112,3,6,1,06,13,1,0,0,0,1,0,0,0,0
"POINT (7.143283887000052 51.477489686000069)",Unfall 40117 (2023) Kat:3, Licht: 1,40117,3,1,0,06,05,1,0,1,0,0,0,0,0,1
"POINT (7.142606713000021 51.478360327000075)",Unfall 40118 (2023) Kat:3, Licht: 0,40118,3,7,2,06,18,1,0,0,0,1,0,1,0,0
"POINT (7.194461979000039 51.444359437000060)",Unfall 40381 (2023) Kat:3, Licht: 0,40381,3,3,5,06,14,2,0,0,1,1,0,0,0,0
"POINT (7.252668827000036 51.456261458000029)",Unfall 40424 (2023) Kat:3, Licht: 0,40424,3,6,1,06,16,6,0,0,0,1,0,1,0,0
"POINT (7.129858253000066 51.472942284000055)",Unfall 40679 (2023) Kat:3, Licht: 0,40679,3,3,5,06,09,3,0,0,0,1,0,0,0,0
"POINT (7.230401966000045 51.450477813000077)",Unfall 40721 (2023) Kat:3, Licht: 0,40721,3,7,6,06,09,3,0,0,0,1,1,0,0,0
"POINT (7.203664419000063 51.479312223000079)",Unfall 40770 (2023) Kat:3, Licht: 0,40770,3,2,5,05,10,4,0,0,1,1,0,0,0,0
"POINT (7.203682658000048 51.497205807000057)",Unfall 40903 (2023) Kat:3, Licht: 0,40903,3,6,2,06,18,1,0,0,0,1,0,0,0,0
"POINT (7.266719056000056 51.496073800000033)",Unfall 40904 (2023) Kat:3, Licht: 0,40904,3,6,1,06,11,1,0,0,0,1,0,0,0,0
"POINT (7.241100567000046 51.473386877000053)",Unfall 40907 (2023) Kat:3, Licht: 2,40907,3,6,1,06,02,1,0,2,0,1,0,0,0,0
"POINT (7.141233089000025 51.481672897000067)",Unfall 40990 (2023) Kat:3, Licht: 0,40990,3,6,6,06,18,7,0,0,1,0,1,0,0,0
"POINT (7.324274988000070 51.471325618000037)",Unfall 41091 (2023) Kat:3, Licht: 0,41091,3,1,1,06,17,6,0,0,1,1,0,0,0,0
"POINT (7.234804167000050 51.461307003000059)",Unfall 41202 (2023) Kat:3, Licht: 0,41202,3,6,2,06,16,5,1,0,0,1,0,1,0,0
"POINT (7.146511921000069 51.431217600000082)",Unfall 41203 (2023) Kat:3, Licht: 0,41203,3,1,0,06,10,5,1,0,0,0,0,1,0,0
"POINT (7.236320800000044 51.459913940000035)",Unfall 41342 (2023) Kat:3, Licht: 0,41342,3,3,5,06,13,4,0,0,0,1,0,0,0,0
"POINT (7.200336879000076 51.460620711000047)",Unfall 41343 (2023) Kat:3, Licht: 0,41343,3,6,2,06,10,4,0,0,0,1,0,0,0,0
"POINT (7.178539323000052 51.435946777000026)",Unfall 41344 (2023) Kat:3, Licht: 0,41344,3,1,8,06,11,4,0,0,0,1,0,0,0,0
"POINT (7.182755710000038 51.480934559000048)",Unfall 41483 (2023) Kat:3, Licht: 0,41483,3,6,2,06,11,3,0,0,0,1,0,1,0,0
"POINT (7.142108930000063 51.459772624000038)",Unfall 41599 (2023) Kat:3, Licht: 0,41599,3,3,5,06,18,2,0,0,1,1,0,0,0,0
"POINT (7.249373059000050 51.472163593000062)",Unfall 41831 (2023) Kat:3, Licht: 1,41831,3,6,6,06,21,7,0,1,1,0,1,0,0,0
"POINT (7.225117377000061 51.482606359000044)",Unfall 41832 (2023) Kat:3, Licht: 0,41832,3,7,9,06,14,7,0,0,0,1,0,0,0,0
"POINT (7.222185863000050 51.492899768000029)",Unfall 41836 (2023) Kat:2, Licht: 0,41836,2,5,1,06,15,1,0,0,1,1,0,0,0,0
"POINT (7.216673411000045 51.454036388000077)",Unfall 41995 (2023) Kat:3, Licht: 0,41995,3,6,2,06,16,6,0,0,0,1,0,0,0,0
"POINT (7.225406707000047 51.452109932000042)",Unfall 42003 (2023) Kat:3, Licht: 0,42003,3,6,2,06,14,6,0,0,0,1,0,0,0,0
"POINT (7.243359030000022 51.450871682000070)",Unfall 42004 (2023) Kat:3, Licht: 0,42004,3,5,3,06,15,6,0,0,0,1,0,0,0,1
"POINT (7.225972275000061 51.473907527000051)",Unfall 42005 (2023) Kat:3, Licht: 2,42005,3,1,0,06,02,6,0,2,0,0,0,0,0,1
"POINT (7.197063313000058 51.491819573000043)",Unfall 42007 (2023) Kat:3, Licht: 0,42007,3,3,5,06,18,6,0,0,1,1,0,0,0,0
"POINT (7.154952121000065 51.478905389000033)",Unfall 42159 (2023) Kat:2, Licht: 0,42159,2,5,1,07,07,4,0,0,0,1,0,0,0,1
"POINT (7.213661438000031 51.441258798000035)",Unfall 42248 (2023) Kat:3, Licht: 0,42248,3,5,0,07,15,3,0,0,1,1,0,0,0,0
"POINT (7.262093161000053 51.495089524000036)",Unfall 42331 (2023) Kat:3, Licht: 0,42331,3,6,2,07,15,2,0,0,0,1,0,0,0,0
"POINT (7.145068601000048 51.471904458000040)",Unfall 42332 (2023) Kat:3, Licht: 2,42332,3,2,5,07,22,2,0,2,0,1,0,0,0,0
"POINT (7.209235302000025 51.488510918000031)",Unfall 42333 (2023) Kat:2, Licht: 2,42333,2,1,0,07,00,2,0,2,1,0,0,0,0,0
"POINT (7.211848057000054 51.498985002000040)",Unfall 42334 (2023) Kat:3, Licht: 0,42334,3,3,5,07,18,2,0,0,1,1,0,0,0,0
"POINT (7.212862502000064 51.493918943000040)",Unfall 42335 (2023) Kat:3, Licht: 0,42335,3,5,1,07,15,2,0,0,1,1,0,0,0,0
"POINT (7.236291335000033 51.505210498000054)",Unfall 42336 (2023) Kat:3, Licht: 0,42336,3,2,0,07,14,2,0,0,0,1,0,0,0,1
"POINT (7.193296511000028 51.479855465000071)",Unfall 42337 (2023) Kat:3, Licht: 0,42337,3,2,5,07,10,2,0,0,0,0,0,0,0,1
"POINT (7.246433452000076 51.516917469000077)",Unfall 42411 (2023) Kat:3, Licht: 0,42411,3,5,1,07,10,1,0,0,0,1,0,1,0,0
"POINT (7.198695477000058 51.491494653000075)",Unfall 42482 (2023) Kat:3, Licht: 2,42482,3,1,0,07,22,7,0,2,0,0,0,0,0,1
"POINT (7.286222116000033 51.470119045000047)",Unfall 42610 (2023) Kat:3, Licht: 0,42610,3,6,2,07,15,6,0,0,0,1,0,0,0,1
"POINT (7.288741072000050 51.461333021000030)",Unfall 42611 (2023) Kat:3, Licht: 2,42611,3,1,9,07,02,6,0,2,0,0,0,1,0,0
"POINT (7.239083039000036 51.489920676000054)",Unfall 42620 (2023) Kat:3, Licht: 0,42620,3,3,0,07,15,6,0,0,1,1,0,0,0,0
"POINT (7.194027704000064 51.488839945000052)",Unfall 42621 (2023) Kat:3, Licht: 0,42621,3,5,3,07,12,6,0,0,0,1,0,1,0,0
"POINT (7.205318979000026 51.466452156000059)",Unfall 42724 (2023) Kat:3, Licht: 0,42724,3,5,1,07,18,5,0,0,1,1,0,0,0,0
"POINT (7.226790910000034 51.470037278000063)",Unfall 42725 (2023) Kat:3, Licht: 0,42725,3,3,5,07,17,5,0,0,1,1,0,0,0,0
"POINT (7.250953231000040 51.519038991000059)",Unfall 42727 (2023) Kat:3, Licht: 0,42727,3,5,8,07,05,5,0,0,0,1,0,0,0,1
"POINT (7.235461764000036 51.500486099000057)",Unfall 42728 (2023) Kat:2, Licht: 0,42728,2,1,0,07,15,5,0,0,1,0,0,0,0,0