WKT,Name,OBJECTID,UKATEGORIE,UTYP1,UART,UMONAT,USTUNDE,UWOCHENTAG,STRZUSTAND,ULICHTVERH,ISTRAD,ISTPKW,ISTFUSS,ISTKRAD,ISTGKFZ,ISTSONSTIG
"POINT (7.315754488000039 51.493663646000073)",Unfall 42805 (2023) Kat:3, Licht: 0,42805,3,2,5,07,17,4,1,0,0,1,0,0,0,0
"POINT (7.255755609000062 51.493766730000061)",Unfall 42806 (2023) Kat:3, Licht: 0,42806,3,6,1,07,17,4,0,0,0,1,0,0,0,0
"POINT (7.206091933000039 51.465241302000038)",Unfall 42913 (2023) Kat:3, Licht: 0,42913,3,4,0,07,11,3,0,0,0,1,1,0,0,0
"POINT (7.129296001000057 51.485149899000078)",Unfall 42974 (2023) Kat:2, Licht: 0,42974,2,3,5,07,14,2,0,0,1,0,0,0,0,0
"POINT (7.190234746000044 51.511362100000042)",Unfall 42975 (2023) Kat:3, Licht: 0,42975,3,5,0,07,12,2,0,0,1,1,0,0,0,0
"POINT (7.188892892000069 51.497590605000028)",Unfall 43057 (2023) Kat:3, Licht: 0,43057,3,6,1,07,17,1,0,0,0,1,0,0,0,0
"POINT (7.165782744000069 51.486358760000030)",Unfall 43148 (2023) Kat:3, Licht: 0,43148,3,3,5,07,14,7,1,0,1,1,0,0,0,0
"POINT (7.147699970000076 51.448657490000073)",Unfall 43149 (2023) Kat:2, Licht: 2,43149,2,3,5,07,22,7,0,2,0,1,0,0,0,0
"POINT (7.188775220000025 51.501988598000082)",Unfall 43150 (2023) Kat:3, Licht: 0,43150,3,7,0,07,17,7,0,0,0,1,0,0,0,0
"POINT (7.240758336000056 51.428405958000042)",Unfall 43269 (2023) Kat:3, Licht: 0,43269,3,3,5,06,08,6,1,0,0,1,0,1,0,0
"POINT (7.273006377000058 51.452541266000026)",Unfall 43270 (2023) Kat:3, Licht: 0,43270,3,1,9,06,06,6,1,0,0,1,0,0,0,0
"POINT (7.201395647000027 51.490802135000081)",Unfall 43271 (2023) Kat:2, Licht: 0,43271,2,1,0,06,15,6,0,0,1,0,0,0,0,0
"POINT (7.240355893000071 51.460796811000080)",Unfall 43339 (2023) Kat:3, Licht: 0,43339,3,6,3,06,06,5,0,0,0,1,0,0,1,0
"POINT (7.155049738000059 51.478900415000055)",Unfall 43345 (2023) Kat:3, Licht: 0,43345,3,3,5,07,10,2,0,0,0,1,0,0,0,1
"POINT (7.198923799000056 51.491433005000033)",Unfall 43346 (2023) Kat:3, Licht: 0,43346,3,3,5,06,17,5,0,0,1,1,0,0,0,0
"POINT (7.190251728000021 51.496240856000043)",Unfall 43427 (2023) Kat:3, Licht: 0,43427,3,1,2,06,17,4,0,0,0,1,0,0,0,0
"POINT (7.192239451000034 51.453154974000029)",Unfall 43432 (2023) Kat:3, Licht: 0,43432,3,1,0,06,14,4,0,0,0,0,0,1,0,0
"POINT (7.213569817000064 51.519212970000069)",Unfall 43433 (2023) Kat:3, Licht: 0,43433,3,2,5,06,19,4,0,0,1,1,0,0,0,0
"POINT (7.166970731000049 51.448110696000072)",Unfall 43457 (2023) Kat:3, Licht: 0,43457,3,6,2,07,09,5,0,0,0,1,0,1,0,0
"POINT (7.220000704000029 51.463989211000069)",Unfall 43538 (2023) Kat:3, Licht: 1,43538,3,1,0,06,20,3,0,1,1,0,0,0,0,0
"POINT (7.237002345000064 51.459104142000058)",Unfall 43539 (2023) Kat:3, Licht: 0,43539,3,6,2,06,16,3,0,0,0,1,0,1,0,0
"POINT (7.225057632000073 51.482345151000061)",Unfall 43540 (2023) Kat:3, Licht: 2,43540,3,1,0,06,00,3,0,2,0,0,0,1,0,0
"POINT (7.254988827000034 51.486812747000045)",Unfall 43663 (2023) Kat:3, Licht: 0,43663,3,6,3,06,08,2,0,0,0,1,0,0,0,0
"POINT (7.231887986000061 51.463343065000061)",Unfall 43664 (2023) Kat:3, Licht: 0,43664,3,2,3,06,10,2,0,0,0,0,0,0,1,1
"POINT (7.192983090000041 51.450999246000038)",Unfall 43665 (2023) Kat:3, Licht: 0,43665,3,2,2,06,14,2,0,0,0,1,0,0,0,0
"POINT (7.289633757000047 51.494915022000043)",Unfall 43666 (2023) Kat:3, Licht: 0,43666,3,6,2,06,16,2,0,0,0,1,0,0,0,1
"POINT (7.133350876000065 51.456824485000027)",Unfall 43667 (2023) Kat:2, Licht: 0,43667,2,7,0,06,14,2,0,0,0,1,0,0,0,0
"POINT (7.301989164000076 51.490932177000047)",Unfall 43725 (2023) Kat:3, Licht: 0,43725,3,3,5,07,13,7,0,0,0,1,0,0,0,1
"POINT (7.222867688000065 51.482928763000075)",Unfall 43731 (2023) Kat:3, Licht: 0,43731,3,2,2,07,15,3,0,0,0,1,0,1,0,0
"POINT (7.163102832000050 51.445502862000069)",Unfall 43752 (2023) Kat:3, Licht: 0,43752,3,6,2,08,13,6,0,0,0,1,0,0,0,0
"POINT (7.214485999000033 51.453972342000043)",Unfall 43828 (2023) Kat:3, Licht: 2,43828,3,6,3,08,22,5,1,2,0,1,0,0,0,0
"POINT (7.286336636000044 51.518433908000077)",Unfall 43833 (2023) Kat:3, Licht: 0,43833,3,1,0,08,12,5,1,0,1,0,0,0,0,0
"POINT (7.143584565000026 51.481775369000047)",Unfall 43922 (2023) Kat:3, Licht: 0,43922,3,2,2,08,18,4,1,0,0,1,0,0,0,0
"POINT (7.198100127000032 51.478014987000051)",Unfall 43923 (2023) Kat:2, Licht: 0,43923,2,7,0,08,13,4,0,0,0,1,0,0,0,0
"POINT (7.306115419000037 51.491441952000059)",Unfall 44070 (2023) Kat:3, Licht: 0,44070,3,6,2,08,18,6,1,0,0,1,0,0,0,0
"POINT (7.243270431000042 51.491548656000077)",Unfall 44136 (2023) Kat:3, Licht: 0,44136,3,7,0,07,13,1,0,0,0,0,0,0,0,1
"POINT (7.314443427000072 51.470234952000055)",Unfall 44248 (2023) Kat:2, Licht: 0,44248,2,7,0,08,14,5,0,0,0,0,0,0,0,1
"POINT (7.259322090000069 51.502266065000072)",Unfall 44324 (2023) Kat:3, Licht: 1,44324,3,6,1,07,20,6,0,1,0,1,0,0,0,0
"POINT (7.128421548000063 51.486527655000032)",Unfall 44423 (2023) Kat:3, Licht: 0,44423,3,5,1,07,19,5,1,0,0,1,0,0,0,1
"POINT (7.131452123000031 51.464784053000074)",Unfall 44424 (2023) Kat:3, Licht: 2,44424,3,2,5,07,05,5,1,2,0,1,0,0,0,0
"POINT (7.194851372000073 51.492487546000064)",Unfall 44425 (2023) Kat:3, Licht: 0,44425,3,6,2,07,16,5,1,0,0,1,0,1,0,0
"POINT (7.165811800000029 51.486294915000030)",Unfall 44605 (2023) Kat:2, Licht: 0,44605,2,7,5,08,16,5,0,0,0,1,0,0,0,1
"POINT (7.261885619000054 51.502118811000059)",Unfall 44624 (2023) Kat:3, Licht: 0,44624,3,6,3,07,08,3,0,0,0,1,0,0,0,0
"POINT (7.263536921000025 51.471454775000041)",Unfall 44634 (2023) Kat:3, Licht: 0,44634,3,3,5,07,11,3,0,0,1,1,0,0,0,0
"POINT (7.193213516000071 51.490695040000048)",Unfall 44636 (2023) Kat:3, Licht: 0,44636,3,4,6,07,13,3,0,0,0,1,1,0,0,0
"POINT (7.271017161000032 51.496673469000029)",Unfall 44745 (2023) Kat:3, Licht: 0,44745,3,6,3,07,17,2,1,0,0,1,0,0,0,0
"POINT (7.275522279000029 51.476808563000077)",Unfall 44750 (2023) Kat:3, Licht: 0,44750,3,2,2,07,15,2,1,0,0,1,0,0,0,0
"POINT (7.141173639000044 51.481676315000072)",Unfall 44751 (2023) Kat:2, Licht: 0,44751,2,1,0,07,13,2,1,0,1,0,0,0,0,0
"POINT (7.177934220000054 51.434570636000046)",Unfall 44807 (2023) Kat:3, Licht: 0,44807,3,3,5,07,12,1,1,0,0,1,0,0,0,0
"POINT (7.240004797000040 51.434351526000057)",Unfall 44892 (2023) Kat:2, Licht: 0,44892,2,2,5,07,16,7,0,0,0,1,0,1,0,0
"POINT (7.145796232000066 51.430910357000073)",Unfall 44932 (2023) Kat:3, Licht: 2,44932,3,1,9,07,00,1,0,2,0,1,0,0,0,0
"POINT (7.324692725000034 51.472913289000076)",Unfall 45083 (2023) Kat:2, Licht: 0,45083,2,1,0,07,10,5,0,0,1,0,0,0,0,0
"POINT (7.147659129000033 51.448679046000052)",Unfall 45310 (2023) Kat:3, Licht: 0,45310,3,3,5,07,09,3,0,0,0,1,0,0,0,1
"POINT (7.138582406000069 51.458567271000049)",Unfall 45311 (2023) Kat:3, Licht: 0,45311,3,3,5,07,17,3,0,0,1,0,0,0,0,0
"POINT (7.194796207000024 51.487001094000050)",Unfall 45420 (2023) Kat:3, Licht: 0,45420,3,3,5,07,15,5,1,0,1,0,0,0,0,1
"POINT (7.248428519000072 51.462476194000033)",Unfall 45421 (2023) Kat:3, Licht: 0,45421,3,1,3,07,09,2,0,0,0,1,0,0,1,0
"POINT (7.312961324000071 51.471845518000066)",Unfall 45424 (2023) Kat:2, Licht: 0,45424,2,1,0,07,18,2,1,0,0,0,0,1,0,0
"POINT (7.164086730000065 51.451234606000071)",Unfall 45425 (2023) Kat:2, Licht: 1,45425,2,2,5,07,21,2,0,1,1,1,0,0,0,0
"POINT (7.194126999000048 51.441116848000036)",Unfall 45426 (2023) Kat:3, Licht: 0,45426,3,4,6,07,16,2,0,0,0,1,1,0,0,0
"POINT (7.262527887000033 51.462711362000050)",Unfall 45465 (2023) Kat:2, Licht: 0,45465,2,1,0,07,09,4,1,0,0,1,0,0,1,0
"POINT (7.213489413000048 51.471731500000033)",Unfall 45614 (2023) Kat:3, Licht: 0,45614,3,1,0,07,15,7,0,0,0,0,0,1,0,0
"POINT (7.192876338000076 51.476910762000045)",Unfall 45758 (2023) Kat:3, Licht: 0,45758,3,6,3,07,18,6,0,0,0,1,0,0,0,0
"POINT (7.206398751000052 51.466349787000070)",Unfall 45759 (2023) Kat:3, Licht: 0,45759,3,5,3,07,18,6,0,0,0,1,0,0,0,1
"POINT (7.214204466000069 51.472068287000070)",Unfall 45891 (2023) Kat:3, Licht: 0,45891,3,7,9,07,08,5,0,0,0,1,0,0,0,0
"POINT (7.128978974000063 51.480194476000065)",Unfall 46004 (2023) Kat:3, Licht: 0,46004,3,7,6,08,14,2,0,0,0,1,1,0,0,0
"POINT (7.224047810000059 51.479816307000078)",Unfall 46005 (2023) Kat:3, Licht: 0,46005,3,2,0,08,07,2,0,0,1,0,0,0,0,1
"POINT (7.253826395000033 51.517065778000074)",Unfall 46095 (2023) Kat:3, Licht: 0,46095,3,1,8,08,14,1,0,0,0,1,0,0,0,0
"POINT (7.266842469000039 51.510134251000068)",Unfall 46186 (2023) Kat:3, Licht: 0,46186,3,1,9,08,17,7,0,0,0,1,0,0,0,0
"POINT (7.165207283000029 51.449737516000027)",Unfall 46187 (2023) Kat:3, Licht: 2,46187,3,5,1,08,02,7,1,2,1,1,0,0,0,0
"POINT (7.234085847000074 51.458538577000070)",Unfall 46330 (2023) Kat:3, Licht: 0,46330,3,6,3,08,07,6,0,0,0,1,0,0,1,0
"POINT (7.259340814000041 51.494988426000077)",Unfall 46331 (2023) Kat:3, Licht: 0,46331,3,6,2,08,13,6,0,0,0,1,0,0,0,0
"POINT (7.209409741000059 51.444325737000042)",Unfall 46342 (2023) Kat:3, Licht: 0,46342,3,3,5,08,16,6,0,0,1,1,0,0,0,0
"POINT (7.143700853000041 51.477343893000068)",Unfall 46343 (2023) Kat:3, Licht: 0,46343,3,2,2,08,13,6,0,0,0,1,0,0,0,0
"POINT (7.138176283000064 51.489115169000058)",Unfall 46344 (2023) Kat:3, Licht: 0,46344,3,2,4,08,15,6,0,0,1,1,0,0,0,0
"POINT (7.313165768000033 51.471899746000076)",Unfall 46473 (2023) Kat:3, Licht: 0,46473,3,6,2,08,09,5,0,0,0,1,0,0,0,0
"POINT (7.325706262000040 51.482228446000079)",Unfall 46474 (2023) Kat:3, Licht: 0,46474,3,1,7,08,08,5,0,0,1,0,0,0,0,0
"POINT (7.145118682000032 51.469488962000071)",Unfall 46476 (2023) Kat:3, Licht: 0,46476,3,7,0,08,09,5,0,0,1,0,0,0,0,0
"POINT (7.240589192000073 51.436115324000070)",Unfall 46610 (2023) Kat:3, Licht: 0,46610,3,3,5,08,19,4,0,0,0,1,0,0,0,0
"POINT (7.179701441000020 51.435558448000052)",Unfall 46611 (2023) Kat:3, Licht: 0,46611,3,7,1,08,07,4,1,0,0,1,0,0,0,1
"POINT (7.169316215000038 51.479355993000070)",Unfall 46831 (2023) Kat:3, Licht: 0,46831,3,6,3,08,07,2,1,0,0,1,0,0,1,1
"POINT (7.134673775000067 51.484891767000079)",Unfall 46836 (2023) Kat:3, Licht: 0,46836,3,2,6,08,08,2,1,0,0,1,1,0,0,0
"POINT (7.260618772000043 51.505368048000037)",Unfall 46837 (2023) Kat:2, Licht: 0,46837,2,4,6,08,08,2,1,0,0,1,1,0,0,0
"POINT (7.164746950000051 51.478698359000077)",Unfall 46924 (2023) Kat:3, Licht: 0,46924,3,1,8,08,07,1,0,0,0,1,0,0,0,0
"POINT (7.216575833000036 51.472471592000034)",Unfall 46928 (2023) Kat:3, Licht: 0,46928,3,2,0,08,15,1,1,0,0,1,0,0,0,1
"POINT (7.132038622000039 51.468903506000061)",Unfall 46929 (2023) Kat:3, Licht: 0,46929,3,2,2,08,11,1,1,0,0,1,0,0,0,0
"POINT (7.189750523000043 51.495300065000038)",Unfall 46930 (2023) Kat:3, Licht: 0,46930,3,3,5,08,18,1,1,0,0,1,0,0,0,0
"POINT (7.120556513000054 51.473137226000063)",Unfall 47145 (2023) Kat:3, Licht: 0,47145,3,1,8,08,09,2,0,0,0,1,0,0,0,0
"POINT (7.239875937000022 51.490393514000061)",Unfall 47217 (2023) Kat:3, Licht: 0,47217,3,2,5,08,12,1,0,0,0,1,0,0,0,0
"POINT (7.140740816000061 51.481740040000034)",Unfall 47324 (2023) Kat:3, Licht: 0,47324,3,6,1,08,10,7,0,0,0,1,0,0,0,0
"POINT (7.260155495000049 51.502837536000072)",Unfall 47575 (2023) Kat:3, Licht: 0,47575,3,6,2,08,15,5,0,0,0,1,0,0,0,0
"POINT (7.297658445000025 51.467041738000034)",Unfall 47582 (2023) Kat:3, Licht: 0,47582,3,3,5,08,12,5,0,0,0,1,0,0,0,0
"POINT (7.258518034000076 51.515219157000047)",Unfall 47715 (2023) Kat:3, Licht: 0,47715,3,1,0,08,08,4,1,0,0,0,0,1,0,1
"POINT (7.283780197000056 51.500397496000062)",Unfall 47716 (2023) Kat:3, Licht: 1,47716,3,2,0,08,20,4,0,1,1,1,0,0,0,0
"POINT (7.203403938000065 51.479253996000068)",Unfall 47717 (2023) Kat:2, Licht: 0,47717,2,6,0,08,16,4,0,0,0,1,0,0,0,1
"POINT (7.154490052000028 51.475953446000062)",Unfall 47822 (2023) Kat:3, Licht: 0,47822,3,6,2,08,09,3,0,0,0,1,0,0,1,0
"POINT (7.208341418000032 51.480394435000051)",Unfall 47831 (2023) Kat:3, Licht: 0,47831,3,6,0,08,16,3,0,0,1,1,0,0,0,0
"POINT (7.192812025000023 51.476896362000048)",Unfall 47832 (2023) Kat:3, Licht: 2,47832,3,1,0,08,04,3,0,2,0,0,0,0,0,1
"POINT (7.224549343000035 51.481145880000042)",Unfall 47833 (2023) Kat:3, Licht: 0,47833,3,2,6,08,17,3,0,0,0,1,1,0,0,0
"POINT (7.188979823000068 51.496126614000048)",Unfall 47835 (2023) Kat:2, Licht: 0,47835,2,3,5,08,14,3,0,0,1,1,0,0,0,0
"POINT (7.145217551000030 51.468899052000040)",Unfall 47923 (2023) Kat:3, Licht: 0,47923,3,2,3,08,13,2,0,0,0,1,0,0,0,1
"POINT (7.191311733000020 51.472464073000026)",Unfall 47960 (2023) Kat:3, Licht: 2,47960,3,2,5,08,23,2,0,2,0,1,0,0,0,1
"POINT (7.284977472000037 51.496788287000072)",Unfall 48148 (2023) Kat:3, Licht: 0,48148,3,6,2,08,14,7,0,0,0,1,0,0,0,0
"POINT (7.205381272000068 51.489890687000070)",Unfall 48180 (2023) Kat:3, Licht: 0,48180,3,4,0,08,17,5,1,0,0,0,1,0,0,1
"POINT (7.222608604000072 51.511954875000072)",Unfall 48302 (2023) Kat:3, Licht: 0,48302,3,6,2,08,09,6,0,0,0,1,0,0,0,0
"POINT (7.193946374000063 51.480617396000071)",Unfall 48314 (2023) Kat:3, Licht: 0,48314,3,7,1,08,12,6,0,0,0,1,0,0,0,0
"POINT (7.198041228000022 51.478000888000054)",Unfall 48387 (2023) Kat:3, Licht: 0,48387,3,6,2,08,11,5,0,0,0,1,0,0,0,0
"POINT (7.211020808000058 51.513577454000028)",Unfall 48428 (2023) Kat:3, Licht: 0,48428,3,6,1,08,15,5,0,0,0,1,0,0,1,0
"POINT (7.232983210000043 51.432607283000038)",Unfall 48570 (2023) Kat:3, Licht: 0,48570,3,3,5,08,14,4,0,0,0,1,0,1,0,0
"POINT (7.215030930000069 51.472456582000063)",Unfall 48571 (2023) Kat:3, Licht: 0,48571,3,1,0,08,14,4,0,0,1,0,0,0,0,0
"POINT (7.252376179000066 51.447350510000035)",Unfall 48729 (2023) Kat:3, Licht: 0,48729,3,6,2,08,18,3,0,0,0,1,0,0,0,0
"POINT (7.147729854000033 51.448644103000049)",Unfall 48730 (2023) Kat:3, Licht: 0,48730,3,2,5,08,20,3,0,0,1,1,0,0,0,0
"POINT (7.183021823000047 51.485433584000077)",Unfall 48864 (2023) Kat:3, Licht: 0,48864,3,6,2,09,09,3,1,0,0,1,0,0,0,0
"POINT (7.147019208000074 51.449018504000037)",Unfall 48877 (2023) Kat:3, Licht: 0,48877,3,6,2,09,17,3,0,0,0,1,0,0,0,0
"POINT (7.210528761000035 51.511303729000076)",Unfall 48878 (2023) Kat:3, Licht: 0,48878,3,2,1,09,11,3,1,0,0,1,0,0,0,1
"POINT (7.322749544000033 51.473657806000062)",Unfall 48879 (2023) Kat:3, Licht: 0,48879,3,6,0,09,16,3,0,0,0,1,0,0,0,1
"POINT (7.233012646000020 51.432415931000037)",Unfall 48995 (2023) Kat:3, Licht: 0,48995,3,1,0,09,07,2,0,0,0,0,0,1,0,0
"POINT (7.131409448000056 51.464589961000058)",Unfall 48996 (2023) Kat:2, Licht: 0,48996,2,2,5,09,10,2,0,0,1,1,0,0,0,0
"POINT (7.213757883000028 51.487574932000030)",Unfall 48997 (2023) Kat:3, Licht: 0,48997,3,6,1,09,15,2,0,0,0,1,0,1,0,0
"POINT (7.286943311000073 51.500604748000057)",Unfall 49079 (2023) Kat:3, Licht: 0,49079,3,3,5,09,17,1,0,0,1,1,0,0,0,0
"POINT (7.179570617000024 51.435492887000066)",Unfall 49162 (2023) Kat:2, Licht: 0,49162,2,1,0,09,17,4,0,0,1,0,0,0,0,0
"POINT (7.306125971000029 51.475508767000065)",Unfall 49202 (2023) Kat:3, Licht: 0,49202,3,3,5,09,17,7,0,0,0,1,0,0,0,0
"POINT (7.286676817000057 51.482956683000054)",Unfall 49203 (2023) Kat:3, Licht: 0,49203,3,2,5,09,09,7,0,0,0,1,0,0,0,0
"POINT (7.154446332000020 51.465173520000064)",Unfall 49204 (2023) Kat:3, Licht: 1,49204,3,2,5,09,19,7,0,1,0,1,0,0,0,0
"POINT (7.297643509000068 51.467037412000082)",Unfall 49262 (2023) Kat:3, Licht: 1,49262,3,2,5,09,07,4,1,1,1,1,0,0,0,0
"POINT (7.303537409000057 51.468664962000048)",Unfall 49341 (2023) Kat:3, Licht: 0,49341,3,2,5,09,09,6,0,0,1,1,0,0,0,0
"POINT (7.225843337000072 51.474152566000043)",Unfall 49342 (2023) Kat:3, Licht: 0,49342,3,2,5,09,10,6,0,0,1,0,0,0,0,1
"POINT (7.296023022000043 51.496579243000042)",Unfall 49489 (2023) Kat:3, Licht: 0,49489,3,1,2,09,13,5,0,0,0,1,0,0,0,0
"POINT (7.282448344000045 51.508790808000072)",Unfall 49499 (2023) Kat:3, Licht: 0,49499,3,3,5,09,18,5,0,0,1,1,0,0,0,0
"POINT (7.197799254000074 51.501933340000051)",Unfall 49500 (2023) Kat:3, Licht: 0,49500,3,6,3,09,07,5,0,0,1,1,0,0,0,0
"POINT (7.138069703000042 51.489046033000079)",Unfall 49649 (2023) Kat:2, Licht: 0,49649,2,3,5,09,17,4,0,0,1,0,0,0,0,1
"POINT (7.218900387000076 51.466956822000043)",Unfall 49822 (2023) Kat:2, Licht: 2,49822,2,1,0,09,04,3,0,2,1,0,0,0,0,0
"POINT (7.226635426000030 51.446807804000059)",Unfall 49823 (2023) Kat:2, Licht: 0,49823,2,2,4,09,08,3,0,0,0,1,0,1,0,0
"POINT (7.188526938000052 51.495866029000069)",Unfall 49978 (2023) Kat:3, Licht: 0,49978,3,6,2,09,08,2,0,0,0,0,0,1,0,1
"POINT (7.221018950000030 51.478650254000058)",Unfall 49988 (2023) Kat:3, Licht: 1,49988,3,6,1,09,19,2,0,1,0,1,0,0,0,0
"POINT (7.224167372000068 51.480166451000059)",Unfall 50015 (2023) Kat:3, Licht: 0,50015,3,3,1,09,11,5,0,0,0,1,0,0,0,0
"POINT (7.227712091000058 51.462570778000043)",Unfall 50100 (2023) Kat:3, Licht: 0,50100,3,3,5,09,15,1,0,0,1,1,0,0,0,0
"POINT (7.273405370000035 51.517475616000070)",Unfall 50101 (2023) Kat:3, Licht: 2,50101,3,5,0,09,21,1,0,2,1,1,0,0,0,0
"POINT (7.258307442000046 51.498636564000037)",Unfall 50200 (2023) Kat:3, Licht: 0,50200,3,2,2,09,11,7,0,0,0,1,0,0,0,1
"POINT (7.244267263000040 51.491836036000052)",Unfall 50201 (2023) Kat:1, Licht: 0,50201,1,4,6,09,11,7,0,0,0,0,1,1,0,0
"POINT (7.194732142000021 51.485993560000054)",Unfall 50202 (2023) Kat:3, Licht: 1,50202,3,2,5,09,19,7,0,1,0,1,0,0,0,0
"POINT (7.156952165000064 51.458979690000035)",Unfall 50292 (2023) Kat:2, Licht: 0,50292,2,2,6,09,13,4,0,0,0,1,1,0,0,0
"POINT (7.269600361000073 51.497683693000056)",Unfall 50326 (2023) Kat:3, Licht: 2,50326,3,6,2,09,23,6,0,2,0,1,0,0,0,0
"POINT (7.169342858000050 51.479273178000028)",Unfall 50327 (2023) Kat:3, Licht: 0,50327,3,6,2,09,17,6,0,0,0,1,0,0,0,0
"POINT (7.247435159000077 51.462123977000033)",Unfall 50471 (2023) Kat:3, Licht: 0,50471,3,6,3,08,07,5,0,0,0,1,0,0,1,0
"POINT (7.198032234000038 51.458774309000034)",Unfall 50477 (2023) Kat:3, Licht: 0,50477,3,5,0,08,16,5,1,0,1,1,0,0,0,0
"POINT (7.141213681000067 51.481475445000058)",Unfall 50479 (2023) Kat:3, Licht: 0,50479,3,7,6,08,15,5,0,0,0,1,1,0,0,0
"POINT (7.202054638000050 51.461993701000040)",Unfall 50494 (2023) Kat:3, Licht: 0,50494,3,7,0,09,12,2,0,0,1,0,0,0,1,0
"POINT (7.221525907000057 51.490308876000029)",Unfall 50596 (2023) Kat:2, Licht: 0,50596,2,5,1,09,15,6,0,0,1,1,0,0,0,0
"POINT (7.243379830000038 51.495384737000052)",Unfall 50644 (2023) Kat:2, Licht: 0,50644,2,1,9,08,19,4,1,0,0,1,0,0,0,0
"POINT (7.303269630000045 51.524388788000067)",Unfall 50661 (2023) Kat:2, Licht: 0,50661,2,6,4,08,16,4,1,0,0,1,0,0,0,0
"POINT (7.161901897000064 51.480111680000050)",Unfall 50662 (2023) Kat:2, Licht: 0,50662,2,5,1,08,10,4,0,0,0,1,0,0,0,0
"POINT (7.266408103000060 51.515231942000071)",Unfall 50804 (2023) Kat:3, Licht: 0,50804,3,1,0,08,17,3,0,0,0,1,0,0,0,0
"POINT (7.191335220000042 51.496250181000050)",Unfall 51103 (2023) Kat:3, Licht: 0,51103,3,1,2,09,11,5,0,0,0,1,0,0,0,0
"POINT (7.232557126000074 51.476539480000042)",Unfall 51111 (2023) Kat:3, Licht: 1,51111,3,7,3,09,19,5,1,1,0,1,0,0,0,0
"POINT (7.168803838000031 51.447692057000040)",Unfall 51210 (2023) Kat:3, Licht: 0,51210,3,3,5,09,11,4,0,0,0,1,0,0,0,0
"POINT (7.145540751000055 51.447754394000071)",Unfall 51211 (2023) Kat:3, Licht: 0,51211,3,1,0,09,18,4,0,0,1,0,0,0,0,0
"POINT (7.129353597000033 51.485870030000058)",Unfall 51212 (2023) Kat:3, Licht: 0,51212,3,2,5,09,15,4,0,0,0,1,0,0,0,1
"POINT (7.189194664000070 51.498009172000081)",Unfall 51213 (2023) Kat:3, Licht: 0,51213,3,6,2,09,18,4,0,0,0,1,0,0,0,0
"POINT (7.240591247000054 51.436075150000079)",Unfall 51328 (2023) Kat:3, Licht: 0,51328,3,3,5,09,15,3,0,0,0,1,0,0,0,0
"POINT (7.160292597000023 51.442802574000041)",Unfall 51329 (2023) Kat:3, Licht: 0,51329,3,7,1,09,13,3,0,0,0,1,0,0,0,0
"POINT (7.188812916000074 51.502215728000067)",Unfall 51330 (2023) Kat:3, Licht: 0,51330,3,4,6,09,10,3,0,0,0,1,1,0,0,0
"POINT (7.247423012000070 51.462121292000063)",Unfall 51448 (2023) Kat:3, Licht: 0,51448,3,6,3,09,11,2,0,0,0,1,0,0,1,0
"POINT (7.258677964000071 51.514765467000075)",Unfall 51454 (2023) Kat:3, Licht: 1,51454,3,6,1,09,19,2,0,1,1,1,0,0,0,0
"POINT (7.288228087000050 51.465069274000030)",Unfall 51534 (2023) Kat:3, Licht: 2,51534,3,6,0,09,20,3,0,2,0,1,0,0,0,1
"POINT (7.219427326000073 51.485166253000045)",Unfall 51554 (2023) Kat:3, Licht: 2,51554,3,1,0,09,21,1,0,2,0,0,0,0,0,1
"POINT (7.234625552000068 51.488534563000030)",Unfall 51555 (2023) Kat:3, Licht: 2,51555,3,6,6,09,00,1,1,2,0,1,1,0,0,0
"POINT (7.213693461000048 51.515877371000045)",Unfall 51672 (2023) Kat:3, Licht: 0,51672,3,6,2,09,10,7,0,0,0,1,0,0,0,0
"POINT (7.192655027000058 51.454487115000063)",Unfall 51836 (2023) Kat:3, Licht: 0,51836,3,3,5,09,12,6,0,0,1,1,0,0,0,0
"POINT (7.248597499000027 51.472040888000038)",Unfall 51959 (2023) Kat:2, Licht: 0,51959,2,4,6,09,17,5,0,0,0,0,1,0,0,1
"POINT (7.230193447000033 51.431326908000074)",Unfall 51960 (2023) Kat:3, Licht: 0,51960,3,6,2,09,06,5,0,0,0,1,0,0,0,0
"POINT (7.215737183000044 51.478804341000057)",Unfall 51961 (2023) Kat:2, Licht: 2,51961,2,3,5,09,21,5,0,2,1,1,0,0,0,0
"POINT (7.152370088000055 51.499750110000036)",Unfall 51996 (2023) Kat:3, Licht: 0,51996,3,3,5,09,08,4,0,0,0,1,0,1,0,0
"POINT (7.198541159000058 51.478120558000057)",Unfall 52178 (2023) Kat:3, Licht: 2,52178,3,1,7,10,01,1,0,2,0,0,0,1,0,0
"POINT (7.335728729000039 51.459464676000039)",Unfall 52270 (2023) Kat:3, Licht: 0,52270,3,3,5,10,17,7,0,0,0,1,0,1,0,0
"POINT (7.192065953000053 51.493659673000082)",Unfall 52351 (2023) Kat:3, Licht: 0,52351,3,3,5,10,15,2,0,0,1,1,0,0,0,0
"POINT (7.202404510000065 51.479030997000052)",Unfall 52364 (2023) Kat:3, Licht: 0,52364,3,7,6,10,10,6,0,0,0,1,1,0,0,0