WKT,Name,OBJECTID,UKATEGORIE,UTYP1,UART,UMONAT,USTUNDE,UWOCHENTAG,STRZUSTAND,ULICHTVERH,ISTRAD,ISTPKW,ISTFUSS,ISTKRAD,ISTGKFZ,ISTSONSTIG
"POINT (7.149431108000044 51.451585014000045)",Unfall 52434 (2023) Kat:3, Licht: 2,52434,3,7,0,10,06,5,0,2,0,0,1,0,0,1
"POINT (7.225490099000069 51.474112299000069)",Unfall 52523 (2023) Kat:3, Licht: 0,52523,3,6,2,10,15,4,0,0,0,1,0,1,0,0
"POINT (7.221996597000043 51.444776969000031)",Unfall 52524 (2023) Kat:2, Licht: 2,52524,2,4,6,10,19,4,0,2,0,1,1,0,0,0
"POINT (7.289688707000039 51.494807415000082)",Unfall 52525 (2023) Kat:3, Licht: 0,52525,3,6,2,10,14,4,0,0,0,1,0,0,0,0
"POINT (7.114750651000065 51.471710984000026)",Unfall 52564 (2023) Kat:2, Licht: 0,52564,2,1,8,10,16,3,1,0,0,1,0,0,0,0
"POINT (7.240418585000043 51.473640025000066)",Unfall 52652 (2023) Kat:3, Licht: 0,52652,3,6,2,10,14,2,0,0,0,1,0,0,0,0
"POINT (7.152426915000035 51.499801336000075)",Unfall 52653 (2023) Kat:3, Licht: 0,52653,3,2,5,10,14,2,0,0,1,1,0,0,0,0
"POINT (7.213020025000048 51.493098348000046)",Unfall 52684 (2023) Kat:3, Licht: 0,52684,3,2,5,10,17,2,0,0,1,1,0,0,0,0
"POINT (7.134603744000060 51.484897507000028)",Unfall 52739 (2023) Kat:3, Licht: 0,52739,3,3,5,10,14,1,0,0,0,1,0,0,0,0
"POINT (7.229322149000041 51.485882385000082)",Unfall 52824 (2023) Kat:3, Licht: 0,52824,3,4,6,09,16,7,0,0,0,1,0,0,0,1
"POINT (7.278211459000033 51.485346455000069)",Unfall 52927 (2023) Kat:2, Licht: 0,52927,2,6,1,09,16,6,1,0,0,0,0,0,0,1
"POINT (7.261063355000033 51.493991172000051)",Unfall 52933 (2023) Kat:3, Licht: 0,52933,3,1,8,09,08,6,0,0,0,1,0,0,0,0
"POINT (7.255807184000048 51.493779686000039)",Unfall 52934 (2023) Kat:3, Licht: 0,52934,3,6,1,09,16,6,0,0,0,1,0,0,0,0
"POINT (7.127335138000035 51.481131289000075)",Unfall 53063 (2023) Kat:3, Licht: 0,53063,3,1,1,09,14,5,0,0,0,1,0,0,0,0
"POINT (7.188966861000040 51.496259409000061)",Unfall 53064 (2023) Kat:3, Licht: 0,53064,3,6,2,09,06,5,0,0,0,1,0,0,0,0
"POINT (7.149864832000048 51.447898415000054)",Unfall 53065 (2023) Kat:3, Licht: 0,53065,3,6,2,09,14,5,0,0,0,1,0,0,1,0
"POINT (7.221859286000040 51.444721675000039)",Unfall 53189 (2023) Kat:3, Licht: 0,53189,3,6,2,09,07,4,0,0,0,1,0,0,0,0
"POINT (7.129831234000051 51.473023661000070)",Unfall 53190 (2023) Kat:3, Licht: 0,53190,3,2,5,09,09,4,0,0,0,1,0,0,0,0
"POINT (7.216077096000049 51.473779723000064)",Unfall 53356 (2023) Kat:3, Licht: 2,53356,3,2,5,09,06,3,0,2,0,1,0,0,0,0
"POINT (7.241568753000024 51.465756615000032)",Unfall 53358 (2023) Kat:2, Licht: 0,53358,2,7,8,09,14,3,0,0,0,1,0,0,0,1
"POINT (7.283578298000066 51.504877207000050)",Unfall 53359 (2023) Kat:3, Licht: 0,53359,3,1,0,09,13,3,0,0,1,0,0,0,0,0
"POINT (7.210706676000029 51.512903992000076)",Unfall 53360 (2023) Kat:3, Licht: 0,53360,3,2,3,09,08,3,0,0,1,1,0,0,0,0
"POINT (7.160870062000072 51.444460017000040)",Unfall 53493 (2023) Kat:3, Licht: 0,53493,3,7,1,09,19,2,0,0,0,1,1,0,0,0
"POINT (7.231314286000043 51.431908901000043)",Unfall 53494 (2023) Kat:3, Licht: 2,53494,3,2,5,09,05,2,0,2,1,1,0,0,0,0
"POINT (7.256656224000039 51.497371400000077)",Unfall 53495 (2023) Kat:2, Licht: 0,53495,2,7,8,09,16,2,0,0,0,0,0,1,0,0
"POINT (7.193117405000066 51.476964742000064)",Unfall 53496 (2023) Kat:3, Licht: 2,53496,3,6,0,09,19,2,0,2,0,1,0,0,0,1
"POINT (7.184865596000066 51.491470552000067)",Unfall 53619 (2023) Kat:3, Licht: 0,53619,3,6,2,09,17,1,0,0,0,1,0,0,0,0
"POINT (7.211313153000049 51.518753070000059)",Unfall 53620 (2023) Kat:3, Licht: 0,53620,3,6,2,09,15,1,0,0,0,1,0,0,0,0
"POINT (7.261628917000053 51.495244118000073)",Unfall 53737 (2023) Kat:3, Licht: 2,53737,3,6,2,10,20,7,1,2,0,1,0,0,0,0
"POINT (7.245336896000026 51.471911853000051)",Unfall 53742 (2023) Kat:3, Licht: 0,53742,3,6,2,10,10,7,1,0,0,1,0,0,0,0
"POINT (7.282470855000042 51.508667203000073)",Unfall 53743 (2023) Kat:3, Licht: 0,53743,3,2,2,10,16,7,1,0,0,1,0,0,0,0
"POINT (7.194756621000067 51.486986171000069)",Unfall 53744 (2023) Kat:3, Licht: 0,53744,3,3,5,10,17,7,1,0,1,1,0,0,0,0
"POINT (7.308016072000044 51.496228052000049)",Unfall 53844 (2023) Kat:2, Licht: 0,53844,2,7,0,10,11,6,1,0,0,1,0,0,1,0
"POINT (7.164014351000048 51.478240518000064)",Unfall 53845 (2023) Kat:3, Licht: 0,53845,3,6,2,10,15,6,1,0,0,1,0,0,0,0
"POINT (7.211440526000047 51.518931933000033)",Unfall 53846 (2023) Kat:3, Licht: 0,53846,3,6,1,10,15,6,1,0,0,1,0,0,0,0
"POINT (7.240351076000024 51.460796009000035)",Unfall 53847 (2023) Kat:3, Licht: 0,53847,3,6,3,10,11,6,1,0,0,1,0,0,1,0
"POINT (7.183621471000038 51.437605237000071)",Unfall 53854 (2023) Kat:3, Licht: 2,53854,3,1,0,10,06,6,1,2,1,0,0,0,0,0
"POINT (7.261152394000021 51.494262285000048)",Unfall 53855 (2023) Kat:3, Licht: 0,53855,3,3,5,10,12,6,1,0,0,1,0,0,0,0
"POINT (7.160929486000043 51.459087495000063)",Unfall 53856 (2023) Kat:3, Licht: 2,53856,3,6,6,10,18,6,1,2,0,1,1,0,0,0
"POINT (7.188968213000066 51.496245541000064)",Unfall 53857 (2023) Kat:3, Licht: 2,53857,3,6,2,10,05,6,0,2,0,1,0,0,0,0
"POINT (7.211899914000071 51.500256857000068)",Unfall 53858 (2023) Kat:3, Licht: 2,53858,3,6,2,10,18,6,1,2,0,1,0,0,0,0
"POINT (7.172693567000067 51.481814074000056)",Unfall 53957 (2023) Kat:3, Licht: 0,53957,3,6,3,10,14,5,0,0,0,0,0,1,0,1
"POINT (7.287656228000060 51.455716175000077)",Unfall 54038 (2023) Kat:3, Licht: 0,54038,3,2,5,10,13,4,1,0,0,1,0,0,0,0
"POINT (7.220861712000044 51.484028323000075)",Unfall 54039 (2023) Kat:3, Licht: 0,54039,3,2,6,10,15,4,1,0,0,1,1,0,0,0
"POINT (7.221374985000068 51.487997772000028)",Unfall 54040 (2023) Kat:3, Licht: 0,54040,3,6,2,10,13,4,1,0,0,1,0,1,0,0
"POINT (7.189406629000075 51.495533343000034)",Unfall 54042 (2023) Kat:3, Licht: 0,54042,3,6,2,10,08,4,0,0,0,1,0,0,0,0
"POINT (7.196303828000055 51.491991806000044)",Unfall 54043 (2023) Kat:3, Licht: 2,54043,3,1,9,10,19,4,1,2,1,1,0,0,0,1
"POINT (7.221766696000032 51.498496884000076)",Unfall 54153 (2023) Kat:2, Licht: 0,54153,2,6,2,10,07,3,0,0,0,1,0,0,0,0
"POINT (7.166744818000041 51.486502557000051)",Unfall 54166 (2023) Kat:3, Licht: 2,54166,3,1,8,10,21,3,1,2,0,1,0,0,0,0
"POINT (7.159680571000024 51.442438326000058)",Unfall 54167 (2023) Kat:3, Licht: 2,54167,3,6,2,10,19,3,1,2,0,1,0,0,0,0
"POINT (7.198651042000051 51.491506054000070)",Unfall 54168 (2023) Kat:3, Licht: 1,54168,3,2,5,10,07,3,1,1,1,1,0,0,0,0
"POINT (7.209537961000024 51.488347950000048)",Unfall 54286 (2023) Kat:3, Licht: 2,54286,3,1,0,10,21,2,1,2,1,0,1,0,0,0
"POINT (7.254958607000049 51.462794433000056)",Unfall 54335 (2023) Kat:2, Licht: 0,54335,2,6,2,10,16,1,1,0,0,1,0,0,0,0
"POINT (7.210776574000022 51.486504688000082)",Unfall 54338 (2023) Kat:2, Licht: 1,54338,2,3,0,10,18,1,0,1,1,1,0,0,0,0
"POINT (7.211156542000026 51.484878087000027)",Unfall 54339 (2023) Kat:3, Licht: 0,54339,3,3,5,10,15,1,0,0,0,1,0,0,0,0
"POINT (7.174564470000064 51.480724501000054)",Unfall 54572 (2023) Kat:3, Licht: 0,54572,3,1,2,10,14,6,1,0,0,1,0,0,0,0
"POINT (7.206354183000030 51.489676559000031)",Unfall 54583 (2023) Kat:3, Licht: 2,54583,3,1,0,10,23,6,1,2,1,1,0,0,0,0
"POINT (7.269031851000022 51.521584787000052)",Unfall 54648 (2023) Kat:3, Licht: 2,54648,3,2,6,10,19,6,1,2,0,1,1,0,0,0
"POINT (7.141851127000052 51.474471306000055)",Unfall 54721 (2023) Kat:3, Licht: 0,54721,3,7,2,10,14,5,0,0,0,1,0,0,0,0
"POINT (7.275549594000040 51.476658944000064)",Unfall 54937 (2023) Kat:3, Licht: 0,54937,3,3,5,10,10,4,0,0,1,1,0,0,0,0
"POINT (7.230708561000029 51.456891377000034)",Unfall 54951 (2023) Kat:3, Licht: 0,54951,3,6,3,10,12,3,0,0,0,1,0,0,1,0
"POINT (7.255020465000030 51.464247317000059)",Unfall 54960 (2023) Kat:3, Licht: 2,54960,3,6,4,10,14,3,0,2,0,1,0,0,0,0
"POINT (7.297106039000028 51.466666554000028)",Unfall 54961 (2023) Kat:2, Licht: 0,54961,2,6,2,10,16,3,0,0,0,1,0,1,0,0
"POINT (7.227411232000065 51.478091651000057)",Unfall 55081 (2023) Kat:3, Licht: 2,55081,3,6,2,10,18,2,0,2,1,1,0,0,0,0
"POINT (7.236567746000048 51.459208503000070)",Unfall 55082 (2023) Kat:3, Licht: 0,55082,3,7,3,10,17,2,0,0,0,1,0,0,0,1
"POINT (7.198555384000031 51.463364697000031)",Unfall 55083 (2023) Kat:3, Licht: 0,55083,3,2,4,10,12,2,0,0,0,0,0,0,0,1
"POINT (7.129418895000072 51.485876411000049)",Unfall 55155 (2023) Kat:3, Licht: 2,55155,3,3,5,10,19,1,1,2,0,1,0,0,0,0
"POINT (7.124928604000047 51.480925240000033)",Unfall 55238 (2023) Kat:3, Licht: 2,55238,3,2,4,10,18,7,1,2,1,1,0,0,0,0
"POINT (7.135116230000051 51.457395728000051)",Unfall 55239 (2023) Kat:3, Licht: 0,55239,3,3,5,10,14,7,0,0,0,1,0,0,0,0
"POINT (7.134836276000044 51.484862464000059)",Unfall 55242 (2023) Kat:3, Licht: 0,55242,3,2,6,10,10,7,1,0,0,1,1,0,0,0
"POINT (7.211187592000044 51.513943082000026)",Unfall 55243 (2023) Kat:3, Licht: 2,55243,3,1,0,10,20,7,1,2,0,0,0,0,0,1
"POINT (7.223984571000074 51.511638096000070)",Unfall 55309 (2023) Kat:3, Licht: 1,55309,3,6,1,10,18,3,1,1,0,1,0,0,0,0
"POINT (7.246570427000051 51.453164789000027)",Unfall 55372 (2023) Kat:3, Licht: 0,55372,3,7,2,10,10,6,1,0,0,1,0,1,0,0
"POINT (7.144955932000073 51.472161136000068)",Unfall 55373 (2023) Kat:3, Licht: 0,55373,3,7,6,10,12,6,0,0,0,1,1,0,0,0
"POINT (7.198517323000033 51.463353076000033)",Unfall 55508 (2023) Kat:3, Licht: 0,55508,3,6,2,10,15,2,0,0,0,1,0,0,0,0
"POINT (7.200917474000050 51.462417044000063)",Unfall 55512 (2023) Kat:3, Licht: 0,55512,3,3,5,10,11,5,1,0,0,1,0,0,0,0
"POINT (7.289293221000037 51.497261368000068)",Unfall 55513 (2023) Kat:3, Licht: 0,55513,3,6,2,10,16,5,1,0,0,1,0,0,0,0
"POINT (7.289254212000060 51.497774569000057)",Unfall 55579 (2023) Kat:2, Licht: 0,55579,2,3,5,10,13,7,0,0,0,1,0,0,0,0
"POINT (7.235079319000022 51.475637209000070)",Unfall 55668 (2023) Kat:3, Licht: 0,55668,3,6,3,10,18,4,0,0,0,1,0,0,0,0
"POINT (7.221367655000051 51.488043195000046)",Unfall 55669 (2023) Kat:3, Licht: 0,55669,3,7,0,10,13,4,0,0,0,0,0,0,0,1
"POINT (7.198448392000046 51.478098352000075)",Unfall 55820 (2023) Kat:3, Licht: 0,55820,3,6,1,10,15,3,0,0,0,1,0,0,0,0
"POINT (7.197449276000043 51.491730676000032)",Unfall 55949 (2023) Kat:2, Licht: 2,55949,2,1,4,11,21,5,1,2,1,0,0,0,0,1
"POINT (7.191328720000058 51.492095764000055)",Unfall 56034 (2023) Kat:2, Licht: 2,56034,2,2,6,11,17,4,1,2,0,1,1,0,0,0
"POINT (7.212757032000070 51.481456415000082)",Unfall 56035 (2023) Kat:3, Licht: 0,56035,3,3,5,11,13,4,0,0,0,1,0,0,0,1
"POINT (7.161889391000045 51.459123388000080)",Unfall 56061 (2023) Kat:3, Licht: 0,56061,3,7,0,11,11,5,1,0,1,0,0,0,0,0
"POINT (7.216364358000021 51.514052668000033)",Unfall 56144 (2023) Kat:3, Licht: 2,56144,3,1,2,11,18,3,0,2,0,1,0,0,0,1
"POINT (7.214026403000048 51.515896429000065)",Unfall 56145 (2023) Kat:3, Licht: 0,56145,3,6,2,11,13,3,0,0,0,1,0,0,0,1
"POINT (7.226197601000024 51.478748180000082)",Unfall 56148 (2023) Kat:2, Licht: 2,56148,2,7,0,11,22,5,0,2,0,1,0,0,0,0
"POINT (7.200735522000059 51.462489070000061)",Unfall 56155 (2023) Kat:3, Licht: 0,56155,3,4,6,11,15,3,0,0,0,1,1,0,0,0
"POINT (7.303321616000062 51.468604058000039)",Unfall 56157 (2023) Kat:3, Licht: 1,56157,3,5,5,11,15,3,0,1,1,1,0,0,0,0
"POINT (7.262901457000055 51.462962487000027)",Unfall 56251 (2023) Kat:3, Licht: 0,56251,3,6,3,11,11,2,0,0,0,1,0,0,1,0
"POINT (7.149438288000056 51.497177569000030)",Unfall 56258 (2023) Kat:3, Licht: 2,56258,3,1,8,11,23,2,1,2,0,1,0,0,0,0
"POINT (7.236545531000047 51.459236279000038)",Unfall 56259 (2023) Kat:3, Licht: 0,56259,3,2,5,11,10,2,0,0,0,1,0,0,0,1
"POINT (7.236096106000048 51.475260001000038)",Unfall 56260 (2023) Kat:3, Licht: 0,56260,3,2,3,11,14,2,0,0,0,1,0,1,0,0
"POINT (7.181357262000063 51.481343727000080)",Unfall 56318 (2023) Kat:3, Licht: 0,56318,3,6,2,11,15,1,1,0,0,1,0,0,0,0
"POINT (7.256617499000072 51.496881858000052)",Unfall 56553 (2023) Kat:3, Licht: 0,56553,3,6,3,11,15,2,0,0,1,1,0,0,0,0
"POINT (7.186356226000044 51.494636092000064)",Unfall 56594 (2023) Kat:3, Licht: 1,56594,3,7,7,11,15,5,0,1,0,1,0,0,0,1
"POINT (7.288120524000021 51.459668667000074)",Unfall 56595 (2023) Kat:3, Licht: 0,56595,3,6,3,11,16,5,0,0,0,1,0,0,1,0
"POINT (7.257183960000020 51.493683176000047)",Unfall 56600 (2023) Kat:3, Licht: 0,56600,3,7,2,11,13,5,0,0,0,1,0,0,1,0
"POINT (7.232034317000057 51.495048784000062)",Unfall 56667 (2023) Kat:3, Licht: 2,56667,3,6,8,11,06,4,1,2,0,1,0,0,0,0
"POINT (7.229733466000027 51.496375808000039)",Unfall 56800 (2023) Kat:3, Licht: 2,56800,3,6,2,10,17,3,0,2,0,1,0,0,0,0
"POINT (7.189325606000068 51.496453496000072)",Unfall 56806 (2023) Kat:3, Licht: 1,56806,3,6,2,10,17,3,0,1,0,1,0,0,1,0
"POINT (7.150361804000056 51.447773033000033)",Unfall 56807 (2023) Kat:3, Licht: 0,56807,3,6,1,10,10,3,1,0,0,1,0,0,0,0
"POINT (7.222953553000025 51.494057802000043)",Unfall 56808 (2023) Kat:3, Licht: 0,56808,3,6,1,10,17,3,0,0,0,1,0,0,0,0
"POINT (7.327311095000027 51.457885191000059)",Unfall 56970 (2023) Kat:3, Licht: 0,56970,3,7,8,10,14,2,0,0,0,1,0,0,0,1
"POINT (7.212327140000070 51.502190805000055)",Unfall 56972 (2023) Kat:3, Licht: 2,56972,3,6,2,10,17,2,1,2,0,1,0,0,0,0
"POINT (7.206429547000027 51.489659972000027)",Unfall 56973 (2023) Kat:3, Licht: 2,56973,3,2,5,10,20,2,1,2,0,1,0,0,0,1
"POINT (7.197513990000061 51.458359083000062)",Unfall 57040 (2023) Kat:3, Licht: 2,57040,3,2,4,10,18,1,1,2,0,1,0,0,0,0
"POINT (7.225633067000047 51.452188982000052)",Unfall 57338 (2023) Kat:3, Licht: 2,57338,3,2,6,11,06,6,1,2,0,1,1,0,0,0
"POINT (7.302845679000029 51.496596754000052)",Unfall 57432 (2023) Kat:3, Licht: 2,57432,3,6,2,11,07,5,0,2,0,1,0,0,0,1
"POINT (7.269035968000026 51.468713843000046)",Unfall 57622 (2023) Kat:3, Licht: 0,57622,3,6,2,11,15,3,0,0,0,1,0,0,1,0
"POINT (7.116571765000060 51.472209992000046)",Unfall 57727 (2023) Kat:3, Licht: 0,57727,3,6,2,11,11,2,0,0,0,1,0,0,0,0
"POINT (7.254275713000027 51.462845139000081)",Unfall 57797 (2023) Kat:3, Licht: 2,57797,3,6,2,11,17,1,1,2,0,1,0,0,0,0
"POINT (7.149875855000062 51.451822636000031)",Unfall 57858 (2023) Kat:2, Licht: 2,57858,2,2,6,11,18,3,0,2,0,1,1,0,0,0
"POINT (7.223075336000022 51.477246865000041)",Unfall 57908 (2023) Kat:3, Licht: 2,57908,3,1,0,11,01,7,0,2,1,0,0,0,0,0
"POINT (7.207007903000033 51.489528329000052)",Unfall 57910 (2023) Kat:3, Licht: 2,57910,3,4,6,11,18,7,1,2,0,1,1,0,0,0
"POINT (7.226801188000024 51.471227783000074)",Unfall 58256 (2023) Kat:3, Licht: 1,58256,3,2,5,11,08,4,1,1,1,1,0,0,0,0
"POINT (7.225062119000029 51.446346079000079)",Unfall 58258 (2023) Kat:3, Licht: 1,58258,3,6,2,11,07,4,1,1,0,1,0,1,0,0
"POINT (7.234118348000038 51.458552984000050)",Unfall 58390 (2023) Kat:3, Licht: 2,58390,3,6,3,11,16,3,1,2,0,1,0,0,0,0
"POINT (7.246531900000036 51.453097319000051)",Unfall 58397 (2023) Kat:3, Licht: 2,58397,3,1,0,11,20,3,1,2,0,1,0,0,0,0
"POINT (7.323295252000037 51.476092960000074)",Unfall 58398 (2023) Kat:3, Licht: 2,58398,3,2,6,11,18,3,1,2,0,1,1,0,0,0
"POINT (7.281724756000074 51.479308483000068)",Unfall 58400 (2023) Kat:3, Licht: 2,58400,3,1,9,11,17,3,1,2,0,1,0,0,0,0
"POINT (7.146097922000024 51.482512486000076)",Unfall 58401 (2023) Kat:3, Licht: 2,58401,3,4,6,11,17,3,1,2,0,1,1,0,0,0
"POINT (7.189314023000065 51.495598287000064)",Unfall 58402 (2023) Kat:3, Licht: 1,58402,3,3,5,11,15,3,1,1,0,1,0,0,0,1
"POINT (7.285735617000057 51.516121056000031)",Unfall 58539 (2023) Kat:3, Licht: 0,58539,3,3,5,11,14,3,1,0,0,1,0,0,0,0
"POINT (7.160248341000056 51.468357012000070)",Unfall 58540 (2023) Kat:2, Licht: 0,58540,2,2,3,11,15,2,1,0,0,1,0,0,0,1
"POINT (7.213791144000027 51.487577657000031)",Unfall 58541 (2023) Kat:3, Licht: 0,58541,3,6,2,11,08,2,1,0,0,1,0,0,0,0
"POINT (7.289540623000050 51.456044258000077)",Unfall 58557 (2023) Kat:3, Licht: 2,58557,3,6,2,11,16,3,1,2,0,1,0,0,0,0
"POINT (7.320369338000035 51.463302195000040)",Unfall 58599 (2023) Kat:3, Licht: 2,58599,3,6,2,11,17,1,0,2,0,1,0,0,0,0
"POINT (7.148160712000049 51.450892371000066)",Unfall 58645 (2023) Kat:3, Licht: 0,58645,3,3,5,11,14,7,1,0,1,1,0,0,0,0
"POINT (7.226769343000058 51.446451839000076)",Unfall 58669 (2023) Kat:3, Licht: 2,58669,3,1,9,11,01,7,1,2,0,1,0,0,0,0
"POINT (7.154485321000038 51.460839649000036)",Unfall 58704 (2023) Kat:3, Licht: 0,58704,3,7,0,11,13,2,1,0,1,1,0,0,0,0
"POINT (7.240754404000029 51.449631754000052)",Unfall 58833 (2023) Kat:3, Licht: 0,58833,3,1,0,11,08,6,1,0,0,1,0,1,0,1
"POINT (7.157952683000076 51.440017687000079)",Unfall 58834 (2023) Kat:3, Licht: 0,58834,3,6,6,11,12,6,0,0,0,0,1,0,0,1
"POINT (7.242737073000058 51.428409319000082)",Unfall 58835 (2023) Kat:3, Licht: 2,58835,3,2,6,11,17,6,1,2,0,1,1,0,0,0
"POINT (7.212275273000046 51.516347872000040)",Unfall 58836 (2023) Kat:3, Licht: 0,58836,3,6,2,11,09,6,1,0,0,0,0,1,0,1
"POINT (7.290550250000024 51.456117367000047)",Unfall 58964 (2023) Kat:3, Licht: 2,58964,3,6,2,12,17,3,1,2,0,1,0,0,0,0
"POINT (7.157922590000055 51.439178092000077)",Unfall 58974 (2023) Kat:2, Licht: 0,58974,2,7,0,12,09,3,1,0,0,1,0,0,0,1
"POINT (7.225066039000069 51.482375444000070)",Unfall 58975 (2023) Kat:3, Licht: 2,58975,3,1,9,12,22,3,1,2,0,1,0,0,0,0
"POINT (7.289308335000044 51.496972054000082)",Unfall 59054 (2023) Kat:3, Licht: 0,59054,3,6,2,12,10,2,0,0,0,1,0,0,0,0
"POINT (7.193368899000063 51.478257403000043)",Unfall 59055 (2023) Kat:3, Licht: 2,59055,3,6,3,12,19,2,0,2,0,1,0,0,0,0
"POINT (7.239762102000043 51.490350709000040)",Unfall 59149 (2023) Kat:3, Licht: 0,59149,3,7,4,12,13,7,0,0,0,1,0,0,0,0
"POINT (7.230889408000053 51.476945103000048)",Unfall 59150 (2023) Kat:3, Licht: 0,59150,3,6,3,12,14,7,0,0,1,1,0,0,0,0
"POINT (7.170793841000034 51.479475759000081)",Unfall 59304 (2023) Kat:3, Licht: 2,59304,3,6,3,12,17,5,0,2,0,1,0,0,0,0
"POINT (7.189571004000072 51.507688530000053)",Unfall 59414 (2023) Kat:3, Licht: 2,59414,3,2,6,12,16,4,1,2,0,1,1,0,0,0
"POINT (7.238096868000071 51.430763948000049)",Unfall 59535 (2023) Kat:3, Licht: 0,59535,3,6,2,12,15,3,1,0,0,1,0,0,0,0
"POINT (7.211440413000048 51.514516375000028)",Unfall 59536 (2023) Kat:3, Licht: 2,59536,3,6,2,12,16,3,0,2,0,1,0,0,0,0
"POINT (7.273653070000023 51.496748566000065)",Unfall 59668 (2023) Kat:3, Licht: 0,59668,3,1,9,12,12,1,0,0,0,1,0,0,0,0
"POINT (7.202112656000054 51.461965365000026)",Unfall 59873 (2023) Kat:2, Licht: 2,59873,2,2,6,12,05,6,1,2,0,1,1,0,0,0
"POINT (7.188815524000063 51.502225935000070)",Unfall 59874 (2023) Kat:3, Licht: 2,59874,3,4,6,12,07,6,1,2,0,1,1,0,0,0
"POINT (7.158572307000043 51.458876998000051)",Unfall 60016 (2023) Kat:2, Licht: 2,60016,2,4,6,12,07,5,1,2,0,1,1,0,0,0
"POINT (7.288205358000027 51.459193784000036)",Unfall 60102 (2023) Kat:3, Licht: 1,60102,3,6,2,12,08,4,1,1,0,1,0,0,0,0
"POINT (7.303711638000038 51.468712909000033)",Unfall 60258 (2023) Kat:3, Licht: 2,60258,3,2,6,12,18,3,1,2,0,1,1,0,0,0
"POINT (7.314749307000056 51.470539298000062)",Unfall 60259 (2023) Kat:2, Licht: 1,60259,2,4,6,12,07,3,1,1,0,1,1,0,0,0
"POINT (7.134879796000064 51.484852501000034)",Unfall 60260 (2023) Kat:3, Licht: 2,60260,3,2,5,12,06,3,1,2,0,1,0,0,0,1
"POINT (7.198982734000026 51.491416374000039)",Unfall 60261 (2023) Kat:3, Licht: 0,60261,3,6,2,12,13,3,1,0,0,1,0,0,0,0
"POINT (7.221511364000037 51.487630927000055)",Unfall 60262 (2023) Kat:3, Licht: 2,60262,3,5,1,12,18,3,0,2,1,1,0,0,0,0
"POINT (7.230210862000035 51.456601605000060)",Unfall 60445 (2023) Kat:3, Licht: 1,60445,3,6,2,12,16,1,0,1,0,1,0,0,0,1
"POINT (7.192411545000027 51.452642415000071)",Unfall 60446 (2023) Kat:3, Licht: 0,60446,3,6,2,12,15,1,0,0,0,1,0,0,0,0
"POINT (7.155484336000029 51.501515264000034)",Unfall 60449 (2023) Kat:3, Licht: 2,60449,3,1,8,12,02,1,2,2,0,1,0,0,0,0
"POINT (7.220821379000029 51.461737760000062)",Unfall 60501 (2023) Kat:3, Licht: 2,60501,3,6,4,12,17,7,0,2,0,1,0,0,0,0
"POINT (7.324165790000052 51.474122568000041)",Unfall 60502 (2023) Kat:2, Licht: 2,60502,2,6,2,12,20,7,0,2,0,1,0,0,0,0
"POINT (7.206250424000075 51.489699396000049)",Unfall 60613 (2023) Kat:3, Licht: 2,60613,3,4,6,12,07,6,1,2,0,1,1,0,0,0
"POINT (7.176199120000035 51.484125631000040)",Unfall 60614 (2023) Kat:3, Licht: 2,60614,3,3,5,12,19,6,0,2,0,1,0,0,0,0
"POINT (7.235752187000060 51.459277352000072)",Unfall 60737 (2023) Kat:3, Licht: 0,60737,3,6,2,11,14,5,0,0,0,1,0,0,0,0
"POINT (7.185049128000060 51.490497732000051)",Unfall 60878 (2023) Kat:3, Licht: 2,60878,3,6,2,11,17,4,0,2,0,1,0,0,0,0
"POINT (7.214121320000061 51.441467190000026)",Unfall 60891 (2023) Kat:3, Licht: 2,60891,3,2,5,11,17,4,0,2,0,1,0,0,0,0
"POINT (7.188474526000050 51.440636764000033)",Unfall 61018 (2023) Kat:3, Licht: 2,61018,3,5,1,11,07,3,1,2,0,1,0,0,0,0
"POINT (7.285691958000029 51.515923175000069)",Unfall 61019 (2023) Kat:3, Licht: 2,61019,3,3,5,11,17,3,1,2,0,1,0,0,0,0
"POINT (7.180976129000044 51.473925025000028)",Unfall 61021 (2023) Kat:3, Licht: 2,61021,3,6,2,11,05,3,1,2,0,1,0,0,0,0
"POINT (7.158122647000027 51.445890675000044)",Unfall 61022 (2023) Kat:3, Licht: 0,61022,3,3,5,11,14,3,0,0,0,1,0,0,0,0
"POINT (7.211318440000070 51.487278131000039)",Unfall 61023 (2023) Kat:3, Licht: 2,61023,3,6,2,11,18,3,0,2,0,1,0,0,0,0
"POINT (7.167971251000040 51.422573162000049)",Unfall 61249 (2023) Kat:3, Licht: 2,61249,3,2,5,12,18,5,0,2,0,1,0,0,0,0
"POINT (7.212821165000037 51.481346573000053)",Unfall 61270 (2023) Kat:3, Licht: 2,61270,3,4,6,12,20,7,0,2,0,1,1,0,0,0
"POINT (7.254750530000024 51.464073166000048)",Unfall 61279 (2023) Kat:2, Licht: 0,61279,2,2,2,11,12,2,1,0,0,1,0,0,1,0
"POINT (7.225633646000063 51.452197619000060)",Unfall 61282 (2023) Kat:3, Licht: 2,61282,3,2,5,11,06,2,1,2,1,1,0,0,0,0