WKT,Name,OBJECTID,UKATEGORIE,UTYP1,UART,UMONAT,USTUNDE,UWOCHENTAG,STRZUSTAND,ULICHTVERH,ISTRAD,ISTPKW,ISTFUSS,ISTKRAD,ISTGKFZ,ISTSONSTIG
"POINT (7.179146490000051 51.480703651000056)",Unfall 191562 (2023) Kat:3, Licht: 0,191562,3,6,2,12,15,3,1,0,0,1,0,0,0,0
"POINT (7.161021395000034 51.426318899000080)",Unfall 191567 (2023) Kat:3, Licht: 2,191567,3,4,6,12,16,3,1,2,0,1,1,0,0,0
"POINT (7.144457304000071 51.477779982000072)",Unfall 191568 (2023) Kat:3, Licht: 1,191568,3,3,0,12,08,3,1,1,0,1,0,0,0,1
"POINT (7.220413747000066 51.480111068000042)",Unfall 191626 (2023) Kat:3, Licht: 0,191626,3,7,6,12,10,2,0,0,0,0,1,0,0,1
"POINT (7.153203154000039 51.495346349000044)",Unfall 191657 (2023) Kat:3, Licht: 2,191657,3,5,1,12,02,1,1,2,0,1,0,0,0,0
"POINT (7.219952738000075 51.437547085000062)",Unfall 192059 (2023) Kat:3, Licht: 0,192059,3,1,0,12,10,7,1,0,0,0,0,1,0,0
"POINT (7.154478758000039 51.462187373000063)",Unfall 192212 (2023) Kat:3, Licht: 2,192212,3,2,6,12,18,5,0,2,0,1,1,0,0,0
"POINT (7.193641747000072 51.501791881000031)",Unfall 192213 (2023) Kat:3, Licht: 2,192213,3,2,6,12,17,5,0,2,0,1,1,0,0,0
"POINT (7.198226179000073 51.484661725000080)",Unfall 263767 (2023) Kat:3, Licht: 0,263767,3,1,0,02,15,4,0,0,1,0,0,0,0,0
"POINT (7.204356609000058 51.451906869000027)",Unfall 263806 (2023) Kat:3, Licht: 0,263806,3,1,0,03,08,6,1,0,1,0,0,0,0,0
"POINT (7.155266910000023 51.499518852000051)",Unfall 263863 (2023) Kat:3, Licht: 0,263863,3,6,6,04,08,4,0,0,1,0,1,0,0,0
"POINT (7.125035963000073 51.431412930000079)",Unfall 263945 (2023) Kat:3, Licht: 0,263945,3,1,0,05,10,2,0,0,1,0,0,0,0,0
"POINT (7.233252402000062 51.468764252000028)",Unfall 263954 (2023) Kat:3, Licht: 0,263954,3,7,0,05,15,4,0,0,1,0,0,0,0,0
"POINT (7.285314721000020 51.473260579000055)",Unfall 263980 (2023) Kat:3, Licht: 0,263980,3,4,0,05,16,7,0,0,1,0,1,0,0,0
"POINT (7.144545342000072 51.464243565000061)",Unfall 264078 (2023) Kat:3, Licht: 0,264078,3,1,0,06,14,1,0,0,1,0,0,0,0,0
"POINT (7.172060637000072 51.493412299000056)",Unfall 264130 (2023) Kat:3, Licht: 0,264130,3,3,5,06,16,7,0,0,1,1,0,0,0,0
"POINT (7.346072884000023 51.476739846000044)",Unfall 264160 (2023) Kat:2, Licht: 0,264160,2,7,0,06,16,4,0,0,1,0,0,0,0,0
"POINT (7.222090840000021 51.450698317000047)",Unfall 264221 (2023) Kat:3, Licht: 0,264221,3,4,6,06,10,6,0,0,1,0,1,0,0,0
"POINT (7.273483129000056 51.432973099000037)",Unfall 264355 (2023) Kat:3, Licht: 0,264355,3,6,3,07,17,1,0,0,1,0,0,0,0,0
"POINT (7.177460686000074 51.493623258000071)",Unfall 264386 (2023) Kat:3, Licht: 0,264386,3,3,5,07,17,7,0,0,1,0,0,0,0,0
"POINT (7.280214763000060 51.454896662000067)",Unfall 264462 (2023) Kat:3, Licht: 0,264462,3,1,0,08,10,1,0,0,1,0,0,0,0,0
"POINT (7.285514299000056 51.455293518000076)",Unfall 264472 (2023) Kat:3, Licht: 0,264472,3,1,0,08,18,2,0,0,1,0,0,0,0,0
"POINT (7.177478787000041 51.493616619000079)",Unfall 264495 (2023) Kat:2, Licht: 2,264495,2,7,0,08,20,1,0,2,1,0,0,0,0,0
"POINT (7.218499785000063 51.454501798000081)",Unfall 264571 (2023) Kat:3, Licht: 0,264571,3,3,0,09,15,1,0,0,1,0,0,0,0,0
"POINT (7.125015728000051 51.432785641000066)",Unfall 264645 (2023) Kat:2, Licht: 0,264645,2,6,4,09,18,6,0,0,1,0,0,0,0,1
"POINT (7.241321824000067 51.412514748000035)",Unfall 264653 (2023) Kat:3, Licht: 0,264653,3,7,0,09,14,7,0,0,1,0,0,0,0,1
"POINT (7.226958505000027 51.510246455000072)",Unfall 264822 (2023) Kat:3, Licht: 0,264822,3,1,0,11,14,1,1,0,1,0,0,0,0,0
"POINT (7.198035690000040 51.480084329000078)",Unfall 264849 (2023) Kat:3, Licht: 0,264849,3,1,0,11,15,4,1,0,1,0,0,0,0,0
"POINT (7.184733210000047 51.492279543000052)",Unfall 22400 (2024) Kat:3, Licht: 2,22400,3,6,1,01,16,7,1,2,0,1,0,0,0,0
"POINT (7.211106562000055 51.487406419000081)",Unfall 22403 (2024) Kat:2, Licht: 2,22403,2,1,0,01,20,7,1,2,0,0,0,1,0,0
"POINT (7.254275952000057 51.462958425000068)",Unfall 22456 (2024) Kat:3, Licht: 0,22456,3,6,2,01,15,6,1,0,0,1,0,0,0,1
"POINT (7.188487730000077 51.480802492000066)",Unfall 22517 (2024) Kat:3, Licht: 0,22517,3,2,2,01,15,5,1,0,0,1,0,0,0,0
"POINT (7.228069737000055 51.497142213000075)",Unfall 22572 (2024) Kat:3, Licht: 2,22572,3,7,9,01,22,4,1,2,0,1,0,0,0,0
"POINT (7.278404092000073 51.484256675000040)",Unfall 22573 (2024) Kat:3, Licht: 0,22573,3,6,2,01,15,4,1,0,0,1,0,0,0,0
"POINT (7.225494851000065 51.474099941000077)",Unfall 22574 (2024) Kat:3, Licht: 2,22574,3,6,2,01,17,4,1,2,0,1,0,1,0,0
"POINT (7.202935734000050 51.465074079000033)",Unfall 22575 (2024) Kat:3, Licht: 2,22575,3,1,6,01,20,4,1,2,0,1,1,0,0,0
"POINT (7.212909266000054 51.454595398000038)",Unfall 22660 (2024) Kat:3, Licht: 0,22660,3,6,2,01,11,3,1,0,0,1,0,0,1,0
"POINT (7.264092101000074 51.471296084000073)",Unfall 22664 (2024) Kat:3, Licht: 2,22664,3,6,2,01,17,3,1,2,0,1,0,0,0,0
"POINT (7.215033163000044 51.478745945000071)",Unfall 22694 (2024) Kat:3, Licht: 2,22694,3,1,9,01,02,2,0,2,0,1,0,0,0,0
"POINT (7.257669249000060 51.506901452000079)",Unfall 23183 (2024) Kat:3, Licht: 0,23183,3,7,8,01,14,2,0,0,0,1,0,0,0,0
"POINT (7.233578332000036 51.447773027000039)",Unfall 24265 (2024) Kat:3, Licht: 0,24265,3,3,5,01,12,3,0,0,0,1,0,0,0,1
"POINT (7.192992804000028 51.496327923000081)",Unfall 24640 (2024) Kat:3, Licht: 2,24640,3,1,0,01,06,3,0,2,0,1,0,0,0,0
"POINT (7.260782356000050 51.515316725000048)",Unfall 25306 (2024) Kat:3, Licht: 0,25306,3,2,2,01,16,6,1,0,0,1,0,0,0,0
"POINT (7.304383045000066 51.491283099000043)",Unfall 25307 (2024) Kat:3, Licht: 0,25307,3,5,1,01,14,6,1,0,0,1,1,0,0,0
"POINT (7.306830591000050 51.484321861000069)",Unfall 25308 (2024) Kat:3, Licht: 0,25308,3,3,5,01,14,6,0,0,0,1,0,0,0,1
"POINT (7.165515495000022 51.486382488000061)",Unfall 25309 (2024) Kat:3, Licht: 2,25309,3,3,5,01,22,6,1,2,1,1,0,0,0,0
"POINT (7.203212945000075 51.462911125000062)",Unfall 25384 (2024) Kat:2, Licht: 1,25384,2,4,6,01,16,5,1,1,0,1,1,0,0,0
"POINT (7.212039622000020 51.482437359000073)",Unfall 25385 (2024) Kat:3, Licht: 2,25385,3,1,8,01,17,5,0,2,0,1,0,0,0,0
"POINT (7.201438723000024 51.464417621000052)",Unfall 25465 (2024) Kat:3, Licht: 0,25465,3,1,8,01,16,4,2,0,0,1,0,0,0,0
"POINT (7.160111068000049 51.443138036000050)",Unfall 25466 (2024) Kat:3, Licht: 2,25466,3,1,1,01,18,4,2,2,0,1,0,0,0,1
"POINT (7.198794178000071 51.459384774000057)",Unfall 25467 (2024) Kat:2, Licht: 0,25467,2,7,6,01,09,4,2,0,0,1,1,0,0,0
"POINT (7.326316688000077 51.481212560000074)",Unfall 25468 (2024) Kat:3, Licht: 0,25468,3,2,2,01,13,4,1,0,0,1,0,0,0,0
"POINT (7.301907526000036 51.468204927000045)",Unfall 25552 (2024) Kat:3, Licht: 1,25552,3,6,2,01,17,3,0,1,0,1,0,0,0,0
"POINT (7.136549888000047 51.474511334000056)",Unfall 25664 (2024) Kat:3, Licht: 2,25664,3,6,2,01,06,2,1,2,0,1,0,0,0,0
"POINT (7.258271920000027 51.476523750000069)",Unfall 25712 (2024) Kat:3, Licht: 2,25712,3,6,8,01,22,1,2,2,0,1,0,0,0,0
"POINT (7.184189835000041 51.486683420000077)",Unfall 26022 (2024) Kat:3, Licht: 0,26022,3,6,2,01,15,5,0,0,0,1,0,0,0,0
"POINT (7.196851633000051 51.462883817000034)",Unfall 26101 (2024) Kat:3, Licht: 2,26101,3,2,2,01,06,4,0,2,0,1,0,0,0,0
"POINT (7.217637693000029 51.513464797000040)",Unfall 26194 (2024) Kat:3, Licht: 2,26194,3,6,2,01,17,3,0,2,0,1,0,0,0,0
"POINT (7.263307219000069 51.501302951000071)",Unfall 26195 (2024) Kat:3, Licht: 0,26195,3,6,2,01,08,3,0,0,0,1,0,0,0,0
"POINT (7.209991838000064 51.455576258000065)",Unfall 26262 (2024) Kat:3, Licht: 0,26262,3,6,2,01,15,4,0,0,0,1,0,0,0,0
"POINT (7.117000266000048 51.472161360000030)",Unfall 26276 (2024) Kat:3, Licht: 2,26276,3,6,2,01,06,2,1,2,0,1,0,0,0,0
"POINT (7.323646868000026 51.477584982000053)",Unfall 26285 (2024) Kat:2, Licht: 0,26285,2,4,6,01,14,2,0,0,0,1,1,0,0,0
"POINT (7.291747710000038 51.493161093000026)",Unfall 26286 (2024) Kat:3, Licht: 0,26286,3,7,3,01,09,2,0,0,0,1,0,0,0,0
"POINT (7.169733593000046 51.481659939000053)",Unfall 26321 (2024) Kat:3, Licht: 0,26321,3,2,5,01,13,1,0,0,0,1,0,1,0,0
"POINT (7.167972792000057 51.422563678000074)",Unfall 26368 (2024) Kat:3, Licht: 2,26368,3,2,5,02,19,1,1,2,0,1,0,0,0,0
"POINT (7.130535629000065 51.470769167000071)",Unfall 26495 (2024) Kat:3, Licht: 0,26495,3,2,2,02,14,6,0,0,0,1,0,0,0,0
"POINT (7.219389332000048 51.485129211000071)",Unfall 26496 (2024) Kat:2, Licht: 0,26496,2,7,0,02,08,6,1,0,0,1,0,0,0,0
"POINT (7.219061517000057 51.460887035000042)",Unfall 26572 (2024) Kat:2, Licht: 2,26572,2,3,5,02,18,5,1,2,0,1,0,1,0,0
"POINT (7.250297365000051 51.462728238000068)",Unfall 26791 (2024) Kat:3, Licht: 0,26791,3,6,2,02,09,7,0,0,0,1,0,0,0,0
"POINT (7.217384543000037 51.470772914000065)",Unfall 26934 (2024) Kat:3, Licht: 0,26934,3,2,4,02,11,7,1,0,1,1,0,0,0,0
"POINT (7.236068101000058 51.459838710000042)",Unfall 27198 (2024) Kat:3, Licht: 0,27198,3,2,5,01,10,4,0,0,0,1,0,0,0,1
"POINT (7.245837528000038 51.461770900000033)",Unfall 27256 (2024) Kat:3, Licht: 0,27256,3,6,3,01,07,3,0,0,0,1,0,0,1,0
"POINT (7.208089203000043 51.526198408000027)",Unfall 27257 (2024) Kat:3, Licht: 0,27257,3,6,2,01,08,3,0,0,0,1,0,0,0,0
"POINT (7.192850131000057 51.451380136000068)",Unfall 27260 (2024) Kat:2, Licht: 1,27260,2,4,6,01,16,3,0,1,0,1,1,0,0,0
"POINT (7.260409225000046 51.505182149000063)",Unfall 27342 (2024) Kat:2, Licht: 2,27342,2,2,5,02,20,7,1,2,0,1,0,0,0,0
"POINT (7.197315772000024 51.501896828000042)",Unfall 27343 (2024) Kat:2, Licht: 0,27343,2,7,1,01,17,2,0,0,0,1,0,1,0,0
"POINT (7.194129875000044 51.447684092000031)",Unfall 27495 (2024) Kat:3, Licht: 0,27495,3,6,2,01,15,7,0,0,0,1,0,0,0,0
"POINT (7.255477820000067 51.462745150000046)",Unfall 27594 (2024) Kat:3, Licht: 2,27594,3,6,2,01,17,6,0,2,0,1,0,0,0,0
"POINT (7.309372428000074 51.496157990000029)",Unfall 27595 (2024) Kat:3, Licht: 2,27595,3,1,8,01,06,6,1,2,0,0,0,1,0,0
"POINT (7.179155384000069 51.435284795000030)",Unfall 27605 (2024) Kat:3, Licht: 0,27605,3,3,5,01,16,6,0,0,1,0,0,0,0,1
"POINT (7.154000696000026 51.464946233000035)",Unfall 27606 (2024) Kat:3, Licht: 0,27606,3,2,6,01,10,6,1,0,0,1,1,0,0,0
"POINT (7.187130153000055 51.460945973000037)",Unfall 27683 (2024) Kat:2, Licht: 2,27683,2,7,2,02,18,4,0,2,0,1,0,0,0,0
"POINT (7.200974206000069 51.490900199000066)",Unfall 27712 (2024) Kat:3, Licht: 2,27712,3,3,5,01,22,5,1,2,1,1,0,0,0,0
"POINT (7.162563316000046 51.477784323000037)",Unfall 27798 (2024) Kat:3, Licht: 2,27798,3,6,2,01,07,4,1,2,0,1,0,0,0,0
"POINT (7.230591703000073 51.456991480000056)",Unfall 27800 (2024) Kat:3, Licht: 0,27800,3,6,3,01,09,4,0,0,0,1,0,0,1,0
"POINT (7.238814402000060 51.474235769000074)",Unfall 27807 (2024) Kat:3, Licht: 0,27807,3,2,2,01,10,4,0,0,0,1,0,0,0,0
"POINT (7.225368556000035 51.479192878000049)",Unfall 27808 (2024) Kat:3, Licht: 0,27808,3,5,1,01,11,4,0,0,0,1,0,0,0,1
"POINT (7.190039770000055 51.508308672000055)",Unfall 27809 (2024) Kat:3, Licht: 2,27809,3,4,6,01,21,4,0,2,0,1,1,0,0,0
"POINT (7.194438978000051 51.468138058000079)",Unfall 28043 (2024) Kat:3, Licht: 0,28043,3,3,5,01,14,2,1,0,0,1,0,0,1,0
"POINT (7.212526423000043 51.517236279000031)",Unfall 28100 (2024) Kat:2, Licht: 0,28100,2,1,9,03,17,7,0,0,0,1,0,0,0,0
"POINT (7.278076185000032 51.486084176000077)",Unfall 28197 (2024) Kat:3, Licht: 0,28197,3,6,2,03,12,6,0,0,0,1,0,0,0,0
"POINT (7.216994033000049 51.498391846000061)",Unfall 28198 (2024) Kat:3, Licht: 2,28198,3,1,2,03,19,6,0,2,0,1,0,0,0,0
"POINT (7.185065372000054 51.491477286000077)",Unfall 28269 (2024) Kat:3, Licht: 0,28269,3,6,2,03,13,5,0,0,0,1,0,0,0,0
"POINT (7.225057585000059 51.456504749000032)",Unfall 28346 (2024) Kat:2, Licht: 0,28346,2,3,5,03,11,4,0,0,0,1,0,0,0,0
"POINT (7.214477337000062 51.459271434000073)",Unfall 28347 (2024) Kat:3, Licht: 0,28347,3,7,0,03,09,4,0,0,1,1,0,0,0,0
"POINT (7.233340531000067 51.463484295000058)",Unfall 28409 (2024) Kat:3, Licht: 0,28409,3,2,5,03,16,3,1,0,1,1,0,0,0,0
"POINT (7.154639454000062 51.461250788000029)",Unfall 28410 (2024) Kat:3, Licht: 0,28410,3,7,5,03,15,3,1,0,0,1,0,0,0,0
"POINT (7.216245788000037 51.473353999000039)",Unfall 28411 (2024) Kat:3, Licht: 0,28411,3,6,2,03,17,3,1,0,0,1,0,0,0,0
"POINT (7.145319691000054 51.475846126000079)",Unfall 28475 (2024) Kat:2, Licht: 1,28475,2,3,5,03,17,2,0,1,0,1,0,0,0,1
"POINT (7.303267416000040 51.468588760000046)",Unfall 28551 (2024) Kat:3, Licht: 0,28551,3,6,2,03,16,1,0,0,0,1,0,0,0,0
"POINT (7.131832789000043 51.474442578000037)",Unfall 28636 (2024) Kat:3, Licht: 0,28636,3,6,3,03,12,7,0,0,0,1,0,0,0,0
"POINT (7.223966879000045 51.511641831000077)",Unfall 28751 (2024) Kat:3, Licht: 0,28751,3,6,2,03,16,6,0,0,0,1,0,0,0,0
"POINT (7.208702502000051 51.480477382000061)",Unfall 28758 (2024) Kat:3, Licht: 0,28758,3,7,1,03,14,6,0,0,1,1,0,0,0,0
"POINT (7.184945079000045 51.492142560000048)",Unfall 28906 (2024) Kat:3, Licht: 0,28906,3,6,2,02,15,4,0,0,0,1,0,0,0,0
"POINT (7.164414436000072 51.458081005000054)",Unfall 28913 (2024) Kat:3, Licht: 0,28913,3,3,5,02,16,4,0,0,1,1,0,0,0,0
"POINT (7.210530905000041 51.511296903000073)",Unfall 29031 (2024) Kat:3, Licht: 0,29031,3,2,3,02,16,3,0,0,1,1,0,0,0,0
"POINT (7.262112132000027 51.495149421000065)",Unfall 29121 (2024) Kat:3, Licht: 0,29121,3,2,5,02,07,2,1,0,0,1,0,0,0,0
"POINT (7.215739973000041 51.487640135000049)",Unfall 29122 (2024) Kat:3, Licht: 2,29122,3,1,8,02,23,2,0,2,0,1,0,0,0,0
"POINT (7.131564205000075 51.485112389000051)",Unfall 29150 (2024) Kat:3, Licht: 0,29150,3,6,2,03,08,5,0,0,0,1,0,0,0,0
"POINT (7.164075652000065 51.451249132000044)",Unfall 29171 (2024) Kat:3, Licht: 0,29171,3,1,1,02,09,1,0,0,0,1,0,0,0,0
"POINT (7.146537679000062 51.461416397000050)",Unfall 29199 (2024) Kat:3, Licht: 1,29199,3,4,6,03,20,4,0,1,0,1,1,0,0,0
"POINT (7.293679314000030 51.496765180000068)",Unfall 29242 (2024) Kat:3, Licht: 2,29242,3,6,2,02,18,7,1,2,0,1,0,0,0,0
"POINT (7.285713591000047 51.470533230000058)",Unfall 29243 (2024) Kat:3, Licht: 0,29243,3,6,2,02,13,7,0,0,0,1,0,0,0,0
"POINT (7.207147638000038 51.467460917000039)",Unfall 29556 (2024) Kat:2, Licht: 2,29556,2,1,0,03,20,2,0,2,1,0,0,0,0,0
"POINT (7.277957761000039 51.486700868000071)",Unfall 29558 (2024) Kat:3, Licht: 0,29558,3,6,2,02,14,2,1,0,0,1,0,0,0,0
"POINT (7.212316165000061 51.500567176000061)",Unfall 29570 (2024) Kat:3, Licht: 1,29570,3,2,2,02,17,3,0,1,0,1,0,0,0,0
"POINT (7.126177870000049 51.477836354000033)",Unfall 29658 (2024) Kat:3, Licht: 0,29658,3,2,2,03,15,7,0,0,0,1,0,0,0,0
"POINT (7.117839964000041 51.472509128000070)",Unfall 29670 (2024) Kat:3, Licht: 0,29670,3,6,2,02,09,2,1,0,0,1,0,0,0,1
"POINT (7.201932472000067 51.462039183000059)",Unfall 29679 (2024) Kat:3, Licht: 2,29679,3,2,6,02,20,2,1,2,0,1,1,0,0,0
"POINT (7.206384443000047 51.489669898000045)",Unfall 29696 (2024) Kat:3, Licht: 0,29696,3,2,5,03,16,3,1,0,1,1,0,0,0,0
"POINT (7.298045691000027 51.466464674000065)",Unfall 29706 (2024) Kat:3, Licht: 0,29706,3,1,0,02,11,7,1,0,0,0,0,0,0,1
"POINT (7.168142859000056 51.447310778000030)",Unfall 29737 (2024) Kat:2, Licht: 0,29737,2,3,5,02,15,1,1,0,0,1,0,0,0,0
"POINT (7.215200488000050 51.476133928000081)",Unfall 29901 (2024) Kat:3, Licht: 2,29901,3,3,5,02,20,6,1,2,1,1,0,0,0,0
"POINT (7.191960955000070 51.442453850000049)",Unfall 30025 (2024) Kat:3, Licht: 0,30025,3,5,1,02,11,5,1,0,0,1,0,0,0,0
"POINT (7.174686655000073 51.480671909000080)",Unfall 30101 (2024) Kat:3, Licht: 0,30101,3,1,8,02,15,6,0,0,0,0,0,1,0,0
"POINT (7.261751438000033 51.494784378000077)",Unfall 30167 (2024) Kat:2, Licht: 2,30167,2,3,5,02,20,4,1,2,0,1,0,0,0,0
"POINT (7.255922659000021 51.508984576000046)",Unfall 30168 (2024) Kat:3, Licht: 2,30168,3,6,4,02,17,4,1,2,0,1,0,0,0,0
"POINT (7.260951302000024 51.505421582000054)",Unfall 30330 (2024) Kat:3, Licht: 0,30330,3,6,3,02,14,2,0,0,0,1,0,0,0,1
"POINT (7.196587841000053 51.457614930000034)",Unfall 30331 (2024) Kat:3, Licht: 0,30331,3,6,2,03,08,4,1,0,0,1,0,0,0,1
"POINT (7.239663468000060 51.464967234000028)",Unfall 30551 (2024) Kat:3, Licht: 0,30551,3,6,2,03,13,4,0,0,0,1,0,0,0,0
"POINT (7.175904615000036 51.457288192000078)",Unfall 30644 (2024) Kat:3, Licht: 2,30644,3,3,5,03,22,3,0,2,1,1,0,0,0,0
"POINT (7.129844541000068 51.472990737000032)",Unfall 30646 (2024) Kat:3, Licht: 0,30646,3,6,2,03,12,3,0,0,0,1,0,0,0,0
"POINT (7.273592216000054 51.517643975000055)",Unfall 30743 (2024) Kat:3, Licht: 0,30743,3,5,1,03,13,2,0,0,0,1,0,0,0,0
"POINT (7.210433162000072 51.517441819000055)",Unfall 30860 (2024) Kat:3, Licht: 0,30860,3,1,8,03,09,7,1,0,0,1,0,0,0,0
"POINT (7.324917646000074 51.486588719000054)",Unfall 30865 (2024) Kat:2, Licht: 0,30865,2,4,6,03,14,7,0,0,0,1,1,0,0,0
"POINT (7.236171555000055 51.508922916000074)",Unfall 30976 (2024) Kat:3, Licht: 0,30976,3,6,1,03,17,6,1,0,0,1,0,0,0,0
"POINT (7.146493575000022 51.449313611000036)",Unfall 30982 (2024) Kat:3, Licht: 0,30982,3,6,2,03,17,6,1,0,0,1,0,0,0,0
"POINT (7.232255398000063 51.505298865000043)",Unfall 30983 (2024) Kat:3, Licht: 2,30983,3,2,5,03,05,6,0,2,1,1,0,0,0,0
"POINT (7.184733409000046 51.492276707000030)",Unfall 31125 (2024) Kat:3, Licht: 0,31125,3,1,2,03,15,4,0,0,0,1,0,0,1,0
"POINT (7.194680588000040 51.445446324000045)",Unfall 31312 (2024) Kat:3, Licht: 0,31312,3,3,5,03,16,3,0,0,0,1,0,0,0,0
"POINT (7.217995271000063 51.499599036000063)",Unfall 31313 (2024) Kat:3, Licht: 0,31313,3,2,5,03,08,3,1,0,0,1,0,0,0,0
"POINT (7.194409390000033 51.462377504000074)",Unfall 31424 (2024) Kat:3, Licht: 0,31424,3,2,2,03,07,2,1,0,0,1,0,0,0,0
"POINT (7.138538220000044 51.483336530000031)",Unfall 31425 (2024) Kat:3, Licht: 0,31425,3,3,5,03,12,2,1,0,0,1,0,0,0,0
"POINT (7.131517077000069 51.485121178000043)",Unfall 31560 (2024) Kat:3, Licht: 0,31560,3,3,5,03,17,3,0,0,0,1,0,0,0,0
"POINT (7.225599790000047 51.451657770000054)",Unfall 31594 (2024) Kat:2, Licht: 0,31594,2,6,3,04,16,4,0,0,1,1,0,0,0,1
"POINT (7.226009091000037 51.499368166000068)",Unfall 31595 (2024) Kat:2, Licht: 2,31595,2,4,6,04,01,4,1,2,0,1,1,0,0,0
"POINT (7.228507488000048 51.456715015000043)",Unfall 31673 (2024) Kat:3, Licht: 0,31673,3,2,5,04,15,3,0,0,1,1,0,0,0,0
"POINT (7.261688586000048 51.494707003000030)",Unfall 31674 (2024) Kat:3, Licht: 0,31674,3,3,5,04,07,3,1,0,1,1,0,0,0,0
"POINT (7.204667012000073 51.479541611000059)",Unfall 31789 (2024) Kat:3, Licht: 0,31789,3,6,6,04,20,2,0,0,0,0,1,0,0,1
"POINT (7.219925575000048 51.464167647000068)",Unfall 31864 (2024) Kat:2, Licht: 0,31864,2,4,6,04,18,1,0,0,1,0,1,0,0,0
"POINT (7.251374371000054 51.510915204000071)",Unfall 31865 (2024) Kat:3, Licht: 0,31865,3,2,3,04,14,1,0,0,0,1,0,0,0,0
"POINT (7.203403076000029 51.479253803000063)",Unfall 31866 (2024) Kat:3, Licht: 0,31866,3,6,1,04,11,1,0,0,0,1,0,1,0,0
"POINT (7.222018778000063 51.483666005000032)",Unfall 31867 (2024) Kat:3, Licht: 2,31867,3,1,0,04,00,1,0,2,1,0,0,0,0,0
"POINT (7.238012470000058 51.494442005000053)",Unfall 31985 (2024) Kat:3, Licht: 0,31985,3,6,2,04,12,7,0,0,0,1,0,0,0,0
"POINT (7.288725648000025 51.461334764000071)",Unfall 32060 (2024) Kat:3, Licht: 0,32060,3,1,9,04,09,6,1,0,0,0,0,1,0,0
"POINT (7.232573076000051 51.463162451000073)",Unfall 32094 (2024) Kat:3, Licht: 0,32094,3,7,2,04,07,4,0,0,0,0,0,1,0,1
"POINT (7.215367108000066 51.475653000000079)",Unfall 32128 (2024) Kat:2, Licht: 0,32128,2,4,6,04,15,6,1,0,0,0,1,0,1,0
"POINT (7.258637420000071 51.514913689000082)",Unfall 32224 (2024) Kat:2, Licht: 0,32224,2,2,5,04,10,4,1,0,0,1,0,0,0,1
"POINT (7.221649445000025 51.483659354000054)",Unfall 32225 (2024) Kat:3, Licht: 0,32225,3,2,0,04,12,4,1,0,0,0,1,0,0,1
"POINT (7.157909141000061 51.439880950000031)",Unfall 32314 (2024) Kat:3, Licht: 0,32314,3,4,6,04,12,3,0,0,0,1,1,0,0,0
"POINT (7.194725145000064 51.485848463000082)",Unfall 32315 (2024) Kat:3, Licht: 0,32315,3,4,6,04,14,3,1,0,0,1,1,0,0,0
"POINT (7.215160834000073 51.472517477000054)",Unfall 32522 (2024) Kat:3, Licht: 0,32522,3,6,3,03,10,6,1,0,1,0,0,0,0,0
"POINT (7.203716985000028 51.452814860000046)",Unfall 32618 (2024) Kat:3, Licht: 0,32618,3,5,0,03,12,5,1,0,1,1,0,0,0,0
"POINT (7.196748800000023 51.477700662000075)",Unfall 32696 (2024) Kat:3, Licht: 0,32696,3,6,2,03,16,4,0,0,0,1,0,0,0,0
"POINT (7.225738153000066 51.511116314000049)",Unfall 32723 (2024) Kat:3, Licht: 0,32723,3,1,9,04,10,2,1,0,0,1,0,0,0,0
"POINT (7.154406819000030 51.460523440000031)",Unfall 32795 (2024) Kat:3, Licht: 0,32795,3,4,6,03,11,3,0,0,0,1,1,0,0,0
"POINT (7.132125693000035 51.467533296000056)",Unfall 32797 (2024) Kat:3, Licht: 0,32797,3,6,1,03,07,3,0,0,0,1,0,0,0,0
"POINT (7.249975136000046 51.472262309000030)",Unfall 32901 (2024) Kat:3, Licht: 0,32901,3,2,5,03,14,2,0,0,0,1,0,0,0,0
"POINT (7.137875101000077 51.458341129000075)",Unfall 32902 (2024) Kat:3, Licht: 0,32902,3,1,8,03,16,2,0,0,1,0,0,0,0,0
"POINT (7.256123708000075 51.493649240000082)",Unfall 32904 (2024) Kat:3, Licht: 0,32904,3,6,2,03,15,2,0,0,0,1,0,0,1,0
"POINT (7.216648896000038 51.486140405000071)",Unfall 32960 (2024) Kat:2, Licht: 2,32960,2,1,9,03,03,1,1,2,0,1,0,0,0,0
"POINT (7.212329896000028 51.516465432000075)",Unfall 33042 (2024) Kat:3, Licht: 0,33042,3,6,2,03,15,7,1,0,0,1,0,0,0,0
"POINT (7.286692099000049 51.496398186000079)",Unfall 33171 (2024) Kat:3, Licht: 0,33171,3,1,8,03,13,6,0,0,0,1,0,0,0,0
"POINT (7.191392384000039 51.470797312000059)",Unfall 33173 (2024) Kat:2, Licht: 0,33173,2,6,2,03,13,6,0,0,0,1,0,1,0,0
"POINT (7.152206539000076 51.424738282000078)",Unfall 33282 (2024) Kat:2, Licht: 0,33282,2,1,0,05,19,4,0,0,1,0,0,0,0,0