WKT,Name,OBJECTID,UKATEGORIE,UTYP1,UART,UMONAT,USTUNDE,UWOCHENTAG,STRZUSTAND,ULICHTVERH,ISTRAD,ISTPKW,ISTFUSS,ISTKRAD,ISTGKFZ,ISTSONSTIG
"POINT (7.150063733000025 51.465385739000055)",Unfall 42292 (2024) Kat:2, Licht: 0,42292,2,3,0,07,21,7,0,0,0,1,0,1,0,0
"POINT (7.225522041000033 51.473931978000053)",Unfall 42390 (2024) Kat:3, Licht: 0,42390,3,2,5,07,10,6,0,0,0,1,0,1,0,0
"POINT (7.144514078000043 51.481905260000076)",Unfall 42391 (2024) Kat:3, Licht: 0,42391,3,3,5,07,16,6,0,0,0,1,0,0,0,0
"POINT (7.134713865000037 51.484884538000074)",Unfall 42392 (2024) Kat:2, Licht: 0,42392,2,2,5,07,14,6,0,0,0,1,0,1,0,0
"POINT (7.138776764000056 51.494998902000077)",Unfall 42393 (2024) Kat:3, Licht: 0,42393,3,3,5,07,13,6,0,0,1,1,0,0,0,0
"POINT (7.232192591000057 51.505300992000059)",Unfall 42394 (2024) Kat:3, Licht: 0,42394,3,3,5,07,14,6,1,0,0,1,0,0,0,0
"POINT (7.238532491000058 51.508564259000082)",Unfall 42505 (2024) Kat:3, Licht: 0,42505,3,6,2,07,15,5,0,0,0,1,0,0,0,1
"POINT (7.212151962000064 51.506416376000061)",Unfall 42511 (2024) Kat:3, Licht: 0,42511,3,5,0,07,17,5,0,0,1,0,0,0,0,1
"POINT (7.188891500000068 51.500437818000080)",Unfall 42737 (2024) Kat:3, Licht: 2,42737,3,5,1,07,23,4,0,2,0,1,0,0,0,1
"POINT (7.309005513000045 51.496176820000073)",Unfall 42744 (2024) Kat:3, Licht: 0,42744,3,6,2,07,15,3,1,0,0,1,0,0,0,0
"POINT (7.194700936000061 51.447041586000068)",Unfall 42755 (2024) Kat:3, Licht: 0,42755,3,4,6,07,15,3,1,0,0,1,1,0,0,0
"POINT (7.184478952000063 51.460587563000047)",Unfall 42756 (2024) Kat:2, Licht: 0,42756,2,7,9,07,11,3,1,0,0,1,0,0,0,0
"POINT (7.316341355000077 51.493760837000082)",Unfall 42757 (2024) Kat:3, Licht: 0,42757,3,2,5,07,17,3,0,0,0,1,0,0,0,0
"POINT (7.140994049000028 51.453972835000059)",Unfall 42758 (2024) Kat:3, Licht: 0,42758,3,6,1,07,18,3,0,0,0,1,0,0,0,0
"POINT (7.140977362000058 51.453988302000027)",Unfall 42759 (2024) Kat:3, Licht: 0,42759,3,6,2,07,18,3,0,0,0,1,0,0,0,0
"POINT (7.139579001000072 51.474254492000057)",Unfall 42883 (2024) Kat:3, Licht: 0,42883,3,1,0,07,19,2,0,0,0,1,0,0,0,0
"POINT (7.167969198000037 51.422585789000038)",Unfall 42894 (2024) Kat:3, Licht: 0,42894,3,2,5,07,11,2,0,0,0,1,0,0,0,0
"POINT (7.251655128000039 51.493644018000055)",Unfall 42895 (2024) Kat:2, Licht: 0,42895,2,7,5,07,19,2,1,0,0,1,0,0,0,1
"POINT (7.309501247000071 51.496291459000076)",Unfall 42964 (2024) Kat:3, Licht: 2,42964,3,6,2,06,00,1,1,2,0,1,0,0,0,0
"POINT (7.305894599000055 51.469324329000074)",Unfall 42971 (2024) Kat:3, Licht: 1,42971,3,1,0,06,21,1,0,1,1,1,0,0,0,0
"POINT (7.303603464000048 51.468683326000075)",Unfall 43037 (2024) Kat:3, Licht: 1,43037,3,2,6,07,05,7,0,1,0,1,1,0,0,0
"POINT (7.203909898000063 51.502322082000035)",Unfall 43123 (2024) Kat:3, Licht: 0,43123,3,2,2,06,10,7,0,0,0,1,0,0,0,0
"POINT (7.265327069000023 51.472166387000073)",Unfall 43191 (2024) Kat:3, Licht: 0,43191,3,1,0,06,19,1,0,0,0,0,0,0,0,1
"POINT (7.321586325000055 51.466020078000042)",Unfall 43461 (2024) Kat:2, Licht: 0,43461,2,2,3,08,15,6,0,0,1,1,0,0,0,0
"POINT (7.186619289000021 51.480861872000048)",Unfall 43462 (2024) Kat:3, Licht: 0,43462,3,1,0,08,19,6,0,0,1,0,0,0,0,0
"POINT (7.203704978000076 51.490269516000069)",Unfall 43620 (2024) Kat:3, Licht: 0,43620,3,1,0,07,14,4,1,0,0,0,0,1,0,0
"POINT (7.226812422000023 51.497443168000075)",Unfall 43785 (2024) Kat:3, Licht: 0,43785,3,6,2,07,15,2,0,0,0,1,0,0,0,1
"POINT (7.191922858000055 51.475360765000062)",Unfall 43788 (2024) Kat:3, Licht: 0,43788,3,7,0,07,10,2,0,0,0,1,0,0,0,0
"POINT (7.276137251000023 51.499365161000071)",Unfall 43875 (2024) Kat:3, Licht: 0,43875,3,1,9,07,19,1,0,0,0,1,0,0,0,0
"POINT (7.309151163000024 51.470801269000049)",Unfall 43952 (2024) Kat:3, Licht: 2,43952,3,1,0,07,23,7,1,2,0,0,0,1,0,0
"POINT (7.212323131000062 51.481323318000079)",Unfall 43953 (2024) Kat:3, Licht: 0,43953,3,7,5,07,17,7,0,0,0,1,0,0,0,0
"POINT (7.310040910000055 51.492370287000028)",Unfall 44024 (2024) Kat:3, Licht: 0,44024,3,2,2,07,09,6,1,0,1,1,0,0,0,0
"POINT (7.155667531000063 51.475960018000080)",Unfall 44115 (2024) Kat:2, Licht: 2,44115,2,6,2,07,01,5,1,2,0,1,0,0,0,0
"POINT (7.245223662000058 51.428794343000050)",Unfall 44120 (2024) Kat:3, Licht: 0,44120,3,6,6,07,11,5,0,0,0,1,1,0,0,0
"POINT (7.221313584000029 51.512263427000050)",Unfall 44155 (2024) Kat:3, Licht: 0,44155,3,6,2,07,13,2,0,0,0,1,0,0,0,0
"POINT (7.187476703000073 51.474015193000071)",Unfall 44207 (2024) Kat:3, Licht: 0,44207,3,7,0,07,11,4,0,0,0,0,0,0,0,1
"POINT (7.165540010000029 51.486393556000053)",Unfall 44211 (2024) Kat:3, Licht: 0,44211,3,3,5,07,08,4,1,0,0,0,0,1,1,0
"POINT (7.139024674000041 51.492137698000079)",Unfall 44345 (2024) Kat:3, Licht: 0,44345,3,2,2,07,17,2,0,0,0,1,0,0,0,0
"POINT (7.185507418000043 51.493830607000064)",Unfall 44373 (2024) Kat:3, Licht: 0,44373,3,6,1,07,17,4,0,0,0,1,0,0,0,0
"POINT (7.234400279000056 51.500082379000048)",Unfall 44418 (2024) Kat:3, Licht: 0,44418,3,5,1,07,17,2,0,0,1,1,0,0,0,0
"POINT (7.281415453000022 51.496808337000061)",Unfall 44487 (2024) Kat:3, Licht: 0,44487,3,6,2,07,12,1,0,0,0,1,0,0,0,1
"POINT (7.191510997000023 51.491880952000031)",Unfall 44492 (2024) Kat:3, Licht: 2,44492,3,7,6,07,04,1,0,2,0,1,1,0,0,0
"POINT (7.133312505000049 51.461320294000075)",Unfall 44592 (2024) Kat:2, Licht: 0,44592,2,3,5,07,19,7,0,0,0,1,0,1,0,0
"POINT (7.210769380000045 51.456161446000067)",Unfall 44701 (2024) Kat:3, Licht: 0,44701,3,2,0,07,15,6,0,0,1,0,0,1,0,0
"POINT (7.226627757000074 51.446823011000049)",Unfall 44702 (2024) Kat:2, Licht: 0,44702,2,2,5,07,15,6,0,0,0,1,0,0,0,0
"POINT (7.244232891000024 51.472169994000069)",Unfall 44703 (2024) Kat:3, Licht: 0,44703,3,3,0,07,06,6,0,0,0,1,0,1,0,0
"POINT (7.256160432000058 51.495764231000067)",Unfall 44704 (2024) Kat:3, Licht: 0,44704,3,2,5,07,13,6,0,0,0,1,0,0,0,0
"POINT (7.306695756000067 51.478433066000036)",Unfall 44831 (2024) Kat:3, Licht: 0,44831,3,3,0,07,12,5,0,0,0,1,0,0,0,1
"POINT (7.212272573000064 51.516342077000047)",Unfall 44832 (2024) Kat:3, Licht: 0,44832,3,6,2,07,17,5,0,0,0,1,0,0,0,0
"POINT (7.180825603000073 51.481620145000079)",Unfall 44910 (2024) Kat:3, Licht: 0,44910,3,1,0,07,08,4,0,0,0,0,0,1,0,0
"POINT (7.137569045000021 51.502594013000078)",Unfall 45048 (2024) Kat:3, Licht: 1,45048,3,3,5,07,20,3,0,1,1,0,0,1,0,0
"POINT (7.221145329000024 51.461185997000030)",Unfall 45127 (2024) Kat:3, Licht: 0,45127,3,6,2,07,18,7,0,0,0,1,0,0,0,0
"POINT (7.303705982000054 51.496566822000034)",Unfall 45165 (2024) Kat:3, Licht: 0,45165,3,6,2,07,09,2,0,0,0,1,0,0,0,0
"POINT (7.228484817000037 51.458816939000030)",Unfall 45173 (2024) Kat:3, Licht: 0,45173,3,6,2,07,15,2,0,0,1,1,0,0,0,0
"POINT (7.321410078000042 51.465644376000057)",Unfall 45277 (2024) Kat:3, Licht: 0,45277,3,1,0,07,15,1,0,0,1,0,0,0,0,0
"POINT (7.155973549000066 51.478922160000081)",Unfall 45278 (2024) Kat:3, Licht: 0,45278,3,5,1,07,16,1,0,0,0,1,0,0,0,0
"POINT (7.230764640000075 51.476974628000050)",Unfall 45300 (2024) Kat:3, Licht: 0,45300,3,2,5,07,18,2,0,0,1,1,0,0,0,0
"POINT (7.164679563000050 51.480712534000077)",Unfall 45458 (2024) Kat:3, Licht: 0,45458,3,3,5,07,14,2,0,0,0,1,0,0,0,1
"POINT (7.156000878000043 51.446368953000047)",Unfall 45489 (2024) Kat:3, Licht: 0,45489,3,7,9,07,19,6,0,0,0,1,0,0,0,1
"POINT (7.187233836000075 51.439838397000074)",Unfall 45656 (2024) Kat:3, Licht: 0,45656,3,1,4,08,06,3,0,0,0,1,0,1,0,0
"POINT (7.157945767000058 51.476608494000061)",Unfall 45745 (2024) Kat:3, Licht: 0,45745,3,6,3,08,05,2,0,0,0,1,0,0,1,0
"POINT (7.324667956000042 51.472035267000081)",Unfall 45748 (2024) Kat:3, Licht: 0,45748,3,2,5,08,11,2,0,0,1,1,0,0,0,0
"POINT (7.241498661000037 51.473235430000045)",Unfall 45838 (2024) Kat:3, Licht: 2,45838,3,3,0,08,01,1,0,2,0,1,0,0,0,0
"POINT (7.261072063000029 51.502467420000073)",Unfall 46046 (2024) Kat:2, Licht: 0,46046,2,6,3,08,17,6,0,0,0,1,0,0,0,0
"POINT (7.209975934000056 51.488084579000031)",Unfall 46057 (2024) Kat:3, Licht: 0,46057,3,4,6,08,16,6,1,0,1,0,1,0,0,0
"POINT (7.231727276000072 51.451788937000060)",Unfall 46163 (2024) Kat:3, Licht: 0,46163,3,5,1,08,15,5,0,0,1,1,0,0,0,0
"POINT (7.319856678000065 51.473589481000033)",Unfall 46164 (2024) Kat:3, Licht: 0,46164,3,1,0,08,10,5,0,0,1,1,0,0,0,0
"POINT (7.194235757000058 51.477065384000070)",Unfall 46165 (2024) Kat:3, Licht: 0,46165,3,6,0,08,14,5,0,0,0,1,0,1,0,0
"POINT (7.220384436000074 51.426729389000059)",Unfall 46259 (2024) Kat:3, Licht: 0,46259,3,6,2,08,10,4,0,0,0,1,0,0,0,0
"POINT (7.310832405000042 51.473478391000071)",Unfall 46317 (2024) Kat:3, Licht: 0,46317,3,6,6,08,12,4,0,0,0,1,1,0,0,0
"POINT (7.194666618000042 51.445546832000048)",Unfall 46355 (2024) Kat:3, Licht: 0,46355,3,2,2,08,17,4,0,0,0,1,0,0,0,0
"POINT (7.238190399000075 51.457336207000026)",Unfall 46379 (2024) Kat:2, Licht: 0,46379,2,4,6,08,17,3,0,0,1,0,1,0,0,0
"POINT (7.192461616000060 51.452493279000066)",Unfall 46380 (2024) Kat:3, Licht: 0,46380,3,2,2,08,08,3,0,0,0,1,0,0,0,1
"POINT (7.303716499000075 51.468714239000064)",Unfall 46381 (2024) Kat:3, Licht: 0,46381,3,2,6,08,09,3,0,0,0,1,1,0,0,0
"POINT (7.271009033000041 51.515394593000053)",Unfall 46382 (2024) Kat:3, Licht: 0,46382,3,6,4,08,20,3,0,0,1,0,0,0,0,0
"POINT (7.208605900000066 51.488890507000065)",Unfall 46383 (2024) Kat:3, Licht: 0,46383,3,4,6,08,19,3,0,0,0,1,1,0,0,0
"POINT (7.194822204000047 51.456202545000053)",Unfall 46486 (2024) Kat:3, Licht: 0,46486,3,2,0,08,16,2,0,0,1,1,0,0,0,0
"POINT (7.261751438000033 51.494784378000077)",Unfall 46487 (2024) Kat:2, Licht: 0,46487,2,3,5,08,11,2,0,0,0,1,0,0,0,1
"POINT (7.228182317000062 51.466133457000069)",Unfall 46661 (2024) Kat:3, Licht: 0,46661,3,1,0,08,15,7,0,0,1,0,0,0,0,0
"POINT (7.225390206000043 51.474341249000076)",Unfall 46716 (2024) Kat:3, Licht: 0,46716,3,6,2,08,14,4,0,0,0,1,0,0,0,0
"POINT (7.197916115000055 51.491647098000044)",Unfall 46844 (2024) Kat:3, Licht: 0,46844,3,3,5,08,17,3,0,0,1,1,0,0,0,0
"POINT (7.256179524000061 51.495288266000045)",Unfall 46948 (2024) Kat:3, Licht: 0,46948,3,6,2,08,18,2,0,0,0,1,0,0,0,0
"POINT (7.249678297000060 51.493158183000048)",Unfall 46954 (2024) Kat:3, Licht: 2,46954,3,7,1,08,03,2,0,2,0,1,0,0,0,1
"POINT (7.266859175000036 51.463917011000035)",Unfall 47041 (2024) Kat:3, Licht: 2,47041,3,6,3,08,00,1,1,2,0,1,0,0,0,0
"POINT (7.263400037000054 51.462655689000030)",Unfall 47050 (2024) Kat:3, Licht: 0,47050,3,3,5,08,16,1,0,0,0,1,0,0,0,0
"POINT (7.147699970000076 51.448657490000073)",Unfall 47051 (2024) Kat:3, Licht: 0,47051,3,3,5,08,17,1,0,0,0,1,0,1,0,0
"POINT (7.323288015000060 51.475756177000051)",Unfall 47174 (2024) Kat:2, Licht: 2,47174,2,1,0,08,00,7,1,2,1,0,0,0,0,0
"POINT (7.215201690000072 51.498198933000026)",Unfall 47286 (2024) Kat:3, Licht: 0,47286,3,6,3,08,10,6,0,0,0,1,0,0,0,0
"POINT (7.240945587000056 51.460949224000046)",Unfall 47287 (2024) Kat:2, Licht: 0,47287,2,1,5,08,13,6,0,0,0,1,0,0,1,0
"POINT (7.150839423000036 51.475126810000063)",Unfall 47289 (2024) Kat:2, Licht: 0,47289,2,6,3,08,07,6,0,0,0,1,0,0,0,0
"POINT (7.188978306000024 51.496142149000036)",Unfall 47293 (2024) Kat:3, Licht: 0,47293,3,2,2,08,06,6,0,0,0,1,0,0,0,0
"POINT (7.189164070000061 51.503313416000026)",Unfall 47294 (2024) Kat:3, Licht: 0,47294,3,2,5,08,07,6,0,0,0,1,0,0,0,0
"POINT (7.225659034000046 51.455038494000064)",Unfall 47403 (2024) Kat:3, Licht: 0,47403,3,6,2,08,07,5,0,0,0,1,0,0,0,0
"POINT (7.298166371000036 51.467188833000080)",Unfall 47410 (2024) Kat:3, Licht: 0,47410,3,6,0,08,14,5,0,0,0,1,0,0,0,1
"POINT (7.320325549000074 51.463183351000055)",Unfall 47412 (2024) Kat:3, Licht: 0,47412,3,2,5,08,09,5,0,0,1,1,0,0,0,0
"POINT (7.164851901000077 51.480747379000036)",Unfall 47414 (2024) Kat:3, Licht: 2,47414,3,4,6,08,22,5,0,2,0,1,1,0,0,0
"POINT (7.179152913000053 51.464221050000049)",Unfall 47415 (2024) Kat:3, Licht: 0,47415,3,2,3,08,16,5,0,0,0,1,0,0,0,1
"POINT (7.219935908000025 51.464143106000051)",Unfall 47484 (2024) Kat:3, Licht: 0,47484,3,6,2,08,12,5,0,0,0,1,0,0,0,0
"POINT (7.191822108000054 51.470609134000028)",Unfall 47548 (2024) Kat:3, Licht: 0,47548,3,6,2,08,15,4,0,0,0,1,0,0,0,0
"POINT (7.179825442000038 51.473650145000079)",Unfall 47554 (2024) Kat:3, Licht: 0,47554,3,6,2,08,15,7,0,0,0,1,0,0,0,0
"POINT (7.323799323000060 51.470609883000066)",Unfall 47561 (2024) Kat:2, Licht: 0,47561,2,3,5,08,16,4,0,0,0,1,0,0,0,0
"POINT (7.167978262000076 51.422530033000044)",Unfall 47562 (2024) Kat:3, Licht: 2,47562,3,3,5,08,05,4,1,2,0,1,0,0,0,0
"POINT (7.273312957000030 51.451496453000061)",Unfall 47563 (2024) Kat:3, Licht: 0,47563,3,6,2,08,08,4,0,0,0,1,0,0,0,0
"POINT (7.192684418000056 51.480232767000075)",Unfall 47674 (2024) Kat:3, Licht: 0,47674,3,6,2,08,17,3,0,0,0,1,0,0,0,0
"POINT (7.321546807000061 51.473648435000030)",Unfall 47821 (2024) Kat:3, Licht: 0,47821,3,7,0,08,14,2,0,0,0,0,0,1,0,0
"POINT (7.170580539000071 51.479533552000078)",Unfall 47840 (2024) Kat:3, Licht: 0,47840,3,6,2,08,14,2,0,0,0,1,0,0,0,0
"POINT (7.154780516000073 51.475802717000079)",Unfall 47910 (2024) Kat:3, Licht: 0,47910,3,6,2,08,17,1,0,0,0,1,0,0,0,0
"POINT (7.154639872000075 51.475779669000076)",Unfall 47911 (2024) Kat:3, Licht: 0,47911,3,6,2,08,17,1,0,0,0,1,0,0,0,0
"POINT (7.188893451000069 51.497745288000033)",Unfall 47916 (2024) Kat:3, Licht: 0,47916,3,6,2,08,12,1,0,0,0,1,0,0,0,0
"POINT (7.191857635000076 51.470593577000045)",Unfall 48022 (2024) Kat:3, Licht: 0,48022,3,6,2,08,14,7,0,0,0,1,0,0,0,1
"POINT (7.302195719000053 51.468286273000047)",Unfall 48030 (2024) Kat:3, Licht: 0,48030,3,1,0,08,12,7,0,0,1,0,0,0,0,0
"POINT (7.253478436000023 51.456763292000062)",Unfall 48031 (2024) Kat:3, Licht: 2,48031,3,1,9,08,22,7,0,2,0,1,0,0,0,0
"POINT (7.215231312000071 51.476133082000047)",Unfall 48032 (2024) Kat:2, Licht: 0,48032,2,4,6,08,08,7,1,0,0,1,1,0,0,0
"POINT (7.234002714000042 51.509381582000060)",Unfall 48138 (2024) Kat:3, Licht: 0,48138,3,6,2,08,13,6,0,0,0,1,0,0,0,0
"POINT (7.245631564000064 51.471879766000029)",Unfall 48145 (2024) Kat:3, Licht: 0,48145,3,4,6,08,15,6,0,0,0,1,1,0,0,0
"POINT (7.215785656000037 51.487612279000075)",Unfall 48146 (2024) Kat:3, Licht: 0,48146,3,7,5,08,10,6,0,0,0,1,0,1,0,0
"POINT (7.256178048000038 51.495629384000040)",Unfall 48297 (2024) Kat:3, Licht: 0,48297,3,7,5,08,16,4,0,0,0,1,0,0,0,1
"POINT (7.170440426000027 51.479426475000082)",Unfall 48298 (2024) Kat:3, Licht: 0,48298,3,1,2,08,17,5,0,0,0,1,0,0,1,0
"POINT (7.283663082000032 51.473187511000049)",Unfall 48299 (2024) Kat:3, Licht: 0,48299,3,6,2,08,12,5,0,0,0,1,0,0,0,0
"POINT (7.271395907000056 51.520812639000042)",Unfall 48310 (2024) Kat:3, Licht: 0,48310,3,7,6,08,11,7,0,0,0,1,1,0,0,0
"POINT (7.281904132000022 51.479626315000075)",Unfall 48357 (2024) Kat:3, Licht: 0,48357,3,6,2,09,15,7,0,0,0,1,0,0,0,0
"POINT (7.206166708000069 51.438490259000048)",Unfall 48450 (2024) Kat:3, Licht: 0,48450,3,2,5,09,19,6,0,0,1,1,0,0,0,0
"POINT (7.200811856000030 51.490935071000081)",Unfall 48451 (2024) Kat:3, Licht: 0,48451,3,6,2,09,17,6,1,0,0,1,0,0,0,0
"POINT (7.259190426000032 51.494967192000047)",Unfall 48523 (2024) Kat:3, Licht: 0,48523,3,6,2,09,15,5,0,0,0,1,0,0,0,0
"POINT (7.153331871000034 51.484130420000042)",Unfall 48527 (2024) Kat:3, Licht: 0,48527,3,3,5,09,08,5,0,0,0,1,0,0,0,1
"POINT (7.296111839000048 51.496577740000077)",Unfall 48632 (2024) Kat:3, Licht: 1,48632,3,6,3,09,19,4,0,1,0,1,0,0,0,0
"POINT (7.262407395000025 51.501727634000076)",Unfall 48633 (2024) Kat:3, Licht: 0,48633,3,6,2,09,17,4,1,0,0,1,0,0,0,1
"POINT (7.203637210000068 51.455704609000065)",Unfall 48639 (2024) Kat:3, Licht: 0,48639,3,6,2,09,14,4,1,0,0,1,0,0,0,0
"POINT (7.233272973000055 51.476302789000044)",Unfall 48724 (2024) Kat:3, Licht: 0,48724,3,2,5,09,08,3,0,0,0,1,0,0,0,0
"POINT (7.143233852000037 51.477503755000043)",Unfall 48825 (2024) Kat:3, Licht: 0,48825,3,6,2,09,07,2,1,0,0,1,0,0,0,1
"POINT (7.207620394000060 51.480228222000051)",Unfall 48988 (2024) Kat:3, Licht: 0,48988,3,6,3,09,09,5,0,0,0,1,0,0,0,1
"POINT (7.225374504000058 51.451580014000058)",Unfall 49151 (2024) Kat:3, Licht: 0,49151,3,7,0,09,13,6,0,0,1,0,1,0,0,0
"POINT (7.313615758000026 51.471963534000054)",Unfall 49153 (2024) Kat:3, Licht: 0,49153,3,3,5,09,18,6,0,0,0,1,0,0,0,0
"POINT (7.310677470000030 51.471180647000040)",Unfall 49154 (2024) Kat:3, Licht: 0,49154,3,6,3,09,16,6,0,0,0,1,0,1,0,0
"POINT (7.234118348000038 51.458552984000050)",Unfall 49263 (2024) Kat:3, Licht: 0,49263,3,6,2,09,17,6,1,0,0,1,0,0,0,0
"POINT (7.186870575000057 51.476203966000071)",Unfall 49286 (2024) Kat:3, Licht: 0,49286,3,6,2,09,16,5,0,0,0,1,0,0,0,0
"POINT (7.158527321000065 51.479359920000036)",Unfall 49293 (2024) Kat:2, Licht: 0,49293,2,6,2,09,17,5,0,0,0,1,0,0,0,1
"POINT (7.220777960000021 51.478737521000028)",Unfall 49294 (2024) Kat:3, Licht: 0,49294,3,6,3,09,18,5,0,0,0,1,0,1,0,0
"POINT (7.241083275000051 51.490722202000029)",Unfall 49295 (2024) Kat:3, Licht: 0,49295,3,3,5,09,09,5,0,0,0,1,0,1,0,0
"POINT (7.236655223000071 51.459974245000069)",Unfall 49370 (2024) Kat:3, Licht: 1,49370,3,6,2,09,18,5,1,1,0,1,0,0,0,0
"POINT (7.167254614000058 51.458479289000081)",Unfall 49427 (2024) Kat:3, Licht: 1,49427,3,1,8,09,21,4,0,1,0,1,0,0,0,0
"POINT (7.181258740000033 51.470945514000050)",Unfall 49428 (2024) Kat:3, Licht: 1,49428,3,1,0,09,06,4,1,1,1,0,0,0,0,0
"POINT (7.196562421000067 51.477658440000027)",Unfall 49431 (2024) Kat:3, Licht: 0,49431,3,6,3,09,14,4,0,0,0,1,0,0,0,1
"POINT (7.269872134000025 51.496791651000080)",Unfall 49563 (2024) Kat:2, Licht: 0,49563,2,6,2,09,07,3,0,0,0,1,0,0,1,0
"POINT (7.219727674000069 51.464017370000079)",Unfall 49570 (2024) Kat:3, Licht: 0,49570,3,6,1,09,07,3,0,0,0,1,0,0,0,1
"POINT (7.172704535000037 51.450221158000033)",Unfall 49572 (2024) Kat:3, Licht: 0,49572,3,5,1,09,20,3,0,0,0,1,0,0,0,0
"POINT (7.189665063000064 51.441253328000073)",Unfall 49573 (2024) Kat:3, Licht: 0,49573,3,6,2,09,18,3,0,0,0,1,0,1,0,0
"POINT (7.194784556000059 51.483184572000027)",Unfall 49698 (2024) Kat:3, Licht: 0,49698,3,1,9,09,17,2,0,0,0,1,0,0,0,0
"POINT (7.160382138000045 51.445612483000048)",Unfall 49812 (2024) Kat:3, Licht: 0,49812,3,6,2,09,18,1,0,0,0,1,0,0,0,0
"POINT (7.277030778000039 51.477514083000074)",Unfall 49813 (2024) Kat:3, Licht: 2,49813,3,1,0,09,00,1,0,2,0,0,0,0,0,1
"POINT (7.246444645000054 51.492280909000044)",Unfall 49814 (2024) Kat:3, Licht: 0,49814,3,6,2,09,17,1,0,0,0,1,0,0,0,0
"POINT (7.192120287000023 51.461920955000039)",Unfall 49820 (2024) Kat:3, Licht: 2,49820,3,5,1,09,20,1,0,2,0,1,0,0,0,1
"POINT (7.154645507000055 51.475780592000035)",Unfall 49928 (2024) Kat:3, Licht: 0,49928,3,6,2,09,13,2,0,0,0,1,0,0,0,0
"POINT (7.161018215000070 51.477282688000059)",Unfall 49931 (2024) Kat:3, Licht: 0,49931,3,1,2,08,18,7,0,0,0,1,0,0,0,1
"POINT (7.162629544000026 51.477806507000082)",Unfall 49932 (2024) Kat:3, Licht: 0,49932,3,6,2,08,16,7,0,0,0,1,0,0,0,0
"POINT (7.218855012000063 51.443681267000045)",Unfall 49938 (2024) Kat:3, Licht: 0,49938,3,2,2,08,14,7,0,0,0,1,0,0,0,0
"POINT (7.321455259000061 51.465739662000033)",Unfall 49939 (2024) Kat:3, Licht: 0,49939,3,1,0,08,15,7,0,0,1,0,0,0,0,0
"POINT (7.248151174000043 51.462289713000075)",Unfall 49993 (2024) Kat:3, Licht: 0,49993,3,6,2,09,14,3,0,0,0,1,0,0,0,0
"POINT (7.131826651000040 51.465896157000032)",Unfall 50072 (2024) Kat:3, Licht: 0,50072,3,6,2,08,10,6,1,0,0,1,0,0,0,1
"POINT (7.215055427000038 51.453894995000041)",Unfall 50224 (2024) Kat:3, Licht: 0,50224,3,6,2,08,15,5,0,0,0,1,0,0,1,0
"POINT (7.194509413000048 51.444475281000052)",Unfall 50233 (2024) Kat:3, Licht: 0,50233,3,6,2,08,15,5,0,0,0,1,0,0,0,0
"POINT (7.261999621000029 51.494794206000051)",Unfall 50234 (2024) Kat:3, Licht: 1,50234,3,6,2,08,06,5,0,1,1,1,0,0,0,0
"POINT (7.155915061000030 51.501973811000028)",Unfall 50235 (2024) Kat:2, Licht: 0,50235,2,2,5,08,15,5,0,0,0,1,0,1,0,0
"POINT (7.216167247000044 51.425988092000068)",Unfall 50468 (2024) Kat:2, Licht: 2,50468,2,1,9,09,04,3,0,2,0,1,0,0,0,0
"POINT (7.247832898000070 51.509824798000068)",Unfall 50469 (2024) Kat:3, Licht: 0,50469,3,7,9,09,12,3,0,0,0,1,0,0,0,0
"POINT (7.147185326000056 51.466824514000052)",Unfall 50470 (2024) Kat:3, Licht: 0,50470,3,7,5,09,16,3,0,0,0,1,0,1,0,0
"POINT (7.279636227000026 51.463157246000037)",Unfall 50573 (2024) Kat:2, Licht: 0,50573,2,1,8,09,12,2,0,0,0,0,0,1,0,0
"POINT (7.180054265000024 51.482947339000077)",Unfall 50574 (2024) Kat:3, Licht: 0,50574,3,6,2,09,08,2,1,0,0,1,0,0,0,0
"POINT (7.111993236000046 51.481227876000048)",Unfall 50580 (2024) Kat:3, Licht: 0,50580,3,3,5,09,08,2,0,0,0,1,0,0,1,0
"POINT (7.212403496000036 51.481989011000053)",Unfall 50620 (2024) Kat:3, Licht: 2,50620,3,3,5,09,22,3,1,2,1,1,0,0,0,0
"POINT (7.210716716000036 51.517567093000082)",Unfall 50803 (2024) Kat:3, Licht: 2,50803,3,1,8,09,21,7,0,2,0,1,0,0,0,0
"POINT (7.224947345000032 51.482573564000063)",Unfall 50810 (2024) Kat:3, Licht: 2,50810,3,1,9,09,22,7,0,2,0,0,0,1,0,0
"POINT (7.186360747000037 51.480856839000069)",Unfall 50917 (2024) Kat:3, Licht: 0,50917,3,2,5,09,11,1,0,0,0,1,0,1,0,0
"POINT (7.288296708000075 51.461877502000050)",Unfall 50960 (2024) Kat:3, Licht: 0,50960,3,6,2,09,13,6,0,0,0,1,0,0,0,0
"POINT (7.262899789000073 51.507323227000029)",Unfall 50974 (2024) Kat:3, Licht: 0,50974,3,3,5,09,16,6,0,0,1,1,0,0,0,0
"POINT (7.144765421000045 51.476596623000034)",Unfall 50975 (2024) Kat:3, Licht: 0,50975,3,6,6,09,13,6,0,0,0,0,1,0,0,1