WKT,Name,OBJECTID,UKATEGORIE,UTYP1,UART,UMONAT,USTUNDE,UWOCHENTAG,STRZUSTAND,ULICHTVERH,ISTRAD,ISTPKW,ISTFUSS,ISTKRAD,ISTGKFZ,ISTSONSTIG
"POINT (7.323679917000049 51.477805292000028)",Unfall 51104 (2024) Kat:3, Licht: 0,51104,3,4,6,09,07,5,0,0,0,1,1,0,0,0
"POINT (7.134673775000067 51.484891767000079)",Unfall 51105 (2024) Kat:2, Licht: 0,51105,2,2,5,09,10,5,0,0,0,1,0,1,0,0
"POINT (7.226521592000040 51.447033522000027)",Unfall 51106 (2024) Kat:2, Licht: 0,51106,2,6,2,09,13,5,0,0,0,1,0,0,0,0
"POINT (7.258350832000076 51.446802501000036)",Unfall 51107 (2024) Kat:3, Licht: 0,51107,3,1,8,09,17,5,0,0,0,1,0,0,0,0
"POINT (7.277332662000049 51.477633442000069)",Unfall 51250 (2024) Kat:1, Licht: 0,51250,1,1,8,09,19,4,0,0,0,1,0,1,0,0
"POINT (7.225606537000033 51.451767654000037)",Unfall 51251 (2024) Kat:3, Licht: 0,51251,3,6,2,09,16,4,0,0,0,1,0,0,0,0
"POINT (7.257806911000046 51.472100818000058)",Unfall 51343 (2024) Kat:3, Licht: 0,51343,3,3,5,09,08,3,0,0,1,1,0,0,0,0
"POINT (7.242588250000040 51.491328104000047)",Unfall 51344 (2024) Kat:3, Licht: 0,51344,3,4,6,09,07,3,0,0,0,1,1,0,0,0
"POINT (7.169351554000059 51.479360957000040)",Unfall 51441 (2024) Kat:3, Licht: 0,51441,3,6,2,09,12,2,0,0,0,1,0,0,0,0
"POINT (7.271389178000049 51.515501089000054)",Unfall 51452 (2024) Kat:3, Licht: 2,51452,3,7,9,09,05,2,0,2,0,1,0,0,0,0
"POINT (7.144499810000070 51.450860082000077)",Unfall 51453 (2024) Kat:2, Licht: 0,51453,2,7,8,09,16,2,0,0,0,1,0,0,0,0
"POINT (7.241192924000075 51.496997501000067)",Unfall 51454 (2024) Kat:3, Licht: 0,51454,3,3,5,09,15,2,0,0,0,1,0,0,0,1
"POINT (7.175158206000049 51.480351927000072)",Unfall 51578 (2024) Kat:3, Licht: 2,51578,3,6,2,10,06,5,1,2,0,1,0,0,0,1
"POINT (7.256705004000025 51.480902139000079)",Unfall 51587 (2024) Kat:3, Licht: 2,51587,3,6,2,10,19,5,0,2,0,1,0,1,0,0
"POINT (7.288167997000073 51.460080439000080)",Unfall 51699 (2024) Kat:3, Licht: 0,51699,3,6,2,10,08,4,1,0,0,1,0,0,0,0
"POINT (7.162985038000045 51.478092337000078)",Unfall 51805 (2024) Kat:3, Licht: 2,51805,3,6,2,10,06,3,0,2,0,1,0,0,1,1
"POINT (7.161603355000068 51.444529795000051)",Unfall 51813 (2024) Kat:3, Licht: 0,51813,3,2,2,10,16,3,0,0,0,1,0,0,1,0
"POINT (7.140601728000036 51.481791039000029)",Unfall 51815 (2024) Kat:3, Licht: 0,51815,3,3,5,10,09,3,0,0,0,1,0,0,0,0
"POINT (7.221776002000070 51.483573579000051)",Unfall 51816 (2024) Kat:3, Licht: 0,51816,3,6,2,10,11,3,0,0,0,1,0,0,0,0
"POINT (7.214308840000058 51.472117370000035)",Unfall 51817 (2024) Kat:3, Licht: 2,51817,3,1,0,10,06,3,0,2,1,1,0,0,0,0
"POINT (7.236386137000068 51.459827323000070)",Unfall 51912 (2024) Kat:3, Licht: 2,51912,3,7,5,10,19,2,0,2,0,1,0,0,0,1
"POINT (7.182253799000023 51.481052965000060)",Unfall 51913 (2024) Kat:3, Licht: 0,51913,3,6,2,10,09,2,0,0,0,1,0,0,0,0
"POINT (7.258171459000039 51.462630275000038)",Unfall 51980 (2024) Kat:3, Licht: 2,51980,3,6,2,10,20,1,0,2,0,1,0,0,0,0
"POINT (7.318690832000073 51.457300363000058)",Unfall 52082 (2024) Kat:3, Licht: 0,52082,3,6,2,10,17,7,0,0,0,1,0,0,0,0
"POINT (7.257680510000057 51.512412700000027)",Unfall 52084 (2024) Kat:3, Licht: 0,52084,3,4,6,10,12,7,0,0,0,1,1,0,0,0
"POINT (7.190243960000032 51.511455897000076)",Unfall 52085 (2024) Kat:3, Licht: 0,52085,3,6,2,10,12,7,0,0,0,1,0,0,0,0
"POINT (7.183916735000025 51.479877763000047)",Unfall 52176 (2024) Kat:3, Licht: 0,52176,3,1,8,10,09,6,0,0,0,1,0,0,0,0
"POINT (7.325523950000047 51.458043649000047)",Unfall 52182 (2024) Kat:2, Licht: 0,52182,2,3,5,10,15,6,0,0,0,1,0,1,0,0
"POINT (7.134836276000044 51.484862464000059)",Unfall 52340 (2024) Kat:3, Licht: 2,52340,3,2,6,10,22,4,1,2,0,1,1,0,0,0
"POINT (7.213334824000071 51.491418805000080)",Unfall 52341 (2024) Kat:3, Licht: 2,52341,3,6,2,10,19,4,1,2,0,1,0,0,0,0
"POINT (7.280183797000063 51.463219942000080)",Unfall 52458 (2024) Kat:3, Licht: 0,52458,3,6,1,10,16,3,1,0,0,1,0,0,0,0
"POINT (7.251037837000069 51.448028471000043)",Unfall 52462 (2024) Kat:3, Licht: 0,52462,3,1,8,10,12,3,1,0,0,1,0,0,0,0
"POINT (7.204535268000029 51.449610624000059)",Unfall 52463 (2024) Kat:3, Licht: 2,52463,3,1,1,10,19,3,1,2,1,1,0,0,0,0
"POINT (7.195546439000054 51.456778076000035)",Unfall 52464 (2024) Kat:3, Licht: 2,52464,3,3,5,10,06,3,1,2,0,1,0,1,0,0
"POINT (7.194637587000045 51.492579917000057)",Unfall 52574 (2024) Kat:3, Licht: 0,52574,3,6,2,09,14,2,0,0,0,1,0,0,0,0
"POINT (7.211183774000062 51.513934409000058)",Unfall 52638 (2024) Kat:3, Licht: 0,52638,3,2,2,09,16,1,0,0,1,1,0,0,0,0
"POINT (7.161240123000027 51.477535499000055)",Unfall 52740 (2024) Kat:3, Licht: 0,52740,3,6,2,09,14,7,0,0,0,1,0,0,0,0
"POINT (7.138319064000029 51.498953573000051)",Unfall 52748 (2024) Kat:3, Licht: 0,52748,3,6,3,09,15,7,0,0,1,1,0,0,0,0
"POINT (7.244541887000025 51.461395922000065)",Unfall 52756 (2024) Kat:3, Licht: 0,52756,3,6,2,09,13,1,0,0,0,1,0,0,0,0
"POINT (7.250613736000048 51.455544209000038)",Unfall 52902 (2024) Kat:3, Licht: 0,52902,3,7,6,09,14,6,0,0,0,1,1,0,0,0
"POINT (7.213460032000057 51.471717517000059)",Unfall 52903 (2024) Kat:3, Licht: 0,52903,3,1,0,09,10,6,0,0,1,1,0,0,0,0
"POINT (7.279207088000021 51.499716936000027)",Unfall 52905 (2024) Kat:2, Licht: 0,52905,2,5,1,09,11,6,0,0,1,1,0,0,0,0
"POINT (7.212694075000059 51.504543969000053)",Unfall 53055 (2024) Kat:3, Licht: 0,53055,3,2,3,09,17,5,1,0,1,1,0,0,0,0
"POINT (7.314511941000035 51.470327566000037)",Unfall 53203 (2024) Kat:3, Licht: 2,53203,3,3,5,09,20,4,1,2,1,1,0,0,0,0
"POINT (7.251649831000066 51.493666896000036)",Unfall 53205 (2024) Kat:3, Licht: 0,53205,3,7,3,09,15,4,1,0,0,1,0,0,0,1
"POINT (7.258204137000064 51.502381379000042)",Unfall 53280 (2024) Kat:3, Licht: 0,53280,3,1,2,10,15,4,1,0,0,1,0,0,0,0
"POINT (7.258514834000039 51.446757009000066)",Unfall 53287 (2024) Kat:3, Licht: 2,53287,3,1,1,10,17,4,1,2,0,1,0,1,0,0
"POINT (7.174095644000033 51.429305191000026)",Unfall 53288 (2024) Kat:3, Licht: 0,53288,3,1,0,10,14,4,1,0,0,1,0,1,0,0
"POINT (7.157370356000058 51.476312272000030)",Unfall 53404 (2024) Kat:3, Licht: 0,53404,3,6,1,10,14,3,1,0,0,1,0,0,0,1
"POINT (7.134570698000061 51.474435969000069)",Unfall 53405 (2024) Kat:3, Licht: 0,53405,3,6,2,10,12,3,1,0,0,1,0,0,1,0
"POINT (7.128952593000065 51.486191731000076)",Unfall 53410 (2024) Kat:3, Licht: 0,53410,3,3,0,10,15,3,1,0,0,1,0,0,0,1
"POINT (7.226481443000068 51.478598596000040)",Unfall 53411 (2024) Kat:3, Licht: 2,53411,3,2,6,10,20,3,1,2,0,1,1,0,0,0
"POINT (7.213679753000065 51.487568530000033)",Unfall 53412 (2024) Kat:3, Licht: 2,53412,3,6,2,10,18,3,1,2,0,1,0,0,0,0
"POINT (7.225519810000037 51.446495226000081)",Unfall 53413 (2024) Kat:3, Licht: 2,53413,3,2,6,10,18,3,0,2,0,1,1,0,0,0
"POINT (7.223380377000069 51.480021328000078)",Unfall 53559 (2024) Kat:3, Licht: 0,53559,3,2,5,10,15,1,1,0,1,1,0,0,0,0
"POINT (7.224103212000045 51.455578704000061)",Unfall 53655 (2024) Kat:3, Licht: 0,53655,3,1,9,10,14,7,1,0,0,0,0,1,0,0
"POINT (7.183391414000027 51.480390235000073)",Unfall 53656 (2024) Kat:2, Licht: 2,53656,2,7,0,10,04,7,0,2,0,1,0,0,0,0
"POINT (7.134673775000067 51.484891767000079)",Unfall 53687 (2024) Kat:3, Licht: 0,53687,3,3,5,10,14,7,0,0,1,1,0,0,0,0
"POINT (7.197911926000074 51.463825542000052)",Unfall 53791 (2024) Kat:3, Licht: 0,53791,3,1,2,10,16,6,0,0,0,1,0,0,0,0
"POINT (7.191712631000030 51.454023840000048)",Unfall 53800 (2024) Kat:3, Licht: 2,53800,3,1,0,10,21,6,0,2,1,0,0,0,0,0
"POINT (7.203042441000036 51.455521562000058)",Unfall 53801 (2024) Kat:3, Licht: 0,53801,3,6,2,10,14,6,0,0,0,1,0,0,0,0
"POINT (7.316504274000067 51.472679240000048)",Unfall 53802 (2024) Kat:3, Licht: 0,53802,3,1,0,10,16,6,1,0,1,0,0,0,0,0
"POINT (7.215487169000028 51.478692814000055)",Unfall 53840 (2024) Kat:3, Licht: 2,53840,3,6,2,10,17,4,1,2,0,1,0,0,0,0
"POINT (7.221318585000063 51.460890899000049)",Unfall 53891 (2024) Kat:3, Licht: 0,53891,3,2,5,10,11,5,0,0,1,1,0,0,0,0
"POINT (7.212354764000054 51.496517602000040)",Unfall 53892 (2024) Kat:3, Licht: 0,53892,3,7,6,10,15,5,0,0,0,1,1,0,0,0
"POINT (7.206464486000073 51.489652368000066)",Unfall 53893 (2024) Kat:3, Licht: 0,53893,3,6,2,10,13,5,0,0,0,1,0,0,0,0
"POINT (7.232183698000028 51.505283202000044)",Unfall 54005 (2024) Kat:2, Licht: 1,54005,2,3,5,10,18,4,0,1,0,1,0,1,0,0
"POINT (7.254739749000066 51.488520503000075)",Unfall 54121 (2024) Kat:3, Licht: 1,54121,3,6,0,10,16,3,0,1,0,1,0,0,0,0
"POINT (7.221016094000049 51.478825391000044)",Unfall 54168 (2024) Kat:2, Licht: 2,54168,2,1,0,10,04,1,0,2,0,0,0,0,0,1
"POINT (7.278503961000069 51.482681265000053)",Unfall 54219 (2024) Kat:3, Licht: 0,54219,3,6,2,10,11,2,0,0,0,1,0,0,0,0
"POINT (7.296997824000073 51.466830893000065)",Unfall 54229 (2024) Kat:2, Licht: 2,54229,2,4,6,10,06,2,1,2,0,0,1,0,0,1
"POINT (7.210732451000069 51.483722800000066)",Unfall 54230 (2024) Kat:3, Licht: 0,54230,3,1,0,10,09,2,1,0,0,0,0,1,0,0
"POINT (7.169037832000072 51.447814317000052)",Unfall 54308 (2024) Kat:3, Licht: 0,54308,3,7,6,10,14,1,0,0,0,1,1,0,0,0
"POINT (7.202864224000052 51.502301310000064)",Unfall 54492 (2024) Kat:3, Licht: 1,54492,3,3,5,10,18,6,0,1,0,1,0,1,0,0
"POINT (7.244886681000025 51.445183525000061)",Unfall 54589 (2024) Kat:3, Licht: 0,54589,3,3,5,10,14,5,0,0,0,0,0,1,1,0
"POINT (7.138625207000075 51.496080809000034)",Unfall 54590 (2024) Kat:3, Licht: 2,54590,3,2,5,10,19,5,0,2,0,1,0,0,0,1
"POINT (7.236265898000056 51.509049373000039)",Unfall 54605 (2024) Kat:3, Licht: 2,54605,3,6,2,10,06,5,0,2,0,1,0,0,0,0
"POINT (7.158046705000061 51.440290742000059)",Unfall 54718 (2024) Kat:2, Licht: 0,54718,2,4,6,10,15,4,0,0,0,1,1,0,0,0
"POINT (7.191728728000044 51.470516168000074)",Unfall 54796 (2024) Kat:3, Licht: 0,54796,3,6,2,10,12,3,0,0,0,1,0,0,0,0
"POINT (7.133674883000026 51.474572670000043)",Unfall 54910 (2024) Kat:3, Licht: 0,54910,3,6,2,10,13,2,1,0,0,1,0,0,1,0
"POINT (7.238442163000059 51.499808849000033)",Unfall 54940 (2024) Kat:3, Licht: 2,54940,3,3,5,10,07,3,1,2,0,1,0,0,0,0
"POINT (7.250098926000021 51.455406711000080)",Unfall 54969 (2024) Kat:3, Licht: 2,54969,3,7,6,10,19,1,1,2,0,1,1,0,0,0
"POINT (7.253243659000020 51.472293313000080)",Unfall 54970 (2024) Kat:2, Licht: 0,54970,2,7,3,10,10,1,0,0,0,1,0,0,0,0
"POINT (7.162803136000036 51.478037047000043)",Unfall 55037 (2024) Kat:3, Licht: 0,55037,3,6,3,10,14,7,0,0,0,1,0,0,0,0
"POINT (7.142377311000075 51.452698734000080)",Unfall 55042 (2024) Kat:3, Licht: 0,55042,3,6,2,10,18,7,0,0,0,1,0,0,0,1
"POINT (7.248433295000041 51.472022799000058)",Unfall 55138 (2024) Kat:2, Licht: 2,55138,2,1,0,10,02,7,0,2,0,0,0,0,0,1
"POINT (7.161748211000031 51.469090378000033)",Unfall 55191 (2024) Kat:3, Licht: 0,55191,3,6,2,10,09,6,0,0,0,1,0,0,0,0
"POINT (7.190117550000025 51.511968870000032)",Unfall 55344 (2024) Kat:3, Licht: 2,55344,3,6,2,11,20,3,0,2,0,1,0,0,0,0
"POINT (7.265879105000067 51.500131208000028)",Unfall 55474 (2024) Kat:3, Licht: 0,55474,3,6,2,11,14,2,1,0,0,1,0,0,0,0
"POINT (7.216357453000057 51.473064911000051)",Unfall 55483 (2024) Kat:3, Licht: 1,55483,3,3,5,11,15,2,1,1,0,1,0,0,0,1
"POINT (7.155981532000055 51.476021971000080)",Unfall 55579 (2024) Kat:3, Licht: 2,55579,3,6,2,11,18,7,0,2,0,1,0,0,0,0
"POINT (7.234800120000045 51.475740198000040)",Unfall 55749 (2024) Kat:3, Licht: 1,55749,3,6,3,11,17,5,0,1,0,1,0,0,0,0
"POINT (7.324469651000072 51.473487251000051)",Unfall 55750 (2024) Kat:3, Licht: 0,55750,3,4,6,11,08,5,0,0,0,1,1,0,0,0
"POINT (7.186315394000076 51.480855957000074)",Unfall 55751 (2024) Kat:3, Licht: 2,55751,3,7,4,11,18,5,0,2,0,1,0,0,0,1
"POINT (7.215439875000072 51.477833130000079)",Unfall 55752 (2024) Kat:3, Licht: 2,55752,3,2,5,11,17,5,0,2,1,1,0,0,0,0
"POINT (7.213648611000053 51.454165465000074)",Unfall 55862 (2024) Kat:3, Licht: 1,55862,3,6,3,11,07,4,0,1,0,1,0,0,0,0
"POINT (7.304242011000042 51.491250227000080)",Unfall 55895 (2024) Kat:3, Licht: 2,55895,3,5,1,11,21,5,0,2,1,1,0,0,0,0
"POINT (7.172310032000041 51.481800335000059)",Unfall 55984 (2024) Kat:3, Licht: 2,55984,3,6,2,11,17,3,0,2,0,1,0,0,0,0
"POINT (7.194383719000029 51.481073702000060)",Unfall 55985 (2024) Kat:2, Licht: 0,55985,2,7,5,11,11,3,0,0,0,1,0,0,0,0
"POINT (7.211278933000074 51.509034325000073)",Unfall 55986 (2024) Kat:3, Licht: 0,55986,3,6,2,11,09,3,0,0,0,1,0,0,0,0
"POINT (7.224583430000052 51.499074737000058)",Unfall 56120 (2024) Kat:3, Licht: 0,56120,3,2,2,11,09,2,0,0,0,1,0,0,0,0
"POINT (7.162462099000038 51.477750421000053)",Unfall 56194 (2024) Kat:3, Licht: 2,56194,3,6,2,11,18,1,0,2,0,1,0,0,0,0
"POINT (7.256017499000052 51.493532717000051)",Unfall 56201 (2024) Kat:3, Licht: 0,56201,3,3,5,11,15,1,0,0,0,1,0,0,0,1
"POINT (7.192982547000042 51.470086879000064)",Unfall 56269 (2024) Kat:3, Licht: 0,56269,3,6,2,11,14,7,0,0,0,1,0,0,0,0
"POINT (7.305316860000062 51.491395056000044)",Unfall 56276 (2024) Kat:3, Licht: 0,56276,3,7,0,11,10,7,1,0,0,1,1,0,0,0
"POINT (7.144410293000021 51.426406678000035)",Unfall 56344 (2024) Kat:3, Licht: 0,56344,3,1,4,11,16,6,1,0,0,1,0,0,0,0
"POINT (7.169248141000025 51.479259948000049)",Unfall 56367 (2024) Kat:3, Licht: 2,56367,3,6,2,11,19,7,0,2,0,1,0,0,0,0
"POINT (7.150281271000040 51.479344138000044)",Unfall 56390 (2024) Kat:2, Licht: 0,56390,2,2,6,11,10,3,0,0,0,1,1,0,0,0
"POINT (7.191396229000077 51.492010325000081)",Unfall 56494 (2024) Kat:3, Licht: 2,56494,3,2,5,10,17,5,0,2,0,1,0,0,0,1
"POINT (7.115930480000031 51.471925275000046)",Unfall 56567 (2024) Kat:3, Licht: 2,56567,3,6,2,11,18,4,1,2,0,1,0,0,0,0
"POINT (7.235843113000044 51.475354442000082)",Unfall 56574 (2024) Kat:3, Licht: 0,56574,3,7,9,11,11,4,1,0,0,1,0,0,0,0
"POINT (7.193788816000051 51.443514754000034)",Unfall 56575 (2024) Kat:3, Licht: 0,56575,3,7,2,11,14,4,1,0,0,1,0,1,0,0
"POINT (7.147781899000051 51.483085107000079)",Unfall 56576 (2024) Kat:3, Licht: 2,56576,3,3,5,11,18,4,1,2,0,1,0,0,0,1
"POINT (7.247285067000064 51.471926931000041)",Unfall 56577 (2024) Kat:2, Licht: 2,56577,2,2,6,11,18,4,1,2,0,1,1,0,0,0
"POINT (7.212463196000044 51.502879332000077)",Unfall 56578 (2024) Kat:3, Licht: 0,56578,3,6,2,11,15,4,0,0,0,1,0,0,0,0
"POINT (7.228623029000062 51.477505792000045)",Unfall 56683 (2024) Kat:3, Licht: 0,56683,3,6,2,11,09,3,0,0,0,1,0,0,0,0
"POINT (7.294892064000067 51.466140871000050)",Unfall 56684 (2024) Kat:3, Licht: 2,56684,3,3,5,11,17,3,0,2,1,1,0,0,0,0
"POINT (7.153940753000029 51.464921401000026)",Unfall 56685 (2024) Kat:3, Licht: 0,56685,3,2,0,11,09,3,1,0,1,1,0,0,0,0
"POINT (7.212023296000041 51.498099873000058)",Unfall 56711 (2024) Kat:3, Licht: 2,56711,3,6,2,11,18,3,0,2,0,1,0,0,0,0
"POINT (7.206275930000061 51.457488907000027)",Unfall 56782 (2024) Kat:3, Licht: 2,56782,3,6,2,11,16,2,1,2,0,1,0,0,0,0
"POINT (7.288076053000054 51.462707172000080)",Unfall 56783 (2024) Kat:3, Licht: 2,56783,3,6,2,11,16,2,1,2,0,1,0,0,0,0
"POINT (7.160823339000046 51.477223149000054)",Unfall 56836 (2024) Kat:3, Licht: 2,56836,3,6,2,11,19,1,0,2,0,1,0,0,0,0
"POINT (7.231989781000038 51.476693944000033)",Unfall 56839 (2024) Kat:3, Licht: 1,56839,3,6,2,11,16,1,0,1,0,1,0,1,0,0
"POINT (7.256093465000049 51.493616058000043)",Unfall 56933 (2024) Kat:3, Licht: 2,56933,3,3,5,11,04,7,2,2,0,1,0,0,0,0
"POINT (7.270859857000062 51.515254845000072)",Unfall 56935 (2024) Kat:3, Licht: 2,56935,3,1,8,11,02,7,0,2,0,1,0,0,0,0
"POINT (7.131914402000064 51.469238347000044)",Unfall 57061 (2024) Kat:3, Licht: 2,57061,3,2,6,11,17,6,1,2,0,1,1,0,0,0
"POINT (7.215363001000071 51.476238684000066)",Unfall 57062 (2024) Kat:3, Licht: 2,57062,3,4,6,11,18,6,1,2,0,1,1,0,0,0
"POINT (7.159789871000044 51.476915824000059)",Unfall 57082 (2024) Kat:3, Licht: 2,57082,3,1,2,11,17,1,0,2,0,1,0,0,0,0
"POINT (7.310941276000051 51.492607844000077)",Unfall 57160 (2024) Kat:3, Licht: 2,57160,3,3,5,11,06,5,1,2,1,1,0,0,0,0
"POINT (7.126538756000059 51.478401727000062)",Unfall 57161 (2024) Kat:3, Licht: 0,57161,3,1,0,11,09,5,1,0,0,0,0,0,0,1
"POINT (7.237025378000055 51.459074881000049)",Unfall 57281 (2024) Kat:3, Licht: 0,57281,3,6,2,11,13,4,1,0,0,1,0,0,0,1
"POINT (7.259655310000028 51.503996802000074)",Unfall 57282 (2024) Kat:3, Licht: 0,57282,3,7,3,11,10,4,1,0,0,1,0,0,0,1
"POINT (7.191299929000024 51.442055258000039)",Unfall 57283 (2024) Kat:3, Licht: 0,57283,3,6,2,11,13,4,1,0,0,1,0,0,0,0
"POINT (7.245350373000065 51.492067778000035)",Unfall 57332 (2024) Kat:3, Licht: 0,57332,3,2,6,11,14,4,1,0,0,1,1,0,0,0
"POINT (7.260099679000064 51.463625910000076)",Unfall 57453 (2024) Kat:3, Licht: 0,57453,3,7,1,11,13,3,1,0,0,1,0,0,0,0
"POINT (7.151786863000041 51.447418146000075)",Unfall 57454 (2024) Kat:3, Licht: 0,57454,3,6,4,11,13,3,1,0,0,1,0,0,0,1
"POINT (7.191728699000066 51.470650039000077)",Unfall 57585 (2024) Kat:3, Licht: 2,57585,3,6,2,11,06,2,1,2,0,1,0,0,1,1
"POINT (7.197545577000028 51.458384392000028)",Unfall 57596 (2024) Kat:3, Licht: 0,57596,3,2,6,11,10,2,0,0,0,1,1,0,0,0
"POINT (7.256300376000070 51.512534573000039)",Unfall 57598 (2024) Kat:3, Licht: 2,57598,3,3,5,11,06,2,1,2,0,1,0,1,0,0
"POINT (7.129685064000057 51.473019047000037)",Unfall 57660 (2024) Kat:3, Licht: 0,57660,3,3,5,11,14,1,0,0,0,1,0,0,0,0
"POINT (7.212541640000040 51.505238144000032)",Unfall 57661 (2024) Kat:3, Licht: 2,57661,3,2,4,11,18,1,0,2,0,1,0,0,0,1
"POINT (7.138971787000060 51.474547902000040)",Unfall 57747 (2024) Kat:3, Licht: 0,57747,3,6,2,11,07,3,0,0,0,1,0,0,0,0
"POINT (7.228223417000038 51.499976310000079)",Unfall 57764 (2024) Kat:3, Licht: 0,57764,3,3,5,11,14,6,1,0,1,1,0,0,0,0
"POINT (7.245026359000065 51.507729840000081)",Unfall 57827 (2024) Kat:3, Licht: 2,57827,3,1,8,11,06,7,2,2,0,1,0,0,0,0
"POINT (7.324675720000073 51.472054293000042)",Unfall 57835 (2024) Kat:2, Licht: 2,57835,2,2,5,11,17,6,0,2,1,1,0,0,0,0
"POINT (7.140568695000070 51.459214422000059)",Unfall 57836 (2024) Kat:2, Licht: 2,57836,2,1,0,11,19,6,0,2,0,0,0,0,0,1
"POINT (7.141601437000077 51.481659368000066)",Unfall 57837 (2024) Kat:3, Licht: 1,57837,3,6,2,11,07,6,1,1,0,1,0,0,1,0
"POINT (7.231480981000061 51.486898163000035)",Unfall 57969 (2024) Kat:2, Licht: 0,57969,2,4,6,11,13,2,0,0,0,0,1,0,0,1
"POINT (7.242763109000066 51.466153326000040)",Unfall 57987 (2024) Kat:3, Licht: 0,57987,3,7,5,11,10,5,1,0,0,1,0,0,1,0
"POINT (7.127214075000040 51.487419030000069)",Unfall 57995 (2024) Kat:3, Licht: 1,57995,3,1,0,11,07,5,1,1,1,0,0,0,0,0
"POINT (7.320942520000074 51.464588821000063)",Unfall 57996 (2024) Kat:3, Licht: 0,57996,3,3,5,11,13,5,1,0,0,1,0,0,0,0
"POINT (7.165728664000028 51.486392127000045)",Unfall 58129 (2024) Kat:3, Licht: 2,58129,3,2,2,11,19,4,1,2,0,1,0,0,0,0
"POINT (7.224818634000030 51.475157775000071)",Unfall 58130 (2024) Kat:3, Licht: 2,58130,3,2,2,11,19,4,1,2,0,1,0,0,0,0
"POINT (7.227370295000071 51.478114574000074)",Unfall 58133 (2024) Kat:3, Licht: 2,58133,3,6,3,11,18,4,1,2,0,1,0,0,0,1
"POINT (7.210947577000070 51.510210775000076)",Unfall 58134 (2024) Kat:3, Licht: 1,58134,3,2,6,11,16,4,1,1,0,1,1,0,0,0
"POINT (7.221287002000054 51.488976643000058)",Unfall 58136 (2024) Kat:3, Licht: 2,58136,3,3,5,11,07,4,1,2,0,1,0,1,0,0
"POINT (7.287637421000056 51.496741043000043)",Unfall 58240 (2024) Kat:3, Licht: 2,58240,3,1,2,12,18,6,0,2,0,1,0,0,0,0
"POINT (7.229450180000072 51.485954045000028)",Unfall 58349 (2024) Kat:3, Licht: 2,58349,3,2,6,12,16,5,1,2,0,1,1,0,0,0
"POINT (7.253208448000066 51.448911217000045)",Unfall 58397 (2024) Kat:3, Licht: 0,58397,3,2,5,12,09,5,1,0,0,1,0,0,0,0
"POINT (7.225130154000055 51.511395526000058)",Unfall 58421 (2024) Kat:3, Licht: 2,58421,3,6,2,12,18,4,0,2,0,1,0,0,0,0
"POINT (7.211187788000075 51.513943526000048)",Unfall 58489 (2024) Kat:3, Licht: 2,58489,3,1,9,12,01,3,0,2,0,1,0,0,0,0
"POINT (7.216118477000066 51.514218258000028)",Unfall 58591 (2024) Kat:3, Licht: 0,58591,3,6,2,12,08,2,1,0,0,1,0,0,0,0
"POINT (7.151796893000039 51.463929588000042)",Unfall 58596 (2024) Kat:3, Licht: 2,58596,3,2,6,12,07,2,1,2,0,1,1,0,0,0
"POINT (7.256376703000058 51.493608868000081)",Unfall 58597 (2024) Kat:3, Licht: 2,58597,3,2,5,12,22,2,1,2,0,1,0,0,0,0
"POINT (7.324820827000053 51.483918809000045)",Unfall 58641 (2024) Kat:3, Licht: 2,58641,3,3,5,12,01,1,1,2,0,1,0,0,0,1
"POINT (7.149823328000025 51.479486031000079)",Unfall 58642 (2024) Kat:3, Licht: 2,58642,3,2,6,12,17,1,0,2,0,1,1,0,0,0
"POINT (7.208596358000023 51.456648317000031)",Unfall 58711 (2024) Kat:2, Licht: 2,58711,2,1,8,12,01,7,0,2,0,1,0,0,0,0
"POINT (7.215960217000031 51.478651640000066)",Unfall 58716 (2024) Kat:3, Licht: 2,58716,3,2,6,12,22,7,1,2,0,1,1,0,0,0
"POINT (7.182568441000058 51.460355345000039)",Unfall 58756 (2024) Kat:2, Licht: 2,58756,2,7,0,12,07,7,0,2,1,0,1,0,0,0
"POINT (7.163201734000040 51.422699477000037)",Unfall 58911 (2024) Kat:3, Licht: 2,58911,3,2,6,12,17,5,0,2,0,1,1,0,0,0
"POINT (7.232346925000058 51.476600502000053)",Unfall 58912 (2024) Kat:3, Licht: 0,58912,3,3,5,12,10,5,0,0,0,1,0,0,0,1
"POINT (7.122085430000027 51.473548277000077)",Unfall 58986 (2024) Kat:3, Licht: 2,58986,3,6,2,12,17,4,0,2,0,1,0,0,0,0
"POINT (7.217346901000042 51.453958748000048)",Unfall 58988 (2024) Kat:3, Licht: 0,58988,3,6,3,12,09,4,0,0,0,1,0,0,0,0
"POINT (7.223836602000063 51.511669337000058)",Unfall 59077 (2024) Kat:3, Licht: 2,59077,3,6,2,12,18,3,0,2,0,1,0,0,0,0
"POINT (7.212182803000076 51.454989398000066)",Unfall 59078 (2024) Kat:3, Licht: 2,59078,3,6,2,12,07,3,0,2,0,1,0,0,0,0
"POINT (7.211498912000025 51.440437198000041)",Unfall 59083 (2024) Kat:3, Licht: 1,59083,3,4,6,12,17,3,0,1,1,0,1,0,0,0