WKT,Name,OBJECTID,UKATEGORIE,UTYP1,UART,UMONAT,USTUNDE,UWOCHENTAG,STRZUSTAND,ULICHTVERH,ISTRAD,ISTPKW,ISTFUSS,ISTKRAD,ISTGKFZ,ISTSONSTIG
"POINT (7.219907122000052 51.512497917000076)",Unfall 59175 (2024) Kat:3, Licht: 2,59175,3,6,2,12,06,2,1,2,0,1,0,0,0,1
"POINT (7.125208838000049 51.473573161000047)",Unfall 59176 (2024) Kat:3, Licht: 2,59176,3,6,4,12,05,2,1,2,0,1,0,0,0,0
"POINT (7.167884939000032 51.479277672000080)",Unfall 59177 (2024) Kat:3, Licht: 2,59177,3,1,9,12,04,2,0,2,0,1,0,0,1,0
"POINT (7.228099517000032 51.462708612000029)",Unfall 59184 (2024) Kat:3, Licht: 2,59184,3,4,6,12,13,2,1,2,0,1,1,0,0,0
"POINT (7.262110519000032 51.495144328000038)",Unfall 59185 (2024) Kat:3, Licht: 1,59185,3,2,5,12,07,2,1,1,0,1,0,0,0,0
"POINT (7.208743893000076 51.480486979000034)",Unfall 59186 (2024) Kat:3, Licht: 2,59186,3,3,5,12,18,2,0,2,0,1,0,0,0,0
"POINT (7.214459942000076 51.499580916000070)",Unfall 59453 (2024) Kat:3, Licht: 2,59453,3,1,9,12,05,6,1,2,0,1,0,0,0,0
"POINT (7.188981126000044 51.496113259000026)",Unfall 59454 (2024) Kat:3, Licht: 2,59454,3,4,6,12,04,6,1,2,0,1,1,0,0,0
"POINT (7.236328967000077 51.459903152000038)",Unfall 59491 (2024) Kat:3, Licht: 0,59491,3,3,5,12,09,6,1,0,0,1,0,0,0,0
"POINT (7.222828159000073 51.511748110000042)",Unfall 59574 (2024) Kat:3, Licht: 2,59574,3,6,2,12,17,5,1,2,0,1,0,0,0,0
"POINT (7.217692948000035 51.513439922000032)",Unfall 59577 (2024) Kat:3, Licht: 1,59577,3,7,2,12,07,5,0,1,0,1,0,0,0,0
"POINT (7.190090822000059 51.509276984000053)",Unfall 59837 (2024) Kat:3, Licht: 2,59837,3,2,2,12,07,3,1,2,0,1,0,0,1,0
"POINT (7.134958868000069 51.486204120000082)",Unfall 59839 (2024) Kat:3, Licht: 0,59839,3,4,6,12,13,3,0,0,0,1,1,0,0,0
"POINT (7.211652026000024 51.483054822000042)",Unfall 59840 (2024) Kat:3, Licht: 0,59840,3,4,6,12,12,3,1,0,0,1,1,0,0,0
"POINT (7.194005471000025 51.501954238000053)",Unfall 59843 (2024) Kat:3, Licht: 0,59843,3,3,5,12,14,3,0,0,0,1,0,0,0,0
"POINT (7.295452135000062 51.488377848000027)",Unfall 59912 (2024) Kat:3, Licht: 2,59912,3,6,2,12,07,4,1,2,0,1,0,0,0,0
"POINT (7.164794777000054 51.445316571000035)",Unfall 59993 (2024) Kat:3, Licht: 0,59993,3,6,2,12,11,2,1,0,0,1,0,0,0,0
"POINT (7.194587850000062 51.487176611000052)",Unfall 59994 (2024) Kat:3, Licht: 0,59994,3,1,5,12,11,2,1,0,0,1,0,0,0,1
"POINT (7.179937384000027 51.483076791000030)",Unfall 60055 (2024) Kat:2, Licht: 2,60055,2,1,9,12,19,1,0,2,0,1,0,0,0,0
"POINT (7.111969558000055 51.481236225000032)",Unfall 60124 (2024) Kat:3, Licht: 2,60124,3,3,5,12,16,4,0,2,0,1,0,0,0,1
"POINT (7.246894663000035 51.506767906000050)",Unfall 60166 (2024) Kat:3, Licht: 2,60166,3,6,2,11,23,7,0,2,0,1,0,0,0,0
"POINT (7.162579071000039 51.477789601000040)",Unfall 60167 (2024) Kat:3, Licht: 2,60167,3,1,2,11,16,7,0,2,0,1,0,0,0,0
"POINT (7.218606471000044 51.467527088000054)",Unfall 60175 (2024) Kat:3, Licht: 2,60175,3,2,5,11,01,7,0,2,0,1,0,0,0,0
"POINT (7.199813821000021 51.460201671000050)",Unfall 60176 (2024) Kat:2, Licht: 2,60176,2,4,6,11,17,7,0,2,0,1,1,0,0,0
"POINT (7.222010673000057 51.492483689000039)",Unfall 60177 (2024) Kat:3, Licht: 2,60177,3,3,5,11,19,7,0,2,0,1,0,0,0,0
"POINT (7.248186041000054 51.466326557000059)",Unfall 60343 (2024) Kat:3, Licht: 2,60343,3,7,5,11,05,6,1,2,1,1,0,0,0,0
"POINT (7.125600683000073 51.488815670000065)",Unfall 60344 (2024) Kat:3, Licht: 2,60344,3,1,0,11,04,6,0,2,1,0,0,0,0,0
"POINT (7.161117706000027 51.444484563000060)",Unfall 60376 (2024) Kat:3, Licht: 0,60376,3,4,6,12,15,3,0,0,0,1,1,0,0,0
"POINT (7.127199385000040 51.474163781000073)",Unfall 60446 (2024) Kat:3, Licht: 0,60446,3,1,2,12,08,3,0,0,0,0,0,0,1,0
"POINT (7.312288166000030 51.496044579000056)",Unfall 60469 (2024) Kat:3, Licht: 2,60469,3,1,0,11,22,5,0,2,0,1,0,0,0,0
"POINT (7.172184554000069 51.479648816000065)",Unfall 60471 (2024) Kat:3, Licht: 2,60471,3,6,2,11,21,5,0,2,0,1,0,0,0,0
"POINT (7.288094179000041 51.462395661000073)",Unfall 60472 (2024) Kat:3, Licht: 2,60472,3,6,2,11,16,5,0,2,0,1,0,0,0,0
"POINT (7.167591211000058 51.447046103000048)",Unfall 60481 (2024) Kat:3, Licht: 2,60481,3,5,3,11,06,5,0,2,0,1,0,1,0,0
"POINT (7.284704112000043 51.524383495000052)",Unfall 60482 (2024) Kat:3, Licht: 2,60482,3,4,6,11,18,5,0,2,0,1,1,0,0,0
"POINT (7.165371468000046 51.486255063000044)",Unfall 60486 (2024) Kat:3, Licht: 2,60486,3,3,5,11,17,5,1,2,1,1,0,0,0,0
"POINT (7.154124296000020 51.462234361000071)",Unfall 60487 (2024) Kat:3, Licht: 2,60487,3,4,6,11,20,5,0,2,0,1,1,0,0,0
"POINT (7.167211363000035 51.444078996000030)",Unfall 60488 (2024) Kat:3, Licht: 0,60488,3,6,2,11,09,5,0,0,0,1,0,0,0,0
"POINT (7.272764755000026 51.475149879000071)",Unfall 61258 (2024) Kat:3, Licht: 2,61258,3,7,5,12,22,5,0,2,0,1,0,0,0,0
"POINT (7.158440076000034 51.503689079000026)",Unfall 61260 (2024) Kat:2, Licht: 2,61260,2,5,0,12,01,5,1,2,0,1,0,0,0,1
"POINT (7.144725644000061 51.474627301000055)",Unfall 61459 (2024) Kat:3, Licht: 0,61459,3,6,0,12,08,2,1,0,0,1,0,0,0,1
"POINT (7.191985158000023 51.480327498000065)",Unfall 61463 (2024) Kat:3, Licht: 2,61463,3,6,2,12,03,2,1,2,0,1,0,0,0,0
"POINT (7.221835837000071 51.478377460000047)",Unfall 61530 (2024) Kat:3, Licht: 2,61530,3,5,0,12,17,1,1,2,1,1,0,0,0,1
"POINT (7.204761210000072 51.479564281000080)",Unfall 61531 (2024) Kat:3, Licht: 2,61531,3,7,3,12,07,1,1,2,0,1,0,0,0,0
"POINT (7.221870078000052 51.483508187000041)",Unfall 61633 (2024) Kat:2, Licht: 2,61633,2,3,5,12,18,7,1,2,0,1,0,0,0,1
"POINT (7.214226702000076 51.472078744000044)",Unfall 61693 (2024) Kat:3, Licht: 2,61693,3,6,2,12,16,2,1,2,1,1,0,0,0,0
"POINT (7.276838103000046 51.474393201000055)",Unfall 169272 (2024) Kat:3, Licht: 0,169272,3,6,2,01,15,4,2,0,0,1,0,0,0,1
"POINT (7.335731468000063 51.457667088000051)",Unfall 169370 (2024) Kat:3, Licht: 0,169370,3,6,2,01,11,1,1,0,0,1,0,0,0,0
"POINT (7.143805663000023 51.469132208000076)",Unfall 169393 (2024) Kat:3, Licht: 0,169393,3,6,3,01,15,7,1,0,0,1,0,0,0,0
"POINT (7.247306902000048 51.468983835000074)",Unfall 169423 (2024) Kat:3, Licht: 1,169423,3,3,5,01,08,7,1,1,1,1,0,0,0,0
"POINT (7.147571076000077 51.454542557000082)",Unfall 169474 (2024) Kat:3, Licht: 2,169474,3,2,5,01,17,6,1,2,0,1,0,0,0,0
"POINT (7.279775331000053 51.494316974000071)",Unfall 169475 (2024) Kat:3, Licht: 2,169475,3,2,3,01,16,6,1,2,0,1,0,0,0,0
"POINT (7.245750138000062 51.474820094000052)",Unfall 169545 (2024) Kat:3, Licht: 1,169545,3,3,5,01,07,5,0,1,0,1,0,0,0,0
"POINT (7.137402429000076 51.478619661000039)",Unfall 169578 (2024) Kat:3, Licht: 2,169578,3,4,6,01,07,4,0,2,0,1,1,0,0,0
"POINT (7.220861544000059 51.470890395000026)",Unfall 169619 (2024) Kat:3, Licht: 2,169619,3,5,1,01,16,3,0,2,1,1,0,0,0,0
"POINT (7.262853494000069 51.452307064000081)",Unfall 169620 (2024) Kat:3, Licht: 0,169620,3,5,1,01,11,3,0,0,0,1,0,0,0,1
"POINT (7.332982290000075 51.457284776000051)",Unfall 169679 (2024) Kat:3, Licht: 1,169679,3,6,0,01,17,1,0,1,0,1,0,0,0,0
"POINT (7.244701232000068 51.454473726000060)",Unfall 169681 (2024) Kat:3, Licht: 2,169681,3,1,0,01,06,1,1,2,0,0,0,0,0,1
"POINT (7.267048595000063 51.456019410000067)",Unfall 169882 (2024) Kat:3, Licht: 0,169882,3,3,5,01,13,3,1,0,0,1,0,0,0,0
"POINT (7.176679748000026 51.494642860000056)",Unfall 169883 (2024) Kat:3, Licht: 2,169883,3,1,0,01,00,3,1,2,1,0,0,0,0,0
"POINT (7.214808333000065 51.471024128000067)",Unfall 170290 (2024) Kat:3, Licht: 0,170290,3,3,5,02,11,2,1,0,0,1,0,0,0,0
"POINT (7.214296889000025 51.486952726000027)",Unfall 170351 (2024) Kat:3, Licht: 0,170351,3,3,5,02,15,7,0,0,1,1,0,0,0,0
"POINT (7.307399738000072 51.486749956000040)",Unfall 170459 (2024) Kat:3, Licht: 0,170459,3,4,6,02,07,5,0,0,0,1,1,0,0,0
"POINT (7.214722542000061 51.485410708000074)",Unfall 170502 (2024) Kat:3, Licht: 0,170502,3,5,1,02,15,4,0,0,1,1,0,0,0,0
"POINT (7.138305460000026 51.478278672000044)",Unfall 170547 (2024) Kat:3, Licht: 1,170547,3,6,2,02,07,3,0,1,0,1,0,0,0,0
"POINT (7.174930579000034 51.457459141000072)",Unfall 170648 (2024) Kat:3, Licht: 2,170648,3,7,6,02,19,7,0,2,0,0,1,0,0,1
"POINT (7.252016924000031 51.493898474000048)",Unfall 170649 (2024) Kat:3, Licht: 2,170649,3,6,2,02,18,7,1,2,0,1,0,0,0,0
"POINT (7.217696005000050 51.483728593000080)",Unfall 170700 (2024) Kat:3, Licht: 2,170700,3,7,6,02,20,6,0,2,0,1,1,0,0,0
"POINT (7.273884894000048 51.464063497000041)",Unfall 170763 (2024) Kat:3, Licht: 0,170763,3,3,5,02,16,5,0,0,0,1,0,0,0,0
"POINT (7.309949492000044 51.490727061000030)",Unfall 170857 (2024) Kat:2, Licht: 1,170857,2,4,6,01,17,3,0,1,0,1,1,0,0,0
"POINT (7.141059705000032 51.473927624000055)",Unfall 170898 (2024) Kat:3, Licht: 0,170898,3,4,6,01,09,2,0,0,0,1,1,0,0,0
"POINT (7.214135512000041 51.481712758000072)",Unfall 170899 (2024) Kat:3, Licht: 0,170899,3,7,0,01,16,2,0,0,0,1,0,0,0,1
"POINT (7.270837366000023 51.459166280000034)",Unfall 171050 (2024) Kat:3, Licht: 2,171050,3,6,0,01,20,6,0,2,0,1,0,0,0,0
"POINT (7.193230503000052 51.491649757000062)",Unfall 171051 (2024) Kat:3, Licht: 0,171051,3,4,6,01,06,6,1,0,0,0,1,0,0,1
"POINT (7.316991253000026 51.470507036000072)",Unfall 171158 (2024) Kat:3, Licht: 0,171158,3,6,4,01,16,4,0,0,1,1,0,0,0,0
"POINT (7.258469506000040 51.465875620000077)",Unfall 171234 (2024) Kat:3, Licht: 0,171234,3,3,5,01,09,3,0,0,0,0,0,0,1,1
"POINT (7.301690655000073 51.462715180000032)",Unfall 171302 (2024) Kat:2, Licht: 2,171302,2,3,5,01,07,2,1,2,0,1,0,1,0,0
"POINT (7.288144591000048 51.502790365000067)",Unfall 171350 (2024) Kat:3, Licht: 2,171350,3,6,1,03,21,2,0,2,0,1,0,0,0,0
"POINT (7.213719338000033 51.473242150000033)",Unfall 171431 (2024) Kat:3, Licht: 2,171431,3,1,0,03,04,7,0,2,0,1,0,0,0,0
"POINT (7.232665157000042 51.464555947000065)",Unfall 171487 (2024) Kat:3, Licht: 0,171487,3,6,2,03,14,6,0,0,0,1,0,0,0,0
"POINT (7.230904647000045 51.474269483000057)",Unfall 171488 (2024) Kat:3, Licht: 0,171488,3,2,5,03,07,6,0,0,1,1,0,0,0,0
"POINT (7.141080043000045 51.473837323000055)",Unfall 171489 (2024) Kat:3, Licht: 0,171489,3,2,5,03,11,6,0,0,0,1,0,0,0,1
"POINT (7.260647356000050 51.455252090000045)",Unfall 171581 (2024) Kat:3, Licht: 2,171581,3,7,0,02,18,4,0,2,0,0,1,0,0,1
"POINT (7.301426612000057 51.462740475000032)",Unfall 171636 (2024) Kat:3, Licht: 0,171636,3,1,0,02,11,3,0,0,0,1,0,0,0,0
"POINT (7.301256938000051 51.483591016000048)",Unfall 171686 (2024) Kat:3, Licht: 0,171686,3,4,6,02,07,2,0,0,0,1,1,0,0,0
"POINT (7.263030107000077 51.494071531000031)",Unfall 171701 (2024) Kat:1, Licht: 0,171701,1,2,5,02,15,1,1,0,0,1,0,1,0,0
"POINT (7.231560084000023 51.473992740000028)",Unfall 171840 (2024) Kat:3, Licht: 0,171840,3,3,5,02,09,5,1,0,1,1,0,0,0,0
"POINT (7.307863095000073 51.460643725000068)",Unfall 171933 (2024) Kat:3, Licht: 2,171933,3,6,3,02,23,3,1,2,0,1,0,1,0,0
"POINT (7.219186767000053 51.460853109000027)",Unfall 171934 (2024) Kat:3, Licht: 0,171934,3,3,5,02,15,3,0,0,0,1,0,1,0,0
"POINT (7.221318444000076 51.485762741000030)",Unfall 171935 (2024) Kat:3, Licht: 0,171935,3,1,0,02,08,3,0,0,1,0,0,0,0,0
"POINT (7.147395422000045 51.455825431000051)",Unfall 171989 (2024) Kat:2, Licht: 2,171989,2,1,0,02,22,2,1,2,0,0,0,0,0,1
"POINT (7.317644740000048 51.471898333000070)",Unfall 172007 (2024) Kat:3, Licht: 0,172007,3,5,1,02,13,1,1,0,1,1,0,0,0,1
"POINT (7.215584055000022 51.483545459000027)",Unfall 172047 (2024) Kat:3, Licht: 0,172047,3,1,0,02,14,7,1,0,1,0,0,0,0,0
"POINT (7.213021167000022 51.465206404000071)",Unfall 172159 (2024) Kat:3, Licht: 0,172159,3,4,6,02,07,5,1,0,0,1,1,0,0,0
"POINT (7.214440004000039 51.511965124000028)",Unfall 172160 (2024) Kat:3, Licht: 0,172160,3,1,0,02,10,5,1,0,1,0,0,0,0,0
"POINT (7.198972894000065 51.491809278000062)",Unfall 172287 (2024) Kat:2, Licht: 0,172287,2,3,5,02,07,3,0,0,0,1,0,0,0,0
"POINT (7.307499495000059 51.462884896000048)",Unfall 172335 (2024) Kat:3, Licht: 2,172335,3,1,8,03,17,1,1,2,0,1,0,0,0,0
"POINT (7.242640712000025 51.457129721000058)",Unfall 172472 (2024) Kat:3, Licht: 0,172472,3,7,0,03,18,5,0,0,1,1,0,0,0,0
"POINT (7.215821617000074 51.481878510000058)",Unfall 172545 (2024) Kat:3, Licht: 0,172545,3,7,0,03,13,4,0,0,0,0,0,0,0,1
"POINT (7.309432813000058 51.460613629000079)",Unfall 172680 (2024) Kat:3, Licht: 2,172680,3,1,8,03,03,1,0,2,0,1,0,0,0,0
"POINT (7.253849036000076 51.469320347000064)",Unfall 172782 (2024) Kat:3, Licht: 2,172782,3,1,0,03,20,6,1,2,1,0,0,0,0,0
"POINT (7.275853583000071 51.466826025000046)",Unfall 172783 (2024) Kat:3, Licht: 0,172783,3,1,0,03,07,6,1,0,1,0,0,0,0,0
"POINT (7.148776950000070 51.474487375000081)",Unfall 172928 (2024) Kat:3, Licht: 1,172928,3,6,2,03,17,3,1,1,0,1,0,0,0,0
"POINT (7.286711367000066 51.483034892000035)",Unfall 172967 (2024) Kat:3, Licht: 1,172967,3,2,5,03,06,4,1,1,1,1,0,0,0,0
"POINT (7.315373655000030 51.459105915000066)",Unfall 173024 (2024) Kat:3, Licht: 0,173024,3,6,3,03,11,1,0,0,0,1,0,0,0,0
"POINT (7.215015843000060 51.486258845000066)",Unfall 173068 (2024) Kat:3, Licht: 0,173068,3,5,1,03,10,7,0,0,0,1,0,0,0,0
"POINT (7.249457850000056 51.474943746000065)",Unfall 173130 (2024) Kat:3, Licht: 0,173130,3,2,6,03,14,6,0,0,0,1,1,0,0,0
"POINT (7.292687403000059 51.461305345000028)",Unfall 173181 (2024) Kat:3, Licht: 0,173181,3,6,2,03,14,5,0,0,0,1,0,0,0,0
"POINT (7.219473077000032 51.437856489000069)",Unfall 173184 (2024) Kat:3, Licht: 0,173184,3,1,0,03,13,5,0,0,1,0,0,0,0,0
"POINT (7.300899249000054 51.476405464000038)",Unfall 173472 (2024) Kat:3, Licht: 0,173472,3,4,6,04,12,7,0,0,0,1,1,0,0,0
"POINT (7.249494038000023 51.485019966000038)",Unfall 173473 (2024) Kat:3, Licht: 0,173473,3,5,1,04,13,7,0,0,1,1,0,0,0,0
"POINT (7.226862601000050 51.451821152000036)",Unfall 173534 (2024) Kat:3, Licht: 0,173534,3,6,2,04,15,6,0,0,0,1,0,0,0,0
"POINT (7.218307992000064 51.462056845000063)",Unfall 173648 (2024) Kat:3, Licht: 0,173648,3,1,0,04,16,4,0,0,1,0,0,0,0,0
"POINT (7.219177218000027 51.488751001000026)",Unfall 173705 (2024) Kat:3, Licht: 2,173705,3,4,6,04,21,3,0,2,0,1,1,0,0,0
"POINT (7.214781853000034 51.508764469000027)",Unfall 173796 (2024) Kat:3, Licht: 0,173796,3,6,2,04,14,2,0,0,0,1,0,0,0,0
"POINT (7.221137222000038 51.485063910000065)",Unfall 173967 (2024) Kat:3, Licht: 0,173967,3,1,0,04,16,6,1,0,0,0,0,1,0,0
"POINT (7.139991937000048 51.475245158000064)",Unfall 174015 (2024) Kat:3, Licht: 0,174015,3,2,5,04,17,5,1,0,0,1,0,0,0,0
"POINT (7.264068018000046 51.494275123000079)",Unfall 174055 (2024) Kat:3, Licht: 0,174055,3,7,0,04,14,4,1,0,0,0,0,0,0,1
"POINT (7.139975589000073 51.473884419000058)",Unfall 174110 (2024) Kat:3, Licht: 0,174110,3,6,6,04,16,3,1,0,0,1,1,0,0,0
"POINT (7.206992670000034 51.440369913000040)",Unfall 174201 (2024) Kat:3, Licht: 2,174201,3,1,0,03,03,7,1,2,0,0,0,0,0,1
"POINT (7.268983188000050 51.461191170000063)",Unfall 174298 (2024) Kat:2, Licht: 0,174298,2,1,0,03,05,4,0,0,0,0,0,1,0,0
"POINT (7.138638696000044 51.479324672000075)",Unfall 174299 (2024) Kat:3, Licht: 0,174299,3,2,5,03,09,4,0,0,0,1,0,0,0,1
"POINT (7.343068020000032 51.478598058000046)",Unfall 174315 (2024) Kat:1, Licht: 0,174315,1,3,5,04,16,7,0,0,1,0,0,0,0,0
"POINT (7.252616750000072 51.471131046000039)",Unfall 174358 (2024) Kat:3, Licht: 0,174358,3,4,6,03,17,3,0,0,1,0,1,0,0,0
"POINT (7.148479607000070 51.498787713000070)",Unfall 174359 (2024) Kat:3, Licht: 0,174359,3,3,5,03,13,3,0,0,1,1,0,0,0,0
"POINT (7.276818148000075 51.473153247000027)",Unfall 174506 (2024) Kat:3, Licht: 2,174506,3,5,8,05,21,4,0,2,0,1,0,0,0,0
"POINT (7.139732271000071 51.480136304000041)",Unfall 174592 (2024) Kat:3, Licht: 0,174592,3,7,5,04,17,3,0,0,0,1,0,1,0,0
"POINT (7.172105679000026 51.430019127000037)",Unfall 174803 (2024) Kat:3, Licht: 0,174803,3,5,1,04,13,6,0,0,0,1,0,0,0,0
"POINT (7.208579614000030 51.479635625000071)",Unfall 174944 (2024) Kat:3, Licht: 0,174944,3,6,2,04,18,4,0,0,1,1,0,0,0,0
"POINT (7.154554934000032 51.417822670000078)",Unfall 175007 (2024) Kat:3, Licht: 0,175007,3,3,5,04,15,3,0,0,1,1,0,0,0,0
"POINT (7.153894951000041 51.468030841000029)",Unfall 175052 (2024) Kat:2, Licht: 0,175052,2,5,1,04,09,2,0,0,0,1,0,1,0,0
"POINT (7.147609347000071 51.478787508000039)",Unfall 175053 (2024) Kat:3, Licht: 0,175053,3,4,6,04,08,2,0,0,0,1,1,0,0,0
"POINT (7.189082663000022 51.477008910000052)",Unfall 175054 (2024) Kat:3, Licht: 0,175054,3,3,5,04,06,2,0,0,0,1,0,0,0,1
"POINT (7.275934672000062 51.466866302000028)",Unfall 175072 (2024) Kat:3, Licht: 0,175072,3,3,5,04,14,1,0,0,0,1,0,0,0,0
"POINT (7.178628011000058 51.501491739000073)",Unfall 175115 (2024) Kat:3, Licht: 0,175115,3,6,2,04,13,7,1,0,1,0,0,0,0,1
"POINT (7.214204736000056 51.477852140000039)",Unfall 175116 (2024) Kat:3, Licht: 2,175116,3,3,5,04,00,7,1,2,0,1,0,1,0,0
"POINT (7.288263434000044 51.475951811000073)",Unfall 175294 (2024) Kat:3, Licht: 0,175294,3,7,5,04,12,4,1,0,0,1,0,0,0,0
"POINT (7.205279371000074 51.464480202000061)",Unfall 175353 (2024) Kat:3, Licht: 0,175353,3,3,5,04,13,3,1,0,0,1,0,0,0,0
"POINT (7.330057274000069 51.475041235000049)",Unfall 175496 (2024) Kat:3, Licht: 2,175496,3,1,8,05,23,5,1,2,0,1,0,0,0,0
"POINT (7.147440435000021 51.472434161000081)",Unfall 175497 (2024) Kat:3, Licht: 0,175497,3,1,0,05,13,5,0,0,0,0,0,1,0,0
"POINT (7.206890357000020 51.500750291000031)",Unfall 175498 (2024) Kat:3, Licht: 0,175498,3,3,5,05,17,5,0,0,1,1,0,0,0,0
"POINT (7.335742050000022 51.476687888000072)",Unfall 175587 (2024) Kat:3, Licht: 0,175587,3,6,2,05,15,4,0,0,0,0,0,1,0,1
"POINT (7.267115400000023 51.453830060000030)",Unfall 175908 (2024) Kat:3, Licht: 0,175908,3,3,5,05,08,6,0,0,1,1,0,0,0,0
"POINT (7.223629067000047 51.418796959000076)",Unfall 175909 (2024) Kat:3, Licht: 0,175909,3,3,5,05,18,6,0,0,1,0,0,0,0,0
"POINT (7.229326053000023 51.468872185000066)",Unfall 176053 (2024) Kat:2, Licht: 0,176053,2,1,0,05,12,4,0,0,1,0,0,0,0,0
"POINT (7.182629002000056 51.498225872000035)",Unfall 176054 (2024) Kat:3, Licht: 0,176054,3,7,1,05,09,4,0,0,0,1,0,0,0,0
"POINT (7.297427011000025 51.471675934000075)",Unfall 176135 (2024) Kat:3, Licht: 0,176135,3,5,1,05,10,3,0,0,0,1,0,0,0,1
"POINT (7.153227814000047 51.470459827000070)",Unfall 176206 (2024) Kat:3, Licht: 0,176206,3,3,5,05,14,2,0,0,1,1,0,0,0,0
"POINT (7.270841429000029 51.449365853000074)",Unfall 176368 (2024) Kat:3, Licht: 0,176368,3,3,5,05,07,6,1,0,0,1,0,0,0,0
"POINT (7.154186260000074 51.481344898000032)",Unfall 176369 (2024) Kat:3, Licht: 0,176369,3,2,4,05,07,6,1,0,1,1,0,0,0,0
"POINT (7.139019089000044 51.481724381000049)",Unfall 176551 (2024) Kat:3, Licht: 0,176551,3,1,8,05,13,6,0,0,0,1,0,0,0,0
"POINT (7.191422402000057 51.507934657000078)",Unfall 176552 (2024) Kat:3, Licht: 0,176552,3,3,1,05,15,6,0,0,0,1,0,1,0,0
"POINT (7.213730589000022 51.469600742000068)",Unfall 176663 (2024) Kat:3, Licht: 0,176663,3,3,5,05,16,4,0,0,1,1,0,0,0,0
"POINT (7.206422396000050 51.475633308000056)",Unfall 176664 (2024) Kat:3, Licht: 0,176664,3,7,5,05,11,4,0,0,0,1,0,0,0,1
"POINT (7.154914352000048 51.419893228000035)",Unfall 176755 (2024) Kat:2, Licht: 0,176755,2,1,0,05,18,3,1,0,1,0,0,0,0,0
"POINT (7.214329056000054 51.443863317000080)",Unfall 176756 (2024) Kat:3, Licht: 0,176756,3,3,5,05,13,3,0,0,1,0,0,0,0,0
"POINT (7.237651043000028 51.473685348000060)",Unfall 176825 (2024) Kat:3, Licht: 1,176825,3,7,6,05,19,2,1,1,0,1,1,0,0,0
"POINT (7.224267170000076 51.504620679000027)",Unfall 176826 (2024) Kat:3, Licht: 0,176826,3,6,4,05,12,2,0,0,0,1,0,0,0,0
"POINT (7.271759744000065 51.448405564000041)",Unfall 176943 (2024) Kat:3, Licht: 0,176943,3,7,0,05,12,7,0,0,0,1,0,0,0,0
"POINT (7.333650425000030 51.476130383000054)",Unfall 176998 (2024) Kat:3, Licht: 0,176998,3,1,0,06,13,7,0,0,1,0,0,0,0,0
"POINT (7.150581440000053 51.456109870000034)",Unfall 177028 (2024) Kat:3, Licht: 0,177028,3,4,6,05,10,6,0,0,0,1,1,0,0,0
"POINT (7.228941882000072 51.474055422000049)",Unfall 177186 (2024) Kat:3, Licht: 2,177186,3,6,2,05,17,4,0,2,0,1,0,0,0,0
"POINT (7.262193242000023 51.435129526000026)",Unfall 177258 (2024) Kat:3, Licht: 0,177258,3,6,4,05,17,3,0,0,0,1,0,0,0,0
"POINT (7.211143136000032 51.466426310000031)",Unfall 177259 (2024) Kat:3, Licht: 0,177259,3,3,5,05,11,3,0,0,0,1,0,0,0,0
"POINT (7.338611250000042 51.457942608000053)",Unfall 177396 (2024) Kat:3, Licht: 0,177396,3,6,2,05,16,4,1,0,0,1,0,0,0,0
"POINT (7.141493003000051 51.454230879000079)",Unfall 177558 (2024) Kat:3, Licht: 0,177558,3,1,0,06,18,7,0,0,1,0,0,0,0,0
"POINT (7.212553300000025 51.470952617000080)",Unfall 177619 (2024) Kat:3, Licht: 0,177619,3,2,5,06,14,6,0,0,1,1,0,0,0,0
"POINT (7.277935114000059 51.508439634000069)",Unfall 177620 (2024) Kat:3, Licht: 0,177620,3,3,0,06,11,6,0,0,0,0,1,0,0,1
"POINT (7.271117103000051 51.456927726000060)",Unfall 177696 (2024) Kat:3, Licht: 0,177696,3,4,6,06,14,5,0,0,0,1,1,0,0,0
"POINT (7.295020153000053 51.480203611000036)",Unfall 177748 (2024) Kat:2, Licht: 0,177748,2,1,4,06,17,4,0,0,0,1,0,1,0,0
"POINT (7.200452220000045 51.489522088000058)",Unfall 177749 (2024) Kat:3, Licht: 0,177749,3,3,5,06,17,4,0,0,0,1,0,0,0,0
"POINT (7.212842067000054 51.468075762000069)",Unfall 177826 (2024) Kat:3, Licht: 1,177826,3,6,4,06,20,3,0,1,0,1,0,0,0,0
"POINT (7.272782421000045 51.448553269000058)",Unfall 178042 (2024) Kat:3, Licht: 0,178042,3,7,6,06,08,7,0,0,0,1,1,0,0,0
"POINT (7.265848995000056 51.488029789000052)",Unfall 178133 (2024) Kat:3, Licht: 0,178133,3,6,0,06,08,6,0,0,0,1,0,1,0,0
"POINT (7.219903713000065 51.495862637000073)",Unfall 178249 (2024) Kat:3, Licht: 0,178249,3,4,6,06,18,5,0,0,0,1,1,0,0,0