WKT,Name,OBJECTID,UKATEGORIE,UTYP1,UART,UMONAT,USTUNDE,UWOCHENTAG,STRZUSTAND,ULICHTVERH,ISTRAD,ISTPKW,ISTFUSS,ISTKRAD,ISTGKFZ,ISTSONSTIG
"POINT (7.140986763000058 51.474093156000038)",Unfall 178321 (2024) Kat:3, Licht: 0,178321,3,3,5,06,06,4,1,0,0,1,0,0,0,0
"POINT (7.220456019000039 51.480674858000043)",Unfall 178322 (2024) Kat:3, Licht: 0,178322,3,4,6,06,16,4,0,0,0,0,1,0,0,1
"POINT (7.160912837000069 51.424653625000076)",Unfall 178397 (2024) Kat:3, Licht: 1,178397,3,1,0,06,21,3,0,1,1,0,0,0,0,0
"POINT (7.191776022000056 51.449989911000046)",Unfall 178398 (2024) Kat:3, Licht: 0,178398,3,6,0,06,15,3,0,0,1,1,0,0,0,0
"POINT (7.215570689000060 51.483465847000048)",Unfall 178477 (2024) Kat:3, Licht: 0,178477,3,1,0,06,18,2,0,0,1,0,0,0,0,0
"POINT (7.241600699000060 51.488234929000043)",Unfall 178478 (2024) Kat:3, Licht: 0,178478,3,3,5,06,05,2,0,0,1,1,0,0,0,0
"POINT (7.306876103000036 51.484311592000040)",Unfall 178641 (2024) Kat:3, Licht: 0,178641,3,3,5,06,20,6,0,0,1,1,0,0,0,0
"POINT (7.275730044000056 51.466943341000047)",Unfall 178642 (2024) Kat:3, Licht: 0,178642,3,2,3,06,15,6,0,0,1,1,0,0,0,0
"POINT (7.209364784000059 51.487726086000066)",Unfall 178643 (2024) Kat:3, Licht: 0,178643,3,4,6,06,13,6,0,0,0,1,1,0,0,0
"POINT (7.238538648000031 51.480625239000062)",Unfall 178728 (2024) Kat:3, Licht: 0,178728,3,6,4,06,14,5,0,0,1,1,0,0,0,0
"POINT (7.271940941000025 51.492788992000044)",Unfall 178809 (2024) Kat:3, Licht: 0,178809,3,5,1,06,11,4,0,0,1,1,0,0,0,0
"POINT (7.225009112000066 51.436223276000078)",Unfall 178988 (2024) Kat:3, Licht: 0,178988,3,3,5,06,10,2,1,0,0,1,0,1,0,0
"POINT (7.201202918000035 51.446442679000029)",Unfall 179044 (2024) Kat:1, Licht: 2,179044,1,1,0,06,23,1,0,2,1,0,0,0,0,0
"POINT (7.257143190000022 51.468981893000034)",Unfall 179103 (2024) Kat:3, Licht: 1,179103,3,5,1,06,05,7,1,1,0,1,0,0,0,1
"POINT (7.147032988000035 51.480013432000078)",Unfall 179179 (2024) Kat:3, Licht: 0,179179,3,6,3,06,16,6,1,0,1,1,0,0,0,0
"POINT (7.190050045000021 51.491528732000063)",Unfall 179180 (2024) Kat:3, Licht: 1,179180,3,7,1,06,05,6,0,1,0,1,0,0,0,0
"POINT (7.256596630000047 51.464628463000054)",Unfall 179452 (2024) Kat:2, Licht: 0,179452,2,1,1,06,18,3,0,0,1,1,0,0,0,0
"POINT (7.329598596000039 51.485787874000039)",Unfall 179516 (2024) Kat:3, Licht: 0,179516,3,1,0,06,12,2,0,0,0,0,0,0,0,1
"POINT (7.142130675000033 51.459717823000062)",Unfall 179517 (2024) Kat:3, Licht: 1,179517,3,3,5,06,21,2,0,1,1,1,0,0,0,0
"POINT (7.161576289000038 51.424343989000079)",Unfall 179559 (2024) Kat:2, Licht: 0,179559,2,1,0,06,10,1,0,0,1,0,0,0,0,0
"POINT (7.206381257000032 51.417810679000070)",Unfall 179635 (2024) Kat:3, Licht: 0,179635,3,1,8,07,10,1,0,0,1,0,0,0,0,0
"POINT (7.158005487000025 51.436437691000037)",Unfall 179636 (2024) Kat:3, Licht: 2,179636,3,1,9,07,03,1,0,2,0,1,0,0,0,0
"POINT (7.241278624000074 51.466839114000038)",Unfall 179679 (2024) Kat:3, Licht: 2,179679,3,7,1,07,21,7,0,2,0,1,0,0,0,1
"POINT (7.161761062000039 51.479257413000028)",Unfall 179680 (2024) Kat:3, Licht: 0,179680,3,3,5,07,07,7,0,0,0,1,0,0,0,0
"POINT (7.231886314000064 51.474836631000073)",Unfall 179857 (2024) Kat:3, Licht: 0,179857,3,5,1,07,18,4,1,0,0,1,0,0,0,0
"POINT (7.281078920000027 51.496592917000044)",Unfall 180014 (2024) Kat:3, Licht: 0,180014,3,3,5,07,17,1,0,0,0,1,0,0,0,0
"POINT (7.140436881000028 51.473984164000058)",Unfall 180150 (2024) Kat:3, Licht: 0,180150,3,3,5,07,16,6,0,0,0,1,0,0,0,1
"POINT (7.318096222000065 51.458331134000048)",Unfall 180225 (2024) Kat:3, Licht: 0,180225,3,1,3,07,11,5,1,0,0,1,0,0,0,1
"POINT (7.159836650000045 51.426437807000070)",Unfall 180228 (2024) Kat:3, Licht: 0,180228,3,3,5,07,11,5,0,0,0,1,0,0,0,1
"POINT (7.146153006000077 51.480079232000037)",Unfall 180229 (2024) Kat:3, Licht: 2,180229,3,5,1,07,22,5,0,2,1,1,0,0,0,0
"POINT (7.217182182000045 51.484125697000081)",Unfall 180300 (2024) Kat:3, Licht: 0,180300,3,2,5,07,10,4,0,0,1,1,0,0,0,0
"POINT (7.270438483000021 51.458918460000064)",Unfall 180489 (2024) Kat:3, Licht: 0,180489,3,5,1,07,17,2,0,0,0,1,0,0,0,0
"POINT (7.161889027000029 51.440108234000036)",Unfall 180490 (2024) Kat:3, Licht: 0,180490,3,3,5,07,10,2,0,0,0,1,0,0,0,1
"POINT (7.150432554000076 51.465573741000071)",Unfall 180491 (2024) Kat:3, Licht: 0,180491,3,6,6,07,14,2,0,0,0,1,1,0,0,0
"POINT (7.338646238000024 51.457772189000082)",Unfall 180650 (2024) Kat:3, Licht: 0,180650,3,1,9,08,16,5,1,0,0,1,0,0,0,0
"POINT (7.204485758000033 51.508407704000035)",Unfall 180703 (2024) Kat:2, Licht: 0,180703,2,7,5,07,14,4,1,0,0,1,0,1,0,0
"POINT (7.260802872000056 51.441938161000053)",Unfall 180769 (2024) Kat:3, Licht: 0,180769,3,2,5,07,15,3,0,0,1,1,0,0,0,0
"POINT (7.142303949000052 51.426726292000069)",Unfall 180770 (2024) Kat:3, Licht: 0,180770,3,7,0,07,15,3,0,0,1,0,0,0,0,1
"POINT (7.214293279000060 51.478555432000064)",Unfall 180989 (2024) Kat:2, Licht: 0,180989,2,6,6,07,14,6,0,0,0,0,1,0,0,1
"POINT (7.306239678000054 51.464921379000032)",Unfall 181104 (2024) Kat:3, Licht: 0,181104,3,7,0,07,15,4,0,0,0,1,0,0,0,0
"POINT (7.221273057000076 51.481884819000072)",Unfall 181105 (2024) Kat:3, Licht: 0,181105,3,3,5,07,15,4,0,0,0,1,0,0,0,1
"POINT (7.193670882000049 51.506075675000034)",Unfall 181165 (2024) Kat:3, Licht: 0,181165,3,4,6,07,11,3,1,0,0,1,1,0,0,0
"POINT (7.201896555000076 51.508120035000047)",Unfall 181166 (2024) Kat:3, Licht: 0,181166,3,6,2,07,16,3,0,0,0,1,0,0,0,0
"POINT (7.163763312000071 51.503497193000044)",Unfall 181228 (2024) Kat:3, Licht: 0,181228,3,5,1,07,15,2,0,0,1,1,0,0,0,0
"POINT (7.256640751000020 51.500516605000030)",Unfall 181229 (2024) Kat:3, Licht: 0,181229,3,3,0,07,16,2,0,0,0,1,0,1,0,0
"POINT (7.214785521000067 51.471187625000027)",Unfall 181335 (2024) Kat:3, Licht: 0,181335,3,5,1,07,10,7,0,0,1,1,0,0,0,0
"POINT (7.194561385000043 51.475301685000034)",Unfall 181336 (2024) Kat:3, Licht: 0,181336,3,1,9,07,11,7,0,0,1,0,0,0,0,0
"POINT (7.130770019000067 51.479984848000072)",Unfall 181464 (2024) Kat:3, Licht: 0,181464,3,7,5,07,16,5,0,0,1,1,0,0,0,0
"POINT (7.189829339000028 51.493207453000082)",Unfall 181784 (2024) Kat:3, Licht: 0,181784,3,4,6,08,17,6,0,0,0,1,1,0,0,0
"POINT (7.140833037000050 51.482629801000030)",Unfall 181955 (2024) Kat:3, Licht: 0,181955,3,7,1,08,12,3,0,0,0,1,0,0,0,0
"POINT (7.221157478000066 51.481810462000055)",Unfall 182024 (2024) Kat:3, Licht: 0,182024,3,3,5,08,12,2,0,0,0,1,0,0,0,0
"POINT (7.344453134000048 51.464096530000063)",Unfall 182195 (2024) Kat:3, Licht: 0,182195,3,1,0,08,14,6,1,0,1,0,0,0,0,0
"POINT (7.145364588000064 51.500345749000076)",Unfall 182384 (2024) Kat:3, Licht: 0,182384,3,2,5,08,07,3,0,0,0,1,0,0,0,0
"POINT (7.214108789000022 51.450869074000082)",Unfall 182497 (2024) Kat:3, Licht: 0,182497,3,1,8,08,16,1,0,0,1,0,0,0,0,0
"POINT (7.307777205000036 51.460480083000050)",Unfall 182626 (2024) Kat:3, Licht: 0,182626,3,6,3,08,15,6,0,0,0,1,0,0,1,0
"POINT (7.160819924000066 51.424920935000046)",Unfall 182627 (2024) Kat:3, Licht: 0,182627,3,6,0,08,17,6,0,0,1,1,0,0,0,0
"POINT (7.263947984000026 51.453104891000066)",Unfall 182815 (2024) Kat:3, Licht: 0,182815,3,6,4,08,11,6,0,0,0,1,0,0,0,0
"POINT (7.203847997000025 51.508317719000047)",Unfall 182883 (2024) Kat:3, Licht: 0,182883,3,2,5,08,17,5,0,0,1,1,0,0,0,0
"POINT (7.221494047000022 51.472650433000069)",Unfall 183166 (2024) Kat:3, Licht: 1,183166,3,1,8,08,20,7,0,1,1,0,0,0,0,0
"POINT (7.244907881000074 51.484069630000079)",Unfall 183173 (2024) Kat:2, Licht: 0,183173,2,3,5,08,17,1,0,0,0,1,0,0,0,0
"POINT (7.118290968000053 51.471493920000057)",Unfall 183248 (2024) Kat:3, Licht: 0,183248,3,3,0,08,10,7,1,0,0,1,0,1,0,0
"POINT (7.203696889000071 51.463156434000041)",Unfall 183429 (2024) Kat:3, Licht: 0,183429,3,3,5,08,07,5,0,0,1,1,0,0,0,0
"POINT (7.216615448000027 51.481938063000030)",Unfall 183510 (2024) Kat:3, Licht: 0,183510,3,4,4,08,17,4,0,0,1,0,1,0,0,0
"POINT (7.287654188000033 51.494841080000072)",Unfall 183602 (2024) Kat:3, Licht: 2,183602,3,3,5,08,20,3,0,2,0,1,0,0,0,0
"POINT (7.269177274000072 51.468383678000066)",Unfall 183603 (2024) Kat:3, Licht: 0,183603,3,7,2,08,13,3,0,0,0,1,0,0,0,0
"POINT (7.232885372000055 51.453312498000059)",Unfall 183696 (2024) Kat:3, Licht: 0,183696,3,5,1,08,17,2,0,0,0,1,0,0,0,0
"POINT (7.170805301000030 51.485192367000082)",Unfall 183697 (2024) Kat:3, Licht: 0,183697,3,1,1,08,14,2,0,0,0,1,0,1,0,0
"POINT (7.194072704000064 51.502019077000057)",Unfall 183698 (2024) Kat:3, Licht: 0,183698,3,6,2,08,17,2,0,0,0,1,0,1,0,0
"POINT (7.173907983000049 51.500780393000070)",Unfall 183707 (2024) Kat:3, Licht: 0,183707,3,3,5,08,09,3,0,0,1,1,0,0,0,0
"POINT (7.247955219000062 51.505919841000036)",Unfall 183770 (2024) Kat:3, Licht: 0,183770,3,3,5,09,09,7,0,0,1,1,0,0,0,0
"POINT (7.139795421000031 51.475277341000037)",Unfall 183884 (2024) Kat:3, Licht: 0,183884,3,2,3,09,12,5,0,0,0,1,0,0,0,1
"POINT (7.246577002000038 51.457861942000079)",Unfall 184007 (2024) Kat:3, Licht: 0,184007,3,5,1,09,13,3,0,0,1,1,0,0,0,0
"POINT (7.151083315000051 51.459659376000047)",Unfall 184008 (2024) Kat:3, Licht: 0,184008,3,4,6,09,13,3,0,0,1,0,1,0,0,0
"POINT (7.300063294000040 51.475088232000076)",Unfall 184089 (2024) Kat:3, Licht: 2,184089,3,3,5,09,21,2,1,2,0,1,0,0,0,0
"POINT (7.305767333000063 51.467801333000068)",Unfall 184090 (2024) Kat:1, Licht: 0,184090,1,7,6,09,12,2,0,0,0,0,1,0,0,1
"POINT (7.214195434000032 51.477788399000076)",Unfall 184091 (2024) Kat:3, Licht: 2,184091,3,6,6,09,21,2,1,2,0,0,1,0,0,1
"POINT (7.214390859000048 51.486059042000079)",Unfall 184092 (2024) Kat:2, Licht: 0,184092,2,5,1,09,12,2,0,0,1,1,0,0,0,0
"POINT (7.235537685000054 51.425664804000064)",Unfall 184209 (2024) Kat:3, Licht: 0,184209,3,6,4,09,11,7,0,0,1,1,0,0,0,0
"POINT (7.184605679000072 51.491553876000069)",Unfall 184441 (2024) Kat:3, Licht: 2,184441,3,3,5,09,21,4,0,2,0,1,0,0,0,1
"POINT (7.270029145000024 51.457875512000044)",Unfall 184962 (2024) Kat:3, Licht: 0,184962,3,6,0,09,15,5,1,0,1,1,0,0,0,0
"POINT (7.230712118000042 51.488199344000066)",Unfall 184963 (2024) Kat:2, Licht: 0,184963,2,7,6,09,17,5,1,0,0,1,1,0,0,0
"POINT (7.205322808000062 51.498664923000035)",Unfall 185041 (2024) Kat:2, Licht: 0,185041,2,3,5,09,08,4,0,0,0,1,0,1,0,0
"POINT (7.140810969000029 51.474028487000055)",Unfall 185101 (2024) Kat:3, Licht: 0,185101,3,3,5,09,11,3,0,0,0,1,0,0,0,0
"POINT (7.137391731000037 51.480393523000032)",Unfall 185102 (2024) Kat:3, Licht: 0,185102,3,6,6,09,13,3,0,0,1,0,1,0,0,0
"POINT (7.231278389000067 51.466236941000034)",Unfall 185173 (2024) Kat:3, Licht: 0,185173,3,4,6,09,08,2,0,0,0,1,1,0,0,0
"POINT (7.226202052000076 51.477952669000047)",Unfall 185174 (2024) Kat:3, Licht: 0,185174,3,3,5,09,17,2,1,0,0,0,0,1,0,1
"POINT (7.185782598000060 51.437693160000038)",Unfall 185319 (2024) Kat:3, Licht: 0,185319,3,1,0,09,19,7,0,0,0,0,0,0,0,1
"POINT (7.225012203000063 51.436241874000075)",Unfall 185584 (2024) Kat:3, Licht: 0,185584,3,3,5,09,11,4,0,0,0,1,0,0,0,0
"POINT (7.296836007000024 51.468517507000058)",Unfall 185743 (2024) Kat:3, Licht: 2,185743,3,2,6,09,19,6,1,2,0,1,1,0,0,0
"POINT (7.182811760000050 51.486681235000049)",Unfall 185853 (2024) Kat:2, Licht: 2,185853,2,1,0,10,04,4,0,2,1,0,0,0,0,0
"POINT (7.274850173000061 51.460112484000035)",Unfall 185891 (2024) Kat:3, Licht: 1,185891,3,5,1,10,07,3,1,1,0,1,0,0,1,0
"POINT (7.210639333000074 51.453130280000039)",Unfall 185892 (2024) Kat:3, Licht: 0,185892,3,7,0,10,13,3,0,0,0,1,0,0,0,1
"POINT (7.278419079000059 51.516279548000057)",Unfall 185893 (2024) Kat:2, Licht: 0,185893,2,3,5,10,14,3,0,0,0,1,0,0,0,1
"POINT (7.210119271000053 51.479581580000058)",Unfall 185933 (2024) Kat:3, Licht: 2,185933,3,3,5,10,23,2,0,2,0,1,0,0,0,1
"POINT (7.273454438000044 51.452030307000030)",Unfall 185934 (2024) Kat:3, Licht: 2,185934,3,1,8,10,00,2,1,2,0,1,0,0,0,0
"POINT (7.232288565000033 51.492943579000041)",Unfall 185960 (2024) Kat:3, Licht: 2,185960,3,6,2,10,02,1,1,2,0,1,0,1,0,0
"POINT (7.326638646000049 51.477406542000040)",Unfall 186143 (2024) Kat:3, Licht: 0,186143,3,5,5,10,16,5,1,0,1,1,0,0,0,0
"POINT (7.190452080000057 51.456035371000041)",Unfall 186144 (2024) Kat:3, Licht: 1,186144,3,3,5,10,07,5,0,1,1,1,0,0,0,0
"POINT (7.169046213000058 51.419388102000028)",Unfall 186211 (2024) Kat:3, Licht: 0,186211,3,6,4,10,13,4,0,0,0,1,0,0,0,0
"POINT (7.132396957000026 51.473174998000047)",Unfall 186392 (2024) Kat:3, Licht: 2,186392,3,1,8,10,00,2,0,2,0,1,0,0,0,0
"POINT (7.205816192000043 51.506397778000064)",Unfall 186394 (2024) Kat:3, Licht: 0,186394,3,3,5,10,14,2,0,0,1,1,0,0,0,0
"POINT (7.229314238000029 51.470511486000078)",Unfall 186459 (2024) Kat:3, Licht: 0,186459,3,5,1,10,10,7,0,0,1,1,0,0,0,0
"POINT (7.313234915000066 51.459554248000074)",Unfall 186705 (2024) Kat:3, Licht: 0,186705,3,6,2,10,17,3,1,0,0,1,0,0,0,0
"POINT (7.263257013000043 51.449712218000059)",Unfall 186710 (2024) Kat:3, Licht: 0,186710,3,1,8,10,14,3,1,0,0,1,0,0,0,0
"POINT (7.151642372000026 51.500136605000080)",Unfall 186711 (2024) Kat:3, Licht: 0,186711,3,1,4,10,09,3,1,0,0,1,0,0,1,0
"POINT (7.206592648000026 51.496852600000068)",Unfall 186801 (2024) Kat:3, Licht: 0,186801,3,6,2,09,13,2,0,0,0,1,0,0,0,0
"POINT (7.216680080000060 51.491966769000044)",Unfall 186802 (2024) Kat:3, Licht: 0,186802,3,3,5,09,09,2,0,0,0,1,0,0,0,0
"POINT (7.315467472000023 51.459086623000076)",Unfall 186854 (2024) Kat:3, Licht: 2,186854,3,6,2,11,16,3,0,2,0,1,0,0,0,0
"POINT (7.128392114000064 51.488840418000052)",Unfall 186860 (2024) Kat:3, Licht: 0,186860,3,2,6,11,07,3,0,0,0,1,1,0,0,0
"POINT (7.224904637000066 51.427967110000054)",Unfall 186927 (2024) Kat:3, Licht: 0,186927,3,3,5,11,08,2,0,0,0,1,0,0,0,0
"POINT (7.144760600000041 51.485220415000072)",Unfall 186928 (2024) Kat:3, Licht: 0,186928,3,7,1,11,14,2,0,0,0,1,0,0,0,1
"POINT (7.296787330000029 51.468873776000066)",Unfall 187146 (2024) Kat:3, Licht: 0,187146,3,2,2,10,15,4,1,0,0,1,0,0,0,0
"POINT (7.208857301000023 51.479121113000076)",Unfall 187197 (2024) Kat:3, Licht: 2,187197,3,3,5,11,18,6,1,2,0,1,0,0,0,0
"POINT (7.190361239000026 51.455706476000046)",Unfall 187238 (2024) Kat:3, Licht: 0,187238,3,1,0,10,10,3,1,0,0,0,0,1,0,0
"POINT (7.211357475000057 51.464573299000051)",Unfall 187304 (2024) Kat:3, Licht: 2,187304,3,4,6,10,19,2,0,2,0,1,1,0,0,0
"POINT (7.191442256000073 51.457281206000062)",Unfall 187368 (2024) Kat:2, Licht: 0,187368,2,1,0,10,15,7,1,0,1,0,0,0,0,0
"POINT (7.219488274000071 51.437847679000072)",Unfall 187663 (2024) Kat:2, Licht: 0,187663,2,1,0,10,16,2,1,0,0,0,0,1,0,0
"POINT (7.326253785000063 51.484547653000050)",Unfall 187690 (2024) Kat:3, Licht: 0,187690,3,7,5,10,14,1,1,0,0,1,0,0,0,0
"POINT (7.158545630000049 51.490189283000063)",Unfall 187738 (2024) Kat:3, Licht: 0,187738,3,1,0,10,17,7,1,0,0,0,0,0,0,1
"POINT (7.309340804000044 51.469703727000081)",Unfall 187786 (2024) Kat:3, Licht: 2,187786,3,5,1,11,06,6,1,2,0,1,0,0,0,0
"POINT (7.134422503000053 51.482621899000037)",Unfall 187808 (2024) Kat:3, Licht: 2,187808,3,1,0,10,01,6,0,2,0,0,0,0,0,1
"POINT (7.260482237000076 51.434224539000070)",Unfall 187897 (2024) Kat:3, Licht: 0,187897,3,6,4,11,13,7,0,0,0,1,0,0,0,0
"POINT (7.150955201000045 51.465244347000066)",Unfall 187958 (2024) Kat:3, Licht: 2,187958,3,7,6,11,18,6,1,2,0,1,1,0,0,0
"POINT (7.140439848000028 51.473984511000026)",Unfall 187959 (2024) Kat:3, Licht: 2,187959,3,2,6,11,17,6,1,2,0,1,1,0,0,0
"POINT (7.212485906000040 51.486604412000077)",Unfall 188075 (2024) Kat:2, Licht: 0,188075,2,5,3,11,08,4,1,0,1,1,0,0,0,0
"POINT (7.312641189000033 51.459669609000059)",Unfall 188141 (2024) Kat:3, Licht: 0,188141,3,6,0,11,07,3,1,0,0,1,0,0,1,0
"POINT (7.225004911000042 51.436198000000047)",Unfall 188145 (2024) Kat:3, Licht: 1,188145,3,5,1,11,16,3,1,1,0,1,0,0,0,0
"POINT (7.229938258000061 51.471767337000074)",Unfall 188211 (2024) Kat:3, Licht: 1,188211,3,3,5,11,07,2,1,1,1,1,0,0,0,0
"POINT (7.305089207000037 51.461185061000037)",Unfall 188231 (2024) Kat:3, Licht: 0,188231,3,6,3,11,15,1,0,0,0,1,0,0,0,0
"POINT (7.325851284000066 51.457502902000044)",Unfall 188232 (2024) Kat:3, Licht: 0,188232,3,1,8,11,09,1,1,0,0,1,0,0,0,0
"POINT (7.112072756000032 51.481353433000038)",Unfall 188264 (2024) Kat:3, Licht: 0,188264,3,4,6,11,15,7,0,0,0,1,1,0,0,0
"POINT (7.337492421000036 51.477156119000028)",Unfall 188399 (2024) Kat:3, Licht: 0,188399,3,3,5,11,12,5,1,0,0,1,0,0,0,0
"POINT (7.212022957000045 51.488583297000048)",Unfall 188458 (2024) Kat:3, Licht: 2,188458,3,4,6,11,18,4,1,2,0,1,1,0,0,0
"POINT (7.138103721000050 51.479629134000049)",Unfall 188603 (2024) Kat:3, Licht: 2,188603,3,7,6,11,18,2,0,2,0,1,1,0,0,0
"POINT (7.207599378000054 51.495553818000076)",Unfall 188715 (2024) Kat:2, Licht: 2,188715,2,4,6,11,17,6,0,2,0,1,1,0,0,0
"POINT (7.231054994000033 51.474052997000058)",Unfall 188787 (2024) Kat:3, Licht: 2,188787,3,6,2,11,20,5,0,2,0,1,0,0,0,0
"POINT (7.153035533000036 51.500382016000060)",Unfall 188788 (2024) Kat:3, Licht: 0,188788,3,6,4,11,15,5,0,0,1,0,0,0,0,0
"POINT (7.151370645000043 51.464928726000039)",Unfall 188789 (2024) Kat:3, Licht: 2,188789,3,2,5,11,06,5,1,2,1,1,0,0,0,0
"POINT (7.212759224000024 51.470439559000056)",Unfall 189006 (2024) Kat:3, Licht: 1,189006,3,5,1,12,07,5,0,1,1,1,0,0,0,0
"POINT (7.226537830000041 51.486886130000073)",Unfall 189007 (2024) Kat:3, Licht: 1,189007,3,2,0,12,07,5,0,1,0,1,1,0,0,0
"POINT (7.247215586000038 51.471611561000032)",Unfall 189105 (2024) Kat:3, Licht: 0,189105,3,6,6,12,09,3,0,0,0,0,1,0,0,1
"POINT (7.192119217000027 51.508148842000026)",Unfall 189173 (2024) Kat:3, Licht: 0,189173,3,1,0,12,15,2,1,0,0,0,0,1,0,0
"POINT (7.298911344000032 51.473633561000042)",Unfall 189267 (2024) Kat:2, Licht: 0,189267,2,3,5,12,09,6,1,0,0,1,0,0,0,0
"POINT (7.190067954000028 51.477315108000028)",Unfall 189268 (2024) Kat:3, Licht: 2,189268,3,7,6,12,23,6,1,2,0,0,1,0,0,1
"POINT (7.241232615000058 51.482851656000037)",Unfall 189269 (2024) Kat:3, Licht: 2,189269,3,1,8,12,01,6,1,2,0,1,0,0,0,0
"POINT (7.184364464000055 51.488080479000075)",Unfall 189270 (2024) Kat:3, Licht: 2,189270,3,1,4,12,20,6,1,2,0,1,0,0,0,0
"POINT (7.164366278000045 51.428435766000064)",Unfall 189540 (2024) Kat:3, Licht: 0,189540,3,7,6,12,09,2,1,0,0,1,1,0,0,0
"POINT (7.156935669000063 51.446814063000033)",Unfall 189748 (2024) Kat:3, Licht: 0,189748,3,1,1,12,15,2,0,0,1,1,0,0,0,0
"POINT (7.295272418000025 51.468966918000035)",Unfall 189830 (2024) Kat:3, Licht: 2,189830,3,2,5,11,17,4,1,2,1,1,0,0,0,0
"POINT (7.267868686000043 51.509917884000060)",Unfall 189831 (2024) Kat:3, Licht: 0,189831,3,3,5,11,13,4,1,0,0,1,0,0,0,0
"POINT (7.161408126000026 51.488776432000066)",Unfall 189832 (2024) Kat:3, Licht: 0,189832,3,2,5,11,11,4,0,0,0,1,0,0,0,1
"POINT (7.215791021000030 51.449684478000052)",Unfall 189897 (2024) Kat:3, Licht: 2,189897,3,4,6,12,07,2,1,2,0,1,1,0,0,0
"POINT (7.147860097000034 51.494301695000047)",Unfall 189905 (2024) Kat:3, Licht: 2,189905,3,7,0,11,17,3,0,2,0,1,0,0,0,0
"POINT (7.221700031000069 51.480368489000057)",Unfall 189906 (2024) Kat:3, Licht: 0,189906,3,5,0,11,13,3,0,0,0,1,0,0,0,1
"POINT (7.206800910000027 51.475304201000029)",Unfall 189907 (2024) Kat:2, Licht: 0,189907,2,6,2,11,11,3,0,0,1,1,0,0,0,0
"POINT (7.225279089000026 51.446793828000068)",Unfall 190392 (2024) Kat:3, Licht: 0,190392,3,5,1,12,11,7,1,0,0,1,0,0,0,0
"POINT (7.310234205000029 51.472146545000044)",Unfall 190393 (2024) Kat:3, Licht: 1,190393,3,7,6,12,19,7,0,1,0,1,1,0,0,0
"POINT (7.211076098000035 51.466447358000039)",Unfall 190468 (2024) Kat:3, Licht: 1,190468,3,3,5,12,16,4,1,1,0,1,0,0,0,0
"POINT (7.263732995000055 51.505371786000069)",Unfall 190493 (2024) Kat:2, Licht: 2,190493,2,7,0,12,20,3,1,2,0,1,0,0,0,0
"POINT (7.276577148000058 51.475258398000051)",Unfall 190605 (2024) Kat:2, Licht: 2,190605,2,4,6,12,23,7,1,2,0,1,1,0,0,0
"POINT (7.262023736000060 51.457278578000057)",Unfall 190674 (2024) Kat:3, Licht: 2,190674,3,7,6,12,16,6,0,2,0,0,1,0,0,1
"POINT (7.318847913000070 51.459624782000049)",Unfall 190863 (2024) Kat:3, Licht: 0,190863,3,6,2,12,08,3,1,0,0,1,0,0,0,0
"POINT (7.219680826000058 51.482632782000053)",Unfall 190953 (2024) Kat:3, Licht: 2,190953,3,2,5,12,17,7,1,2,1,1,0,0,0,0
"POINT (7.315924842000072 51.458992572000056)",Unfall 190974 (2024) Kat:3, Licht: 2,190974,3,6,2,12,20,1,1,2,0,1,0,0,0,0
"POINT (7.262858947000041 51.525347819000046)",Unfall 262953 (2024) Kat:3, Licht: 2,262953,3,6,6,02,17,6,0,2,1,0,1,0,0,0
"POINT (7.255106692000027 51.421065598000041)",Unfall 263229 (2024) Kat:3, Licht: 0,263229,3,7,5,05,19,7,0,0,1,1,0,0,0,0
"POINT (7.172073675000036 51.493421598000054)",Unfall 263420 (2024) Kat:3, Licht: 0,263420,3,3,5,06,15,7,0,0,1,1,0,0,0,0
"POINT (7.221209392000048 51.458388188000072)",Unfall 263442 (2024) Kat:3, Licht: 0,263442,3,6,4,06,10,3,0,0,1,0,0,0,0,0
"POINT (7.210743913000044 51.450559516000055)",Unfall 263496 (2024) Kat:3, Licht: 0,263496,3,6,6,07,17,4,0,0,1,0,1,0,0,0
"POINT (7.259225652000055 51.422970521000082)",Unfall 263560 (2024) Kat:3, Licht: 0,263560,3,6,3,07,14,2,0,0,1,0,0,0,0,0
"POINT (7.247034555000027 51.414047750000066)",Unfall 263674 (2024) Kat:2, Licht: 0,263674,2,6,3,08,13,6,0,0,1,0,0,0,0,0
"POINT (7.340890300000069 51.479498589000059)",Unfall 263739 (2024) Kat:2, Licht: 0,263739,2,6,3,08,17,2,0,0,1,0,0,0,0,0
"POINT (7.149874999000076 51.465679539000064)",Unfall 263955 (2024) Kat:3, Licht: 1,263955,3,1,0,09,21,1,0,1,1,0,0,0,0,0